采样日期,点位名称,采样经度,采样纬度,pH值,溶解氧,电导率,浑浊度,氨氮,耗氧量
2021/06/21 00:00:00,白洋湾金墅水源地1,120.3813,31.3749,8.1,6.85,452.0,12.0,0.06,2.87
2021/06/21 06:00:00,白洋湾金墅水源地1,120.3813,31.3749,8.1,6.79,454.0,12.0,0.06,2.81
2021/06/21 12:00:00,白洋湾金墅水源地1,120.3813,31.3749,8.1,6.74,455.0,12.0,0.06,2.76
2021/06/21 18:00:00,白洋湾金墅水源地1,120.3813,31.3749,8.1,6.69,457.0,12.0,0.06,2.71
2021/06/22 00:00:00,白洋湾金墅水源地1,120.3813,31.3749,8.1,6.65,458.0,12.0,0.06,2.66
2021/06/22 06:00:00,白洋湾金墅水源地1,120.3813,31.3749,8.1,6.6,460.0,12.0,0.07,2.62
2021/06/22 12:00:00,白洋湾金墅水源地1,120.3813,31.3749,8.1,6.56,461.0,12.0,0.07,2.58
2021/06/22 18:00:00,白洋湾金墅水源地1,120.3813,31.3749,8.1,6.53,462.0,12.0,0.07,2.54
2021/06/23 00:00:00,白洋湾金墅水源地1,120.3813,31.3749,8.2,6.49,463.0,12.0,0.07,2.51
2021/06/23 06:00:00,白洋湾金墅水源地1,120.3813,31.3749,8.2,6.46,464.0,12.0,0.07,2.48
2021/06/23 12:00:00,白洋湾金墅水源地1,120.3813,31.3749,8.2,6.43,464.0,12.0,0.07,2.46
2021/06/23 18:00:00,白洋湾金墅水源地1,120.3813,31.3749,8.2,6.4,465.0,12.0,0.07,2.43
2021/06/24 00:00:00,白洋湾金墅水源地1,120.3813,31.3749,8.2,6.38,465.0,13.0,0.07,2.42
2021/06/24 06:00:00,白洋湾金墅水源地1,120.3813,31.3749,8.2,6.36,466.0,13.0,0.07,2.4
2021/06/24 12:00:00,白洋湾金墅水源地1,120.3813,31.3749,8.2,6.34,466.0,13.0,0.07,2.39
2021/06/24 18:00:00,白洋湾金墅水源地1,120.3813,31.3749,8.2,6.32,467.0,13.0,0.07,2.38
2021/06/25 00:00:00,白洋湾金墅水源地1,120.3813,31.3749,8.2,6.3,467.0,13.0,0.07,2.37
2021/06/25 06:00:00,白洋湾金墅水源地1,120.3813,31.3749,8.2,6.29,467.0,14.0,0.07,2.36
2021/06/25 12:00:00,白洋湾金墅水源地1,120.3813,31.3749,8.2,6.27,467.0,14.0,0.07,2.36
2021/06/25 18:00:00,白洋湾金墅水源地1,120.3813,31.3749,8.2,6.26,467.0,14.0,0.07,2.36
2021/06/26 00:00:00,白洋湾金墅水源地1,120.3813,31.3749,8.2,6.25,467.0,14.0,0.07,2.36
2021/06/26 06:00:00,白洋湾金墅水源地1,120.3813,31.3749,8.2,6.24,467.0,15.0,0.07,2.36
2021/06/26 12:00:00,白洋湾金墅水源地1,120.3813,31.3749,8.2,6.24,466.0,15.0,0.07,2.36
2021/06/26 18:00:00,白洋湾金墅水源地1,120.3813,31.3749,8.2,6.23,466.0,15.0,0.07,2.37
2021/06/27 00:00:00,白洋湾金墅水源地1,120.3813,31.3749,8.2,6.23,466.0,15.0,0.07,2.38
2021/06/27 06:00:00,白洋湾金墅水源地1,120.3813,31.3749,8.2,6.22,466.0,16.0,0.07,2.39
2021/06/27 12:00:00,白洋湾金墅水源地1,120.3813,31.3749,8.2,6.22,465.0,16.0,0.07,2.4
2021/06/27 18:00:00,白洋湾金墅水源地1,120.3813,31.3749,8.2,6.22,465.0,16.0,0.07,2.41
2021/06/28 00:00:00,白洋湾金墅水源地1,120.3813,31.3749,8.2,6.22,465.0,17.0,0.07,2.42
2021/06/28 06:00:00,白洋湾金墅水源地1,120.3813,31.3749,8.2,6.22,464.0,17.0,0.07,2.44
2021/06/28 12:00:00,白洋湾金墅水源地1,120.3813,31.3749,8.2,6.22,464.0,17.0,0.06,2.45
2021/06/28 18:00:00,白洋湾金墅水源地1,120.3813,31.3749,8.2,6.22,463.0,18.0,0.06,2.47
2021/06/29 00:00:00,白洋湾金墅水源地1,120.3813,31.3749,8.2,6.22,463.0,18.0,0.06,2.49
2021/06/29 06:00:00,白洋湾金墅水源地1,120.3813,31.3749,8.2,6.22,462.0,18.0,0.06,2.5
2021/06/29 12:00:00,白洋湾金墅水源地1,120.3813,31.3749,8.2,6.23,462.0,18.0,0.06,2.52
2021/06/29 18:00:00,白洋湾金墅水源地1,120.3813,31.3749,8.3,6.23,461.0,19.0,0.06,2.54
2021/06/30 00:00:00,白洋湾金墅水源地1,120.3813,31.3749,8.3,6.23,461.0,19.0,0.06,2.56
2021/06/30 06:00:00,白洋湾金墅水源地1,120.3813,31.3749,8.3,6.23,460.0,19.0,0.06,2.58
2021/06/30 12:00:00,白洋湾金墅水源地1,120.3813,31.3749,8.3,6.23,460.0,20.0,0.06,2.6
2021/06/30 18:00:00,白洋湾金墅水源地1,120.3813,31.3749,8.3,6.24,459.0,20.0,0.06,2.62
2021/07/01 00:00:00,白洋湾金墅水源地1,120.3813,31.3749,8.3,6.24,459.0,20.0,0.06,2.63
2021/07/01 06:00:00,白洋湾金墅水源地1,120.3813,31.3749,8.3,6.24,459.0,21.0,0.06,2.65
2021/07/01 12:00:00,白洋湾金墅水源地1,120.3813,31.3749,8.3,6.24,458.0,21.0,0.06,2.67
2021/07/01 18:00:00,白洋湾金墅水源地1,120.3813,31.3749,8.3,6.24,458.0,21.0,0.06,2.69
2021/07/02 00:00:00,白洋湾金墅水源地1,120.3813,31.3749,8.3,6.24,458.0,21.0,0.06,2.7
2021/07/02 06:00:00,白洋湾金墅水源地1,120.3813,31.3749,8.3,6.24,457.0,22.0,0.06,2.72
2021/07/02 12:00:00,白洋湾金墅水源地1,120.3813,31.3749,8.3,6.24,457.0,22.0,0.06,2.74
2021/07/02 18:00:00,白洋湾金墅水源地1,120.3813,31.3749,8.3,6.23,457.0,22.0,0.06,2.75
2021/07/03 00:00:00,白洋湾金墅水源地1,120.3813,31.3749,8.3,6.23,457.0,22.0,0.05,2.77
2021/07/03 06:00:00,白洋湾金墅水源地1,120.3813,31.3749,8.3,6.23,457.0,23.0,0.05,2.78
2021/07/03 12:00:00,白洋湾金墅水源地1,120.3813,31.3749,8.3,6.22,457.0,23.0,0.05,2.79
2021/07/03 18:00:00,白洋湾金墅水源地1,120.3813,31.3749,8.3,6.22,457.0,23.0,0.05,2.81
2021/07/04 00:00:00,白洋湾金墅水源地1,120.3813,31.3749,8.3,6.22,457.0,23.0,0.05,2.82
2021/07/04 06:00:00,白洋湾金墅水源地1,120.3813,31.3749,8.3,6.21,457.0,23.0,0.05,2.83
2021/07/04 12:00:00,白洋湾金墅水源地1,120.3813,31.3749,8.3,6.21,457.0,24.0,0.05,2.85
2021/07/04 18:00:00,白洋湾金墅水源地1,120.3813,31.3749,8.3,6.2,457.0,24.0,0.05,2.86
2021/07/05 00:00:00,白洋湾金墅水源地1,120.3813,31.3749,8.3,6.2,457.0,24.0,0.05,2.87
2021/07/05 06:00:00,白洋湾金墅水源地1,120.3813,31.3749,8.3,6.19,457.0,24.0,0.05,2.88
2021/07/05 12:00:00,白洋湾金墅水源地1,120.3813,31.3749,8.3,6.19,457.0,24.0,0.05,2.89
2021/07/05 18:00:00,白洋湾金墅水源地1,120.3813,31.3749,8.3,6.18,457.0,24.0,0.05,2.9
2021/07/06 00:00:00,白洋湾金墅水源地1,120.3813,31.3749,8.3,6.18,457.0,25.0,0.05,2.91
2021/07/06 06:00:00,白洋湾金墅水源地1,120.3813,31.3749,8.3,6.17,457.0,25.0,0.05,2.92
2021/07/06 12:00:00,白洋湾金墅水源地1,120.3813,31.3749,8.3,6.16,457.0,25.0,0.05,2.93
2021/07/06 18:00:00,白洋湾金墅水源地1,120.3813,31.3749,8.3,6.16,457.0,25.0,0.05,2.94
2021/07/07 00:00:00,白洋湾金墅水源地1,120.3813,31.3749,8.3,6.15,457.0,25.0,0.05,2.95
2021/07/07 06:00:00,白洋湾金墅水源地1,120.3813,31.3749,8.3,6.15,457.0,25.0,0.05,2.95
2021/07/07 12:00:00,白洋湾金墅水源地1,120.3813,31.3749,8.3,6.14,458.0,25.0,0.05,2.96
2021/07/07 18:00:00,白洋湾金墅水源地1,120.3813,31.3749,8.3,6.14,458.0,26.0,0.05,2.97
2021/07/08 00:00:00,白洋湾金墅水源地1,120.3813,31.3749,8.3,6.13,458.0,26.0,0.05,2.98
2021/07/08 06:00:00,白洋湾金墅水源地1,120.3813,31.3749,8.3,6.13,458.0,26.0,0.05,2.99
2021/07/08 12:00:00,白洋湾金墅水源地1,120.3813,31.3749,8.3,6.12,458.0,26.0,0.05,2.99
2021/07/08 18:00:00,白洋湾金墅水源地1,120.3813,31.3749,8.3,6.12,458.0,26.0,0.05,3.0
2021/07/09 00:00:00,白洋湾金墅水源地1,120.3813,31.3749,8.3,6.11,459.0,26.0,0.05,3.01
2021/07/09 06:00:00,白洋湾金墅水源地1,120.3813,31.3749,8.3,6.11,459.0,26.0,0.05,3.01
2021/07/09 12:00:00,白洋湾金墅水源地1,120.3813,31.3749,8.3,6.11,459.0,26.0,0.05,3.02
2021/07/09 18:00:00,白洋湾金墅水源地1,120.3813,31.3749,8.3,6.1,459.0,26.0,0.05,3.02
2021/07/10 00:00:00,白洋湾金墅水源地1,120.3813,31.3749,8.3,6.1,459.0,26.0,0.05,3.03
2021/07/10 06:00:00,白洋湾金墅水源地1,120.3813,31.3749,8.3,6.1,459.0,26.0,0.05,3.04
2021/07/10 12:00:00,白洋湾金墅水源地1,120.3813,31.3749,8.3,6.1,459.0,27.0,0.05,3.04
2021/07/10 18:00:00,白洋湾金墅水源地1,120.3813,31.3749,8.3,6.1,460.0,27.0,0.05,3.05
2021/07/11 00:00:00,白洋湾金墅水源地1,120.3813,31.3749,8.3,6.1,460.0,27.0,0.05,3.05
2021/07/11 06:00:00,白洋湾金墅水源地1,120.3813,31.3749,8.3,6.1,460.0,27.0,0.05,3.06
2021/07/11 12:00:00,白洋湾金墅水源地1,120.3813,31.3749,8.3,6.1,460.0,27.0,0.05,3.06
2021/07/11 18:00:00,白洋湾金墅水源地1,120.3813,31.3749,8.3,6.1,460.0,27.0,0.05,3.07
2021/07/12 00:00:00,白洋湾金墅水源地1,120.3813,31.3749,8.3,6.1,460.0,27.0,0.05,3.07
2021/07/12 06:00:00,白洋湾金墅水源地1,120.3813,31.3749,8.3,6.1,460.0,27.0,0.05,3.08
2021/07/12 12:00:00,白洋湾金墅水源地1,120.3813,31.3749,8.3,6.11,460.0,27.0,0.05,3.08
2021/07/12 18:00:00,白洋湾金墅水源地1,120.3813,31.3749,8.3,6.11,460.0,27.0,0.05,3.09
2021/07/13 00:00:00,白洋湾金墅水源地1,120.3813,31.3749,8.3,6.12,460.0,27.0,0.05,3.09
2021/07/13 06:00:00,白洋湾金墅水源地1,120.3813,31.3749,8.3,6.12,460.0,27.0,0.05,3.1
2021/07/13 12:00:00,白洋湾金墅水源地1,120.3813,31.3749,8.3,6.13,460.0,27.0,0.05,3.1
2021/07/13 18:00:00,白洋湾金墅水源地1,120.3813,31.3749,8.3,6.14,460.0,27.0,0.05,3.1
2021/07/14 00:00:00,白洋湾金墅水源地1,120.3813,31.3749,8.3,6.14,460.0,27.0,0.05,3.11
2021/07/14 06:00:00,白洋湾金墅水源地1,120.3813,31.3749,8.4,6.15,460.0,27.0,0.05,3.11
2021/07/14 12:00:00,白洋湾金墅水源地1,120.3813,31.3749,8.4,6.16,460.0,27.0,0.05,3.12
2021/07/14 18:00:00,白洋湾金墅水源地1,120.3813,31.3749,8.4,6.17,460.0,27.0,0.05,3.12
2021/07/15 00:00:00,白洋湾金墅水源地1,120.3813,31.3749,8.4,6.18,459.0,27.0,0.05,3.13
2021/07/15 06:00:00,白洋湾金墅水源地1,120.3813,31.3749,8.4,6.19,459.0,27.0,0.05,3.13
2021/07/15 12:00:00,白洋湾金墅水源地1,120.3813,31.3749,8.4,6.2,459.0,27.0,0.05,3.13
2021/07/15 18:00:00,白洋湾金墅水源地1,120.3813,31.3749,8.4,6.21,459.0,27.0,0.05,3.14
2021/07/16 00:00:00,白洋湾金墅水源地1,120.3813,31.3749,8.4,6.22,459.0,27.0,0.05,3.14
2021/07/16 06:00:00,白洋湾金墅水源地1,120.3813,31.3749,8.4,6.23,459.0,27.0,0.05,3.15
2021/07/16 12:00:00,白洋湾金墅水源地1,120.3813,31.3749,8.4,6.24,458.0,27.0,0.05,3.15
2021/07/16 18:00:00,白洋湾金墅水源地1,120.3813,31.3749,8.4,6.25,458.0,27.0,0.05,3.15
2021/07/17 00:00:00,白洋湾金墅水源地1,120.3813,31.3749,8.4,6.26,458.0,27.0,0.06,3.16
2021/07/17 06:00:00,白洋湾金墅水源地1,120.3813,31.3749,8.5,6.27,458.0,27.0,0.06,3.16
2021/07/17 12:00:00,白洋湾金墅水源地1,120.3813,31.3749,8.5,6.29,458.0,27.0,0.06,3.16
2021/07/17 18:00:00,白洋湾金墅水源地1,120.3813,31.3749,8.5,6.3,457.0,27.0,0.06,3.17
2021/07/18 00:00:00,白洋湾金墅水源地1,120.3813,31.3749,8.5,6.31,457.0,27.0,0.06,3.17
2021/07/18 06:00:00,白洋湾金墅水源地1,120.3813,31.3749,8.5,6.32,457.0,27.0,0.06,3.18
2021/07/18 12:00:00,白洋湾金墅水源地1,120.3813,31.3749,8.5,6.34,457.0,27.0,0.06,3.18
2021/07/18 18:00:00,白洋湾金墅水源地1,120.3813,31.3749,8.5,6.35,456.0,27.0,0.06,3.18
2021/07/19 00:00:00,白洋湾金墅水源地1,120.3813,31.3749,8.5,6.36,456.0,27.0,0.06,3.19
2021/07/19 06:00:00,白洋湾金墅水源地1,120.3813,31.3749,8.5,6.38,456.0,27.0,0.06,3.19
2021/07/19 12:00:00,白洋湾金墅水源地1,120.3813,31.3749,8.5,6.39,455.0,27.0,0.06,3.19
2021/07/19 18:00:00,白洋湾金墅水源地1,120.3813,31.3749,8.5,6.4,455.0,27.0,0.06,3.2
2021/07/20 00:00:00,白洋湾金墅水源地1,120.3813,31.3749,8.5,6.41,455.0,27.0,0.06,3.2
2021/07/20 06:00:00,白洋湾金墅水源地1,120.3813,31.3749,8.6,6.43,454.0,27.0,0.06,3.2
2021/07/20 12:00:00,白洋湾金墅水源地1,120.3813,31.3749,8.6,6.44,454.0,27.0,0.06,3.2
2021/07/20 18:00:00,白洋湾金墅水源地1,120.3813,31.3749,8.6,6.45,454.0,27.0,0.06,3.21
2021/07/21 00:00:00,白洋湾金墅水源地1,120.3813,31.3749,8.6,6.46,454.0,27.0,0.06,3.21
2021/07/21 06:00:00,白洋湾金墅水源地1,120.3813,31.3749,8.6,6.48,453.0,27.0,0.06,3.21
2021/07/21 12:00:00,白洋湾金墅水源地1,120.3813,31.3749,8.6,6.49,453.0,27.0,0.06,3.22
2021/07/21 18:00:00,白洋湾金墅水源地1,120.3813,31.3749,8.6,6.5,453.0,27.0,0.06,3.22
2021/07/22 00:00:00,白洋湾金墅水源地1,120.3813,31.3749,8.6,6.51,452.0,27.0,0.06,3.22
2021/07/22 06:00:00,白洋湾金墅水源地1,120.3813,31.3749,8.6,6.52,452.0,27.0,0.06,3.22
2021/07/22 12:00:00,白洋湾金墅水源地1,120.3813,31.3749,8.6,6.53,452.0,27.0,0.06,3.23
2021/07/22 18:00:00,白洋湾金墅水源地1,120.3813,31.3749,8.6,6.54,451.0,27.0,0.06,3.23
2021/07/23 00:00:00,白洋湾金墅水源地1,120.3813,31.3749,8.6,6.55,451.0,27.0,0.06,3.23
2021/07/23 06:00:00,白洋湾金墅水源地1,120.3813,31.3749,8.6,6.56,450.0,27.0,0.06,3.23
2021/07/23 12:00:00,白洋湾金墅水源地1,120.3813,31.3749,8.6,6.57,450.0,27.0,0.06,3.24
2021/07/23 18:00:00,白洋湾金墅水源地1,120.3813,31.3749,8.6,6.58,450.0,27.0,0.06,3.24
2021/07/24 00:00:00,白洋湾金墅水源地1,120.3813,31.3749,8.6,6.59,449.0,27.0,0.06,3.24
2021/07/24 06:00:00,白洋湾金墅水源地1,120.3813,31.3749,8.7,6.6,449.0,27.0,0.06,3.24
2021/07/24 12:00:00,白洋湾金墅水源地1,120.3813,31.3749,8.7,6.61,449.0,27.0,0.06,3.25
2021/07/24 18:00:00,白洋湾金墅水源地1,120.3813,31.3749,8.7,6.62,448.0,27.0,0.07,3.25
2021/07/25 00:00:00,白洋湾金墅水源地1,120.3813,31.3749,8.7,6.62,448.0,27.0,0.07,3.25
2021/07/25 06:00:00,白洋湾金墅水源地1,120.3813,31.3749,8.7,6.63,448.0,27.0,0.07,3.25
2021/07/25 12:00:00,白洋湾金墅水源地1,120.3813,31.3749,8.7,6.64,447.0,27.0,0.07,3.25
2021/07/25 18:00:00,白洋湾金墅水源地1,120.3813,31.3749,8.7,6.64,447.0,27.0,0.07,3.26
2021/07/26 00:00:00,白洋湾金墅水源地1,120.3813,31.3749,8.7,6.65,447.0,27.0,0.07,3.26
2021/07/26 06:00:00,白洋湾金墅水源地1,120.3813,31.3749,8.7,6.65,446.0,27.0,0.07,3.26
2021/07/26 12:00:00,白洋湾金墅水源地1,120.3813,31.3749,8.7,6.66,446.0,27.0,0.07,3.26
2021/07/26 18:00:00,白洋湾金墅水源地1,120.3813,31.3749,8.7,6.66,446.0,27.0,0.07,3.26
2021/07/27 00:00:00,白洋湾金墅水源地1,120.3813,31.3749,8.7,6.67,445.0,27.0,0.07,3.27
2021/07/27 06:00:00,白洋湾金墅水源地1,120.3813,31.3749,8.7,6.67,445.0,27.0,0.07,3.27
2021/07/27 12:00:00,白洋湾金墅水源地1,120.3813,31.3749,8.7,6.67,445.0,27.0,0.07,3.27
2021/07/27 18:00:00,白洋湾金墅水源地1,120.3813,31.3749,8.7,6.68,444.0,27.0,0.07,3.27
2021/07/28 00:00:00,白洋湾金墅水源地1,120.3813,31.3749,8.7,6.68,444.0,27.0,0.07,3.27
2021/07/28 06:00:00,白洋湾金墅水源地1,120.3813,31.3749,8.7,6.68,444.0,28.0,0.07,3.28
2021/07/28 12:00:00,白洋湾金墅水源地1,120.3813,31.3749,8.7,6.68,443.0,28.0,0.07,3.28
2021/07/28 18:00:00,白洋湾金墅水源地1,120.3813,31.3749,8.7,6.68,443.0,28.0,0.07,3.28
2021/07/29 00:00:00,白洋湾金墅水源地1,120.3813,31.3749,8.7,6.69,443.0,28.0,0.07,3.28
2021/07/29 06:00:00,白洋湾金墅水源地1,120.3813,31.3749,8.7,6.69,443.0,28.0,0.07,3.28
2021/07/29 12:00:00,白洋湾金墅水源地1,120.3813,31.3749,8.7,6.69,442.0,28.0,0.07,3.28
2021/07/29 18:00:00,白洋湾金墅水源地1,120.3813,31.3749,8.7,6.68,442.0,28.0,0.07,3.28
2021/07/30 00:00:00,白洋湾金墅水源地1,120.3813,31.3749,8.7,6.68,442.0,28.0,0.07,3.29
2021/07/30 06:00:00,白洋湾金墅水源地1,120.3813,31.3749,8.7,6.68,441.0,28.0,0.07,3.29
2021/07/30 12:00:00,白洋湾金墅水源地1,120.3813,31.3749,8.7,6.68,441.0,28.0,0.07,3.29
2021/07/30 18:00:00,白洋湾金墅水源地1,120.3813,31.3749,8.7,6.68,441.0,28.0,0.07,3.29
2021/07/31 00:00:00,白洋湾金墅水源地1,120.3813,31.3749,8.7,6.67,441.0,28.0,0.07,3.29
2021/07/31 06:00:00,白洋湾金墅水源地1,120.3813,31.3749,8.7,6.67,440.0,28.0,0.07,3.29
2021/07/31 12:00:00,白洋湾金墅水源地1,120.3813,31.3749,8.7,6.67,440.0,28.0,0.07,3.29
2021/07/31 18:00:00,白洋湾金墅水源地1,120.3813,31.3749,8.7,6.66,440.0,28.0,0.07,3.29
2021/08/01 00:00:00,白洋湾金墅水源地1,120.3813,31.3749,8.7,6.65,440.0,28.0,0.07,3.29
2021/08/01 06:00:00,白洋湾金墅水源地1,120.3813,31.3749,8.7,6.65,440.0,28.0,0.07,3.3
2021/08/01 12:00:00,白洋湾金墅水源地1,120.3813,31.3749,8.7,6.64,439.0,28.0,0.07,3.3
2021/08/01 18:00:00,白洋湾金墅水源地1,120.3813,31.3749,8.7,6.64,439.0,28.0,0.07,3.3
2021/08/02 00:00:00,白洋湾金墅水源地1,120.3813,31.3749,8.6,6.63,439.0,28.0,0.08,3.3
2021/08/02 06:00:00,白洋湾金墅水源地1,120.3813,31.3749,8.6,6.62,439.0,28.0,0.08,3.3
2021/08/02 12:00:00,白洋湾金墅水源地1,120.3813,31.3749,8.6,6.61,439.0,28.0,0.08,3.3
2021/08/02 18:00:00,白洋湾金墅水源地1,120.3813,31.3749,8.6,6.6,439.0,28.0,0.08,3.3
2021/08/03 00:00:00,白洋湾金墅水源地1,120.3813,31.3749,8.6,6.59,439.0,28.0,0.08,3.3
2021/08/03 06:00:00,白洋湾金墅水源地1,120.3813,31.3749,8.6,6.58,439.0,28.0,0.08,3.3
2021/08/03 12:00:00,白洋湾金墅水源地1,120.3813,31.3749,8.6,6.57,438.0,28.0,0.08,3.3
2021/08/03 18:00:00,白洋湾金墅水源地1,120.3813,31.3749,8.6,6.56,438.0,28.0,0.08,3.3
2021/08/04 00:00:00,白洋湾金墅水源地1,120.3813,31.3749,8.6,6.55,438.0,28.0,0.08,3.3
2021/08/04 06:00:00,白洋湾金墅水源地1,120.3813,31.3749,8.6,6.54,438.0,28.0,0.08,3.3
2021/08/04 12:00:00,白洋湾金墅水源地1,120.3813,31.3749,8.6,6.53,438.0,28.0,0.08,3.31
2021/08/04 18:00:00,白洋湾金墅水源地1,120.3813,31.3749,8.6,6.51,438.0,28.0,0.08,3.31
2021/08/05 00:00:00,白洋湾金墅水源地1,120.3813,31.3749,8.6,6.5,438.0,27.0,0.08,3.31
2021/08/05 06:00:00,白洋湾金墅水源地1,120.3813,31.3749,8.6,6.49,438.0,27.0,0.08,3.31
2021/08/05 12:00:00,白洋湾金墅水源地1,120.3813,31.3749,8.6,6.48,438.0,27.0,0.08,3.31
2021/08/05 18:00:00,白洋湾金墅水源地1,120.3813,31.3749,8.6,6.46,438.0,27.0,0.08,3.31
2021/08/06 00:00:00,白洋湾金墅水源地1,120.3813,31.3749,8.6,6.45,438.0,27.0,0.08,3.31
2021/08/06 06:00:00,白洋湾金墅水源地1,120.3813,31.3749,8.6,6.43,438.0,27.0,0.08,3.31
2021/08/06 12:00:00,白洋湾金墅水源地1,120.3813,31.3749,8.6,6.42,438.0,27.0,0.08,3.31
2021/08/06 18:00:00,白洋湾金墅水源地1,120.3813,31.3749,8.6,6.41,438.0,27.0,0.07,3.31
2021/08/07 00:00:00,白洋湾金墅水源地1,120.3813,31.3749,8.5,6.39,438.0,27.0,0.07,3.31
2021/08/07 06:00:00,白洋湾金墅水源地1,120.3813,31.3749,8.5,6.38,438.0,27.0,0.07,3.31
2021/08/07 12:00:00,白洋湾金墅水源地1,120.3813,31.3749,8.5,6.36,438.0,27.0,0.07,3.31
2021/08/07 18:00:00,白洋湾金墅水源地1,120.3813,31.3749,8.5,6.35,437.0,27.0,0.07,3.31
2021/08/08 00:00:00,白洋湾金墅水源地1,120.3813,31.3749,8.5,6.33,437.0,27.0,0.07,3.31
2021/08/08 06:00:00,白洋湾金墅水源地1,120.3813,31.3749,8.5,6.32,437.0,27.0,0.07,3.31
2021/08/08 12:00:00,白洋湾金墅水源地1,120.3813,31.3749,8.5,6.3,437.0,27.0,0.07,3.31
2021/08/08 18:00:00,白洋湾金墅水源地1,120.3813,31.3749,8.5,6.29,437.0,27.0,0.07,3.31
2021/08/09 00:00:00,白洋湾金墅水源地1,120.3813,31.3749,8.5,6.27,437.0,27.0,0.07,3.32
2021/08/09 06:00:00,白洋湾金墅水源地1,120.3813,31.3749,8.5,6.26,437.0,27.0,0.07,3.32
2021/08/09 12:00:00,白洋湾金墅水源地1,120.3813,31.3749,8.5,6.24,437.0,27.0,0.07,3.32
2021/08/09 18:00:00,白洋湾金墅水源地1,120.3813,31.3749,8.5,6.23,437.0,27.0,0.07,3.32
2021/08/10 00:00:00,白洋湾金墅水源地1,120.3813,31.3749,8.5,6.21,437.0,27.0,0.07,3.32
2021/08/10 06:00:00,白洋湾金墅水源地1,120.3813,31.3749,8.5,6.2,437.0,27.0,0.07,3.32
2021/08/10 12:00:00,白洋湾金墅水源地1,120.3813,31.3749,8.4,6.18,437.0,27.0,0.07,3.32
2021/08/10 18:00:00,白洋湾金墅水源地1,120.3813,31.3749,8.4,6.17,437.0,27.0,0.07,3.32
2021/08/11 00:00:00,白洋湾金墅水源地1,120.3813,31.3749,8.4,6.16,437.0,27.0,0.07,3.32
2021/08/11 06:00:00,白洋湾金墅水源地1,120.3813,31.3749,8.4,6.14,437.0,27.0,0.07,3.32
2021/08/11 12:00:00,白洋湾金墅水源地1,120.3813,31.3749,8.4,6.13,437.0,27.0,0.07,3.32
2021/08/11 18:00:00,白洋湾金墅水源地1,120.3813,31.3749,8.4,6.11,437.0,27.0,0.07,3.33
2021/08/12 00:00:00,白洋湾金墅水源地1,120.3813,31.3749,8.4,6.1,437.0,27.0,0.07,3.33
2021/08/12 06:00:00,白洋湾金墅水源地1,120.3813,31.3749,8.4,6.09,436.0,27.0,0.07,3.33
2021/08/12 12:00:00,白洋湾金墅水源地1,120.3813,31.3749,8.4,6.08,436.0,27.0,0.07,3.33
2021/08/12 18:00:00,白洋湾金墅水源地1,120.3813,31.3749,8.4,6.06,436.0,27.0,0.07,3.33
2021/08/13 00:00:00,白洋湾金墅水源地1,120.3813,31.3749,8.4,6.05,436.0,27.0,0.07,3.33
2021/08/13 06:00:00,白洋湾金墅水源地1,120.3813,31.3749,8.4,6.04,436.0,27.0,0.07,3.33
2021/08/13 12:00:00,白洋湾金墅水源地1,120.3813,31.3749,8.3,6.03,436.0,27.0,0.07,3.34
2021/08/13 18:00:00,白洋湾金墅水源地1,120.3813,31.3749,8.3,6.02,436.0,27.0,0.07,3.34
2021/08/14 00:00:00,白洋湾金墅水源地1,120.3813,31.3749,8.3,6.01,435.0,27.0,0.07,3.34
2021/08/14 06:00:00,白洋湾金墅水源地1,120.3813,31.3749,8.3,6.0,435.0,27.0,0.07,3.34
2021/08/14 12:00:00,白洋湾金墅水源地1,120.3813,31.3749,8.3,5.99,435.0,27.0,0.07,3.34
2021/08/14 18:00:00,白洋湾金墅水源地1,120.3813,31.3749,8.3,5.98,435.0,27.0,0.07,3.35
2021/08/15 00:00:00,白洋湾金墅水源地1,120.3813,31.3749,8.3,5.97,435.0,27.0,0.07,3.35
2021/08/15 06:00:00,白洋湾金墅水源地1,120.3813,31.3749,8.3,5.96,434.0,28.0,0.07,3.35
2021/08/15 12:00:00,白洋湾金墅水源地1,120.3813,31.3749,8.3,5.95,434.0,28.0,0.07,3.36
2021/08/15 18:00:00,白洋湾金墅水源地1,120.3813,31.3749,8.3,5.94,434.0,28.0,0.07,3.36
2021/08/16 00:00:00,白洋湾金墅水源地1,120.3813,31.3749,8.3,5.93,434.0,28.0,0.07,3.36
2021/08/16 06:00:00,白洋湾金墅水源地1,120.3813,31.3749,8.3,5.92,433.0,28.0,0.07,3.37
2021/08/16 12:00:00,白洋湾金墅水源地1,120.3813,31.3749,8.2,5.92,433.0,28.0,0.07,3.37
2021/08/16 18:00:00,白洋湾金墅水源地1,120.3813,31.3749,8.2,5.91,433.0,28.0,0.07,3.38
2021/08/17 00:00:00,白洋湾金墅水源地1,120.3813,31.3749,8.2,5.9,433.0,28.0,0.07,3.38
2021/08/17 06:00:00,白洋湾金墅水源地1,120.3813,31.3749,8.2,5.9,432.0,28.0,0.07,3.39
2021/08/17 12:00:00,白洋湾金墅水源地1,120.3813,31.3749,8.2,5.89,432.0,28.0,0.07,3.39
2021/08/17 18:00:00,白洋湾金墅水源地1,120.3813,31.3749,8.2,5.89,432.0,28.0,0.07,3.4
2021/08/18 00:00:00,白洋湾金墅水源地1,120.3813,31.3749,8.2,5.88,431.0,29.0,0.07,3.4
2021/08/18 06:00:00,白洋湾金墅水源地1,120.3813,31.3749,8.2,5.88,431.0,29.0,0.07,3.41
2021/08/18 12:00:00,白洋湾金墅水源地1,120.3813,31.3749,8.2,5.87,431.0,29.0,0.08,3.42
2021/08/18 18:00:00,白洋湾金墅水源地1,120.3813,31.3749,8.2,5.87,430.0,29.0,0.08,3.42
2021/08/19 00:00:00,白洋湾金墅水源地1,120.3813,31.3749,8.2,5.86,430.0,29.0,0.08,3.43
2021/08/19 06:00:00,白洋湾金墅水源地1,120.3813,31.3749,8.2,5.86,430.0,29.0,0.08,3.44
2021/08/19 12:00:00,白洋湾金墅水源地1,120.3813,31.3749,8.2,5.86,429.0,29.0,0.08,3.45
2021/08/19 18:00:00,白洋湾金墅水源地1,120.3813,31.3749,8.2,5.85,429.0,29.0,0.08,3.46
2021/08/20 00:00:00,白洋湾金墅水源地1,120.3813,31.3749,8.1,5.85,428.0,29.0,0.08,3.46
2021/08/20 06:00:00,白洋湾金墅水源地1,120.3813,31.3749,8.1,5.85,428.0,29.0,0.08,3.47
2021/08/20 12:00:00,白洋湾金墅水源地1,120.3813,31.3749,8.1,5.85,428.0,30.0,0.08,3.48
2021/08/20 18:00:00,白洋湾金墅水源地1,120.3813,31.3749,8.1,5.85,427.0,30.0,0.08,3.5
2021/08/21 00:00:00,白洋湾金墅水源地1,120.3813,31.3749,8.1,5.85,427.0,30.0,0.08,3.51
2021/08/21 06:00:00,白洋湾金墅水源地1,120.3813,31.3749,8.1,5.85,426.0,30.0,0.08,3.52
2021/08/21 12:00:00,白洋湾金墅水源地1,120.3813,31.3749,8.1,5.84,426.0,30.0,0.08,3.53
2021/08/21 18:00:00,白洋湾金墅水源地1,120.3813,31.3749,8.1,5.85,425.0,30.0,0.08,3.54
2021/08/22 00:00:00,白洋湾金墅水源地1,120.3813,31.3749,8.1,5.85,425.0,30.0,0.08,3.56
2021/08/22 06:00:00,白洋湾金墅水源地1,120.3813,31.3749,8.1,5.85,424.0,30.0,0.08,3.57
2021/08/22 12:00:00,白洋湾金墅水源地1,120.3813,31.3749,8.1,5.85,424.0,30.0,0.08,3.59
2021/08/22 18:00:00,白洋湾金墅水源地1,120.3813,31.3749,8.1,5.85,423.0,30.0,0.08,3.6
2021/08/23 00:00:00,白洋湾金墅水源地1,120.3813,31.3749,8.1,5.85,423.0,30.0,0.08,3.62
2021/08/23 06:00:00,白洋湾金墅水源地1,120.3813,31.3749,8.1,5.85,422.0,30.0,0.07,3.63
2021/08/23 12:00:00,白洋湾金墅水源地1,120.3813,31.3749,8.1,5.86,422.0,30.0,0.07,3.65
2021/08/23 18:00:00,白洋湾金墅水源地1,120.3813,31.3749,8.1,5.86,421.0,30.0,0.07,3.67
2021/08/24 00:00:00,白洋湾金墅水源地1,120.3813,31.3749,8.1,5.86,420.0,30.0,0.07,3.69
2021/08/24 06:00:00,白洋湾金墅水源地1,120.3813,31.3749,8.1,5.87,420.0,30.0,0.07,3.71
2021/08/24 12:00:00,白洋湾金墅水源地1,120.3813,31.3749,8.1,5.87,419.0,30.0,0.07,3.73
2021/08/24 18:00:00,白洋湾金墅水源地1,120.3813,31.3749,8.1,5.88,419.0,30.0,0.07,3.75
2021/08/25 00:00:00,白洋湾金墅水源地1,120.3813,31.3749,8.1,5.88,418.0,30.0,0.07,3.77
2021/08/25 06:00:00,白洋湾金墅水源地1,120.3813,31.3749,8.1,5.89,417.0,30.0,0.07,3.79
2021/08/25 12:00:00,白洋湾金墅水源地1,120.3813,31.3749,8.1,5.89,417.0,30.0,0.07,3.81
2021/08/25 18:00:00,白洋湾金墅水源地1,120.3813,31.3749,8.1,5.9,416.0,30.0,0.07,3.83
2021/08/26 00:00:00,白洋湾金墅水源地1,120.3813,31.3749,8.1,5.9,415.0,30.0,0.07,3.86
2021/08/26 06:00:00,白洋湾金墅水源地1,120.3813,31.3749,8.1,5.91,415.0,30.0,0.07,3.88
2021/08/26 12:00:00,白洋湾金墅水源地1,120.3813,31.3749,8.1,5.91,414.0,30.0,0.07,3.9
2021/08/26 18:00:00,白洋湾金墅水源地1,120.3813,31.3749,8.1,5.92,413.0,30.0,0.07,3.93
2021/08/27 00:00:00,白洋湾金墅水源地1,120.3813,31.3749,8.1,5.93,413.0,30.0,0.07,3.95
2021/08/27 06:00:00,白洋湾金墅水源地1,120.3813,31.3749,8.1,5.93,412.0,30.0,0.07,3.98
2021/08/27 12:00:00,白洋湾金墅水源地1,120.3813,31.3749,8.1,5.94,411.0,30.0,0.07,4.01
2021/08/27 18:00:00,白洋湾金墅水源地1,120.3813,31.3749,8.1,5.95,411.0,30.0,0.07,4.03
2021/08/28 00:00:00,白洋湾金墅水源地1,120.3813,31.3749,8.1,5.95,410.0,30.0,0.07,4.06
2021/08/28 06:00:00,白洋湾金墅水源地1,120.3813,31.3749,8.1,5.96,409.0,30.0,0.07,4.09
2021/08/28 12:00:00,白洋湾金墅水源地1,120.3813,31.3749,8.1,5.97,409.0,30.0,0.07,4.11
2021/08/28 18:00:00,白洋湾金墅水源地1,120.3813,31.3749,8.1,5.97,408.0,29.0,0.07,4.14
2021/08/29 00:00:00,白洋湾金墅水源地1,120.3813,31.3749,8.1,5.98,407.0,29.0,0.07,4.17
2021/08/29 06:00:00,白洋湾金墅水源地1,120.3813,31.3749,8.1,5.99,407.0,29.0,0.07,4.2
2021/08/29 12:00:00,白洋湾金墅水源地1,120.3813,31.3749,8.1,6.0,406.0,29.0,0.07,4.23
2021/08/29 18:00:00,白洋湾金墅水源地1,120.3813,31.3749,8.1,6.0,405.0,29.0,0.07,4.26
2021/08/30 00:00:00,白洋湾金墅水源地1,120.3813,31.3749,8.1,6.01,404.0,29.0,0.07,4.29
2021/08/30 06:00:00,白洋湾金墅水源地1,120.3813,31.3749,8.1,6.02,404.0,29.0,0.07,4.32
2021/08/30 12:00:00,白洋湾金墅水源地1,120.3813,31.3749,8.1,6.03,403.0,29.0,0.07,4.35
2021/08/30 18:00:00,白洋湾金墅水源地1,120.3813,31.3749,8.1,6.03,402.0,29.0,0.07,4.38
2021/08/31 00:00:00,白洋湾金墅水源地1,120.3813,31.3749,8.1,6.04,402.0,28.0,0.07,4.41
2021/08/31 06:00:00,白洋湾金墅水源地1,120.3813,31.3749,8.1,6.05,401.0,28.0,0.07,4.45
2021/08/31 12:00:00,白洋湾金墅水源地1,120.3813,31.3749,8.1,6.05,400.0,28.0,0.07,4.48
2021/08/31 18:00:00,白洋湾金墅水源地1,120.3813,31.3749,8.1,6.06,400.0,28.0,0.07,4.51
2021/09/01 00:00:00,白洋湾金墅水源地1,120.3813,31.3749,8.1,6.07,399.0,28.0,0.07,4.54
2021/09/01 06:00:00,白洋湾金墅水源地1,120.3813,31.3749,8.2,6.07,398.0,28.0,0.07,4.58
2021/09/01 12:00:00,白洋湾金墅水源地1,120.3813,31.3749,8.2,6.08,398.0,28.0,0.07,4.61
2021/09/01 18:00:00,白洋湾金墅水源地1,120.3813,31.3749,8.2,6.09,397.0,27.0,0.07,4.64
2021/09/02 00:00:00,白洋湾金墅水源地1,120.3813,31.3749,8.2,6.09,396.0,27.0,0.07,4.68
2021/09/02 06:00:00,白洋湾金墅水源地1,120.3813,31.3749,8.2,6.1,396.0,27.0,0.07,4.71
2021/09/02 12:00:00,白洋湾金墅水源地1,120.3813,31.3749,8.2,6.1,395.0,27.0,0.06,4.75
2021/09/02 18:00:00,白洋湾金墅水源地1,120.3813,31.3749,8.2,6.11,394.0,27.0,0.06,4.78
2021/09/03 00:00:00,白洋湾金墅水源地1,120.3813,31.3749,8.2,6.11,394.0,27.0,0.06,4.82
2021/09/03 06:00:00,白洋湾金墅水源地1,120.3813,31.3749,8.2,6.12,393.0,26.0,0.06,4.85
2021/09/03 12:00:00,白洋湾金墅水源地1,120.3813,31.3749,8.2,6.12,392.0,26.0,0.06,4.89
2021/09/03 18:00:00,白洋湾金墅水源地1,120.3813,31.3749,8.3,6.13,392.0,26.0,0.06,4.92
2021/09/04 00:00:00,白洋湾金墅水源地1,120.3813,31.3749,8.3,6.13,391.0,26.0,0.06,4.96
2021/09/04 06:00:00,白洋湾金墅水源地1,120.3813,31.3749,8.3,6.14,391.0,26.0,0.06,4.99
2021/09/04 12:00:00,白洋湾金墅水源地1,120.3813,31.3749,8.3,6.14,390.0,26.0,0.06,5.03
2021/09/04 18:00:00,白洋湾金墅水源地1,120.3813,31.3749,8.3,6.14,390.0,25.0,0.06,5.06
2021/09/05 00:00:00,白洋湾金墅水源地1,120.3813,31.3749,8.3,6.15,389.0,25.0,0.06,5.1
2021/09/05 06:00:00,白洋湾金墅水源地1,120.3813,31.3749,8.3,6.15,388.0,25.0,0.06,5.13
2021/09/05 12:00:00,白洋湾金墅水源地1,120.3813,31.3749,8.3,6.15,388.0,25.0,0.06,5.17
2021/09/05 18:00:00,白洋湾金墅水源地1,120.3813,31.3749,8.3,6.16,387.0,25.0,0.06,5.21
2021/09/06 00:00:00,白洋湾金墅水源地1,120.3813,31.3749,8.4,6.16,387.0,24.0,0.06,5.24
2021/09/06 06:00:00,白洋湾金墅水源地1,120.3813,31.3749,8.4,6.16,386.0,24.0,0.06,5.28
2021/09/06 12:00:00,白洋湾金墅水源地1,120.3813,31.3749,8.4,6.16,386.0,24.0,0.06,5.31
2021/09/06 18:00:00,白洋湾金墅水源地1,120.3813,31.3749,8.4,6.17,385.0,24.0,0.07,5.35
2021/09/07 00:00:00,白洋湾金墅水源地1,120.3813,31.3749,8.4,6.17,385.0,24.0,0.07,5.38
2021/09/07 06:00:00,白洋湾金墅水源地1,120.3813,31.3749,8.4,6.17,384.0,23.0,0.07,5.42
2021/09/07 12:00:00,白洋湾金墅水源地1,120.3813,31.3749,8.4,6.17,384.0,23.0,0.07,5.45
2021/09/07 18:00:00,白洋湾金墅水源地1,120.3813,31.3749,8.4,6.17,384.0,23.0,0.07,5.49
2021/09/08 00:00:00,白洋湾金墅水源地1,120.3813,31.3749,8.5,6.18,383.0,23.0,0.07,5.52
2021/09/08 06:00:00,白洋湾金墅水源地1,120.3813,31.3749,8.5,6.18,383.0,23.0,0.07,5.55
2021/09/08 12:00:00,白洋湾金墅水源地1,120.3813,31.3749,8.5,6.18,382.0,23.0,0.07,5.59
2021/09/08 18:00:00,白洋湾金墅水源地1,120.3813,31.3749,8.5,6.18,382.0,22.0,0.07,5.62
2021/09/09 00:00:00,白洋湾金墅水源地1,120.3813,31.3749,8.5,6.18,382.0,22.0,0.07,5.65
2021/09/09 06:00:00,白洋湾金墅水源地1,120.3813,31.3749,8.5,6.18,381.0,22.0,0.07,5.68
2021/09/09 12:00:00,白洋湾金墅水源地1,120.3813,31.3749,8.5,6.18,381.0,22.0,0.07,5.72
2021/09/09 18:00:00,白洋湾金墅水源地1,120.3813,31.3749,8.5,6.18,381.0,22.0,0.07,5.75
2021/09/10 00:00:00,白洋湾金墅水源地1,120.3813,31.3749,8.6,6.18,381.0,22.0,0.07,5.78
2021/09/10 06:00:00,白洋湾金墅水源地1,120.3813,31.3749,8.6,6.18,380.0,21.0,0.07,5.81
2021/09/10 12:00:00,白洋湾金墅水源地1,120.3813,31.3749,8.6,6.18,380.0,21.0,0.07,5.84
2021/09/10 18:00:00,白洋湾金墅水源地1,120.3813,31.3749,8.6,6.18,380.0,21.0,0.07,5.87
2021/09/11 00:00:00,白洋湾金墅水源地1,120.3813,31.3749,8.6,6.18,380.0,21.0,0.07,5.9
2021/09/11 06:00:00,白洋湾金墅水源地1,120.3813,31.3749,8.6,6.18,380.0,21.0,0.07,5.93
2021/09/11 12:00:00,白洋湾金墅水源地1,120.3813,31.3749,8.6,6.18,380.0,21.0,0.07,5.95
2021/09/11 18:00:00,白洋湾金墅水源地1,120.3813,31.3749,8.6,6.18,379.0,20.0,0.07,5.98
2021/09/12 00:00:00,白洋湾金墅水源地1,120.3813,31.3749,8.6,6.18,379.0,20.0,0.07,6.01
2021/09/12 06:00:00,白洋湾金墅水源地1,120.3813,31.3749,8.7,6.18,379.0,20.0,0.07,6.03
2021/09/12 12:00:00,白洋湾金墅水源地1,120.3813,31.3749,8.7,6.18,379.0,20.0,0.07,6.06
2021/09/12 18:00:00,白洋湾金墅水源地1,120.3813,31.3749,8.7,6.18,379.0,20.0,0.07,6.08
2021/09/13 00:00:00,白洋湾金墅水源地1,120.3813,31.3749,8.7,6.18,379.0,20.0,0.07,6.1
2021/09/13 06:00:00,白洋湾金墅水源地1,120.3813,31.3749,8.7,6.18,379.0,20.0,0.07,6.13
2021/09/13 12:00:00,白洋湾金墅水源地1,120.3813,31.3749,8.7,6.18,379.0,20.0,0.07,6.15
2021/09/13 18:00:00,白洋湾金墅水源地1,120.3813,31.3749,8.7,6.18,379.0,20.0,0.07,6.17
2021/09/14 00:00:00,白洋湾金墅水源地1,120.3813,31.3749,8.7,6.18,379.0,19.0,0.07,6.19
2021/09/14 06:00:00,白洋湾金墅水源地1,120.3813,31.3749,8.7,6.18,380.0,19.0,0.07,6.21
2021/09/14 12:00:00,白洋湾金墅水源地1,120.3813,31.3749,8.7,6.18,380.0,19.0,0.07,6.23
2021/09/14 18:00:00,白洋湾金墅水源地1,120.3813,31.3749,8.7,6.18,380.0,19.0,0.07,6.25
2021/09/15 00:00:00,白洋湾金墅水源地1,120.3813,31.3749,8.7,6.18,380.0,19.0,0.07,6.27
2021/09/15 06:00:00,白洋湾金墅水源地1,120.3813,31.3749,8.7,6.18,380.0,19.0,0.07,6.29
2021/09/15 12:00:00,白洋湾金墅水源地1,120.3813,31.3749,8.7,6.18,380.0,19.0,0.07,6.3
2021/09/15 18:00:00,白洋湾金墅水源地1,120.3813,31.3749,8.8,6.18,380.0,19.0,0.07,6.32
2021/09/16 00:00:00,白洋湾金墅水源地1,120.3813,31.3749,8.8,6.18,381.0,19.0,0.07,6.34
2021/09/16 06:00:00,白洋湾金墅水源地1,120.3813,31.3749,8.8,6.18,381.0,19.0,0.07,6.36
2021/09/16 12:00:00,白洋湾金墅水源地1,120.3813,31.3749,8.8,6.18,381.0,19.0,0.07,6.37
2021/09/16 18:00:00,白洋湾金墅水源地1,120.3813,31.3749,8.8,6.19,381.0,19.0,0.07,6.39
2021/09/17 00:00:00,白洋湾金墅水源地1,120.3813,31.3749,8.8,6.19,382.0,19.0,0.07,6.4
2021/09/17 06:00:00,白洋湾金墅水源地1,120.3813,31.3749,8.8,6.19,382.0,19.0,0.07,6.42
2021/09/17 12:00:00,白洋湾金墅水源地1,120.3813,31.3749,8.8,6.19,382.0,19.0,0.08,6.43
2021/09/17 18:00:00,白洋湾金墅水源地1,120.3813,31.3749,8.8,6.2,382.0,19.0,0.08,6.45
2021/09/18 00:00:00,白洋湾金墅水源地1,120.3813,31.3749,8.8,6.2,383.0,19.0,0.08,6.46
2021/09/18 06:00:00,白洋湾金墅水源地1,120.3813,31.3749,8.8,6.21,383.0,19.0,0.08,6.48
2021/09/18 12:00:00,白洋湾金墅水源地1,120.3813,31.3749,8.8,6.22,383.0,19.0,0.08,6.5
2021/09/18 18:00:00,白洋湾金墅水源地1,120.3813,31.3749,8.8,6.22,383.0,19.0,0.08,6.51
2021/09/19 00:00:00,白洋湾金墅水源地1,120.3813,31.3749,8.8,6.23,383.0,19.0,0.08,6.53
2021/09/19 06:00:00,白洋湾金墅水源地1,120.3813,31.3749,8.8,6.24,384.0,19.0,0.08,6.54
2021/09/19 12:00:00,白洋湾金墅水源地1,120.3813,31.3749,8.8,6.25,384.0,19.0,0.08,6.56
2021/09/19 18:00:00,白洋湾金墅水源地1,120.3813,31.3749,8.8,6.26,384.0,19.0,0.08,6.57
2021/09/20 00:00:00,白洋湾金墅水源地1,120.3813,31.3749,8.8,6.27,384.0,20.0,0.08,6.59
2021/09/20 06:00:00,白洋湾金墅水源地1,120.3813,31.3749,8.8,6.28,384.0,20.0,0.08,6.61
2021/09/20 12:00:00,白洋湾金墅水源地1,120.3813,31.3749,8.7,6.29,385.0,20.0,0.08,6.62
2021/09/20 18:00:00,白洋湾金墅水源地1,120.3813,31.3749,8.7,6.31,385.0,20.0,0.08,6.64
2021/09/21 00:00:00,白洋湾金墅水源地1,120.3813,31.3749,8.7,6.32,385.0,20.0,0.08,6.66
2021/09/21 06:00:00,白洋湾金墅水源地1,120.3813,31.3749,8.7,6.34,385.0,20.0,0.08,6.67
2021/09/21 12:00:00,白洋湾金墅水源地1,120.3813,31.3749,8.7,6.35,385.0,20.0,0.08,6.69
2021/09/21 18:00:00,白洋湾金墅水源地1,120.3813,31.3749,8.7,6.37,385.0,20.0,0.08,6.71
2021/09/22 00:00:00,白洋湾金墅水源地1,120.3813,31.3749,8.7,6.39,385.0,21.0,0.08,6.73
2021/09/22 06:00:00,白洋湾金墅水源地1,120.3813,31.3749,8.7,6.41,385.0,21.0,0.09,6.75
2021/09/22 12:00:00,白洋湾金墅水源地1,120.3813,31.3749,8.7,6.43,385.0,21.0,0.09,6.77
2021/09/22 18:00:00,白洋湾金墅水源地1,120.3813,31.3749,8.7,6.46,385.0,21.0,0.09,6.79
2021/09/23 00:00:00,白洋湾金墅水源地1,120.3813,31.3749,8.7,6.48,385.0,21.0,0.09,6.81
2021/09/23 06:00:00,白洋湾金墅水源地1,120.3813,31.3749,8.7,6.51,385.0,21.0,0.09,6.83
2021/09/23 12:00:00,白洋湾金墅水源地1,120.3813,31.3749,8.7,6.53,385.0,22.0,0.09,6.86
2021/09/23 18:00:00,白洋湾金墅水源地1,120.3813,31.3749,8.7,6.56,385.0,22.0,0.09,6.88
2021/09/24 00:00:00,白洋湾金墅水源地1,120.3813,31.3749,8.6,6.59,385.0,22.0,0.09,6.9
2021/09/24 06:00:00,白洋湾金墅水源地1,120.3813,31.3749,8.6,6.62,385.0,22.0,0.09,6.93
2021/09/24 12:00:00,白洋湾金墅水源地1,120.3813,31.3749,8.6,6.65,384.0,23.0,0.09,6.96
2021/09/24 18:00:00,白洋湾金墅水源地1,120.3813,31.3749,8.6,6.69,384.0,23.0,0.1,6.98
2021/09/25 00:00:00,白洋湾金墅水源地1,120.3813,31.3749,8.6,6.72,384.0,23.0,0.1,7.01
2021/09/25 06:00:00,白洋湾金墅水源地1,120.3813,31.3749,8.6,6.76,384.0,23.0,0.1,7.04
2021/09/25 12:00:00,白洋湾金墅水源地1,120.3813,31.3749,8.6,6.79,383.0,24.0,0.1,7.07
2021/09/25 18:00:00,白洋湾金墅水源地1,120.3813,31.3749,8.6,6.83,383.0,24.0,0.1,7.09
2021/09/26 00:00:00,白洋湾金墅水源地1,120.3813,31.3749,8.6,6.87,383.0,24.0,0.1,7.12
2021/09/26 06:00:00,白洋湾金墅水源地1,120.3813,31.3749,8.5,6.91,382.0,25.0,0.1,7.15
2021/09/26 12:00:00,白洋湾金墅水源地1,120.3813,31.3749,8.5,6.95,382.0,25.0,0.1,7.19
2021/09/26 18:00:00,白洋湾金墅水源地1,120.3813,31.3749,8.5,6.99,381.0,25.0,0.1,7.22
2021/09/27 00:00:00,白洋湾金墅水源地1,120.3813,31.3749,8.5,7.03,381.0,25.0,0.11,7.25
2021/09/27 06:00:00,白洋湾金墅水源地1,120.3813,31.3749,8.5,7.07,381.0,26.0,0.11,7.28
2021/09/27 12:00:00,白洋湾金墅水源地1,120.3813,31.3749,8.5,7.11,380.0,26.0,0.11,7.31
2021/09/27 18:00:00,白洋湾金墅水源地1,120.3813,31.3749,8.5,7.15,380.0,26.0,0.11,7.34
2021/09/28 00:00:00,白洋湾金墅水源地1,120.3813,31.3749,8.4,7.19,379.0,27.0,0.11,7.38
2021/09/28 06:00:00,白洋湾金墅水源地1,120.3813,31.3749,8.4,7.23,379.0,27.0,0.11,7.41
2021/09/28 12:00:00,白洋湾金墅水源地1,120.3813,31.3749,8.4,7.27,379.0,27.0,0.11,7.44
2021/09/28 18:00:00,白洋湾金墅水源地1,120.3813,31.3749,8.4,7.32,378.0,28.0,0.11,7.48
2021/09/29 00:00:00,白洋湾金墅水源地1,120.3813,31.3749,8.4,7.36,378.0,28.0,0.11,7.51
2021/09/29 06:00:00,白洋湾金墅水源地1,120.3813,31.3749,8.4,7.4,377.0,28.0,0.12,7.55
2021/09/29 12:00:00,白洋湾金墅水源地1,120.3813,31.3749,8.4,7.44,377.0,29.0,0.12,7.58
2021/09/29 18:00:00,白洋湾金墅水源地1,120.3813,31.3749,8.3,7.48,376.0,29.0,0.12,7.62
2021/09/30 00:00:00,白洋湾金墅水源地1,120.3813,31.3749,8.3,7.52,376.0,29.0,0.12,7.65
2021/09/30 06:00:00,白洋湾金墅水源地1,120.3813,31.3749,8.3,7.56,376.0,30.0,0.12,7.69
2021/09/30 12:00:00,白洋湾金墅水源地1,120.3813,31.3749,8.3,7.6,375.0,30.0,0.12,7.72
2021/09/30 18:00:00,白洋湾金墅水源地1,120.3813,31.3749,8.3,7.64,375.0,30.0,0.12,7.76
2021/10/01 00:00:00,白洋湾金墅水源地1,120.3813,31.3749,8.3,7.68,374.0,31.0,0.12,7.79
2021/10/01 06:00:00,白洋湾金墅水源地1,120.3813,31.3749,8.2,7.72,374.0,31.0,0.12,7.83
2021/10/01 12:00:00,白洋湾金墅水源地1,120.3813,31.3749,8.2,7.75,374.0,31.0,0.12,7.86
2021/10/01 18:00:00,白洋湾金墅水源地1,120.3813,31.3749,8.2,7.79,373.0,32.0,0.12,7.9
2021/10/02 00:00:00,白洋湾金墅水源地1,120.3813,31.3749,8.2,7.83,373.0,32.0,0.12,7.94
2021/10/02 06:00:00,白洋湾金墅水源地1,120.3813,31.3749,8.2,7.86,373.0,32.0,0.12,7.97
2021/10/02 12:00:00,白洋湾金墅水源地1,120.3813,31.3749,8.2,7.89,373.0,33.0,0.13,8.01
2021/10/02 18:00:00,白洋湾金墅水源地1,120.3813,31.3749,8.2,7.93,372.0,33.0,0.13,8.04
2021/10/03 00:00:00,白洋湾金墅水源地1,120.3813,31.3749,8.2,7.96,372.0,33.0,0.13,8.08
2021/10/03 06:00:00,白洋湾金墅水源地1,120.3813,31.3749,8.1,7.99,372.0,34.0,0.13,8.11
2021/10/03 12:00:00,白洋湾金墅水源地1,120.3813,31.3749,8.1,8.02,372.0,34.0,0.13,8.15
2021/10/03 18:00:00,白洋湾金墅水源地1,120.3813,31.3749,8.1,8.04,372.0,34.0,0.13,8.18
2021/10/04 00:00:00,白洋湾金墅水源地1,120.3813,31.3749,8.1,8.07,372.0,35.0,0.13,8.22
2021/10/04 06:00:00,白洋湾金墅水源地1,120.3813,31.3749,8.1,8.09,372.0,35.0,0.13,8.25
2021/10/04 12:00:00,白洋湾金墅水源地1,120.3813,31.3749,8.1,8.12,372.0,35.0,0.13,8.28
2021/10/04 18:00:00,白洋湾金墅水源地1,120.3813,31.3749,8.1,8.14,372.0,36.0,0.13,8.32
2021/10/05 00:00:00,白洋湾金墅水源地1,120.3813,31.3749,8.1,8.16,372.0,36.0,0.13,8.35
2021/10/05 06:00:00,白洋湾金墅水源地1,120.3813,31.3749,8.0,8.17,372.0,36.0,0.13,8.38
2021/10/05 12:00:00,白洋湾金墅水源地1,120.3813,31.3749,8.0,8.19,372.0,36.0,0.13,8.41
2021/10/05 18:00:00,白洋湾金墅水源地1,120.3813,31.3749,8.0,8.21,372.0,37.0,0.12,8.44
2021/10/06 00:00:00,白洋湾金墅水源地1,120.3813,31.3749,8.0,8.22,372.0,37.0,0.12,8.47
2021/10/06 06:00:00,白洋湾金墅水源地1,120.3813,31.3749,8.0,8.24,372.0,37.0,0.12,8.5
2021/10/06 12:00:00,白洋湾金墅水源地1,120.3813,31.3749,8.0,8.25,372.0,37.0,0.12,8.53
2021/10/06 18:00:00,白洋湾金墅水源地1,120.3813,31.3749,8.0,8.26,373.0,38.0,0.12,8.56
2021/10/07 00:00:00,白洋湾金墅水源地1,120.3813,31.3749,8.0,8.27,373.0,38.0,0.12,8.58
2021/10/07 06:00:00,白洋湾金墅水源地1,120.3813,31.3749,8.0,8.28,373.0,38.0,0.12,8.61
2021/10/07 12:00:00,白洋湾金墅水源地1,120.3813,31.3749,8.0,8.29,374.0,38.0,0.12,8.63
2021/10/07 18:00:00,白洋湾金墅水源地1,120.3813,31.3749,8.0,8.29,374.0,39.0,0.12,8.65
2021/10/08 00:00:00,白洋湾金墅水源地1,120.3813,31.3749,8.0,8.3,374.0,39.0,0.12,8.67
2021/10/08 06:00:00,白洋湾金墅水源地1,120.3813,31.3749,8.0,8.31,375.0,39.0,0.12,8.69
2021/10/08 12:00:00,白洋湾金墅水源地1,120.3813,31.3749,7.9,8.31,375.0,39.0,0.12,8.71
2021/10/08 18:00:00,白洋湾金墅水源地1,120.3813,31.3749,7.9,8.32,375.0,39.0,0.12,8.72
2021/10/09 00:00:00,白洋湾金墅水源地1,120.3813,31.3749,7.9,8.32,376.0,40.0,0.11,8.73
2021/10/09 06:00:00,白洋湾金墅水源地1,120.3813,31.3749,7.9,8.32,376.0,40.0,0.11,8.74
2021/10/09 12:00:00,白洋湾金墅水源地1,120.3813,31.3749,7.9,8.33,377.0,40.0,0.11,8.75
2021/10/09 18:00:00,白洋湾金墅水源地1,120.3813,31.3749,7.9,8.33,377.0,40.0,0.11,8.76
2021/10/10 00:00:00,白洋湾金墅水源地1,120.3813,31.3749,7.9,8.33,378.0,40.0,0.11,8.76
2021/10/10 06:00:00,白洋湾金墅水源地1,120.3813,31.3749,7.9,8.33,378.0,40.0,0.11,8.77
2021/10/10 12:00:00,白洋湾金墅水源地1,120.3813,31.3749,7.9,8.33,379.0,40.0,0.11,8.77
2021/10/10 18:00:00,白洋湾金墅水源地1,120.3813,31.3749,7.9,8.33,379.0,40.0,0.11,8.76
2021/10/11 00:00:00,白洋湾金墅水源地1,120.3813,31.3749,7.9,8.33,380.0,41.0,0.11,8.76
2021/10/11 06:00:00,白洋湾金墅水源地1,120.3813,31.3749,7.9,8.33,380.0,41.0,0.1,8.75
2021/10/11 12:00:00,白洋湾金墅水源地1,120.3813,31.3749,7.9,8.33,381.0,41.0,0.1,8.74
2021/10/11 18:00:00,白洋湾金墅水源地1,120.3813,31.3749,7.9,8.33,382.0,41.0,0.1,8.73
2021/10/12 00:00:00,白洋湾金墅水源地1,120.3813,31.3749,7.9,8.33,382.0,41.0,0.1,8.71
2021/10/12 06:00:00,白洋湾金墅水源地1,120.3813,31.3749,7.9,8.33,383.0,41.0,0.1,8.69
2021/10/12 12:00:00,白洋湾金墅水源地1,120.3813,31.3749,7.9,8.33,383.0,41.0,0.1,8.67
2021/10/12 18:00:00,白洋湾金墅水源地1,120.3813,31.3749,7.9,8.33,384.0,41.0,0.1,8.64
2021/10/13 00:00:00,白洋湾金墅水源地1,120.3813,31.3749,7.9,8.33,385.0,41.0,0.1,8.61
2021/10/13 06:00:00,白洋湾金墅水源地1,120.3813,31.3749,7.9,8.33,385.0,41.0,0.1,8.58
2021/10/13 12:00:00,白洋湾金墅水源地1,120.3813,31.3749,7.9,8.33,386.0,41.0,0.1,8.55
2021/10/13 18:00:00,白洋湾金墅水源地1,120.3813,31.3749,7.9,8.33,387.0,40.0,0.09,8.51
2021/10/14 00:00:00,白洋湾金墅水源地1,120.3813,31.3749,8.0,8.33,387.0,40.0,0.09,8.46
2021/10/14 06:00:00,白洋湾金墅水源地1,120.3813,31.3749,8.0,8.33,388.0,40.0,0.09,8.42
2021/10/14 12:00:00,白洋湾金墅水源地1,120.3813,31.3749,8.0,8.33,389.0,40.0,0.09,8.37
2021/10/14 18:00:00,白洋湾金墅水源地1,120.3813,31.3749,8.0,8.33,389.0,40.0,0.09,8.31
2021/10/15 00:00:00,白洋湾金墅水源地1,120.3813,31.3749,8.0,8.34,390.0,40.0,0.09,8.26
2021/10/15 06:00:00,白洋湾金墅水源地1,120.3813,31.3749,8.0,8.34,391.0,40.0,0.09,8.2
2021/10/15 12:00:00,白洋湾金墅水源地1,120.3813,31.3749,8.0,8.34,391.0,40.0,0.09,8.13
2021/10/15 18:00:00,白洋湾金墅水源地1,120.3813,31.3749,8.0,8.35,392.0,39.0,0.09,8.06
2021/10/16 00:00:00,白洋湾金墅水源地1,120.3813,31.3749,8.0,8.35,393.0,39.0,0.09,8.0
2021/10/16 06:00:00,白洋湾金墅水源地1,120.3813,31.3749,8.0,8.35,393.0,39.0,0.09,7.92
2021/10/16 12:00:00,白洋湾金墅水源地1,120.3813,31.3749,8.0,8.36,394.0,39.0,0.09,7.85
2021/10/16 18:00:00,白洋湾金墅水源地1,120.3813,31.3749,8.0,8.36,395.0,39.0,0.09,7.77
2021/10/17 00:00:00,白洋湾金墅水源地1,120.3813,31.3749,8.1,8.37,395.0,38.0,0.09,7.69
2021/10/17 06:00:00,白洋湾金墅水源地1,120.3813,31.3749,8.1,8.37,396.0,38.0,0.09,7.61
2021/10/17 12:00:00,白洋湾金墅水源地1,120.3813,31.3749,8.1,8.38,397.0,38.0,0.08,7.53
2021/10/17 18:00:00,白洋湾金墅水源地1,120.3813,31.3749,8.1,8.39,397.0,38.0,0.08,7.45
2021/10/18 00:00:00,白洋湾金墅水源地1,120.3813,31.3749,8.1,8.39,398.0,38.0,0.08,7.37
2021/10/18 06:00:00,白洋湾金墅水源地1,120.3813,31.3749,8.1,8.4,399.0,38.0,0.08,7.28
2021/10/18 12:00:00,白洋湾金墅水源地1,120.3813,31.3749,8.1,8.41,399.0,38.0,0.08,7.2
2021/10/18 18:00:00,白洋湾金墅水源地1,120.3813,31.3749,8.1,8.41,400.0,37.0,0.08,7.11
2021/10/19 00:00:00,白洋湾金墅水源地1,120.3813,31.3749,8.2,8.42,401.0,37.0,0.08,7.03
2021/10/19 06:00:00,白洋湾金墅水源地1,120.3813,31.3749,8.2,8.43,401.0,37.0,0.08,6.94
2021/10/19 12:00:00,白洋湾金墅水源地1,120.3813,31.3749,8.2,8.44,402.0,37.0,0.08,6.86
2021/10/19 18:00:00,白洋湾金墅水源地1,120.3813,31.3749,8.2,8.45,402.0,37.0,0.09,6.78
2021/10/20 00:00:00,白洋湾金墅水源地1,120.3813,31.3749,8.2,8.46,403.0,37.0,0.09,6.7
2021/10/20 06:00:00,白洋湾金墅水源地1,120.3813,31.3749,8.2,8.47,404.0,37.0,0.09,6.61
2021/10/20 12:00:00,白洋湾金墅水源地1,120.3813,31.3749,8.2,8.48,404.0,38.0,0.09,6.53
2021/10/20 18:00:00,白洋湾金墅水源地1,120.3813,31.3749,8.2,8.49,405.0,38.0,0.09,6.46
2021/10/21 00:00:00,白洋湾金墅水源地1,120.3813,31.3749,8.2,8.5,405.0,38.0,0.09,6.38
2021/10/21 06:00:00,白洋湾金墅水源地1,120.3813,31.3749,8.3,8.51,406.0,38.0,0.09,6.31
2021/10/21 12:00:00,白洋湾金墅水源地1,120.3813,31.3749,8.3,8.52,406.0,38.0,0.09,6.23
2021/10/21 18:00:00,白洋湾金墅水源地1,120.3813,31.3749,8.3,8.53,407.0,39.0,0.09,6.16
2021/10/22 00:00:00,白洋湾金墅水源地1,120.3813,31.3749,8.3,8.54,407.0,39.0,0.09,6.1
2021/10/22 06:00:00,白洋湾金墅水源地1,120.3813,31.3749,8.3,8.56,408.0,40.0,0.09,6.03
2021/10/22 12:00:00,白洋湾金墅水源地1,120.3813,31.3749,8.3,8.57,408.0,40.0,0.09,5.97
2021/10/22 18:00:00,白洋湾金墅水源地1,120.3813,31.3749,8.3,8.58,409.0,41.0,0.09,5.92
2021/10/23 00:00:00,白洋湾金墅水源地1,120.3813,31.3749,8.3,8.59,409.0,41.0,0.1,5.86
2021/10/23 06:00:00,白洋湾金墅水源地1,120.3813,31.3749,8.3,8.61,410.0,42.0,0.1,5.81
2021/10/23 12:00:00,白洋湾金墅水源地1,120.3813,31.3749,8.3,8.62,410.0,43.0,0.1,5.77
2021/10/23 18:00:00,白洋湾金墅水源地1,120.3813,31.3749,8.3,8.63,411.0,44.0,0.1,5.73
2021/10/24 00:00:00,白洋湾金墅水源地1,120.3813,31.3749,8.3,8.65,411.0,44.0,0.1,5.69
2021/10/24 06:00:00,白洋湾金墅水源地1,120.3813,31.3749,8.3,8.66,411.0,45.0,0.1,5.66
2021/10/24 12:00:00,白洋湾金墅水源地1,120.3813,31.3749,8.3,8.68,412.0,46.0,0.11,5.63
2021/10/24 18:00:00,白洋湾金墅水源地1,120.3813,31.3749,8.3,8.69,412.0,47.0,0.11,5.61
2021/10/25 00:00:00,白洋湾金墅水源地1,120.3813,31.3749,8.3,8.7,412.0,49.0,0.11,5.59
2021/10/25 06:00:00,白洋湾金墅水源地1,120.3813,31.3749,8.3,8.72,413.0,50.0,0.11,5.58
2021/10/25 12:00:00,白洋湾金墅水源地1,120.3813,31.3749,8.3,8.74,413.0,51.0,0.11,5.58
2021/10/25 18:00:00,白洋湾金墅水源地1,120.3813,31.3749,8.3,8.75,413.0,53.0,0.12,5.58
2021/10/26 00:00:00,白洋湾金墅水源地1,120.3813,31.3749,8.3,8.77,413.0,54.0,0.12,5.58
2021/10/26 06:00:00,白洋湾金墅水源地1,120.3813,31.3749,8.3,8.78,414.0,56.0,0.12,5.59
2021/10/26 12:00:00,白洋湾金墅水源地1,120.3813,31.3749,8.3,8.8,414.0,57.0,0.12,5.61
2021/10/26 18:00:00,白洋湾金墅水源地1,120.3813,31.3749,8.3,8.81,414.0,59.0,0.13,5.62
2021/10/27 00:00:00,白洋湾金墅水源地1,120.3813,31.3749,8.3,8.83,414.0,61.0,0.13,5.65
2021/10/27 06:00:00,白洋湾金墅水源地1,120.3813,31.3749,8.3,8.85,414.0,62.0,0.13,5.67
2021/10/27 12:00:00,白洋湾金墅水源地1,120.3813,31.3749,8.3,8.86,414.0,64.0,0.14,5.7
2021/10/27 18:00:00,白洋湾金墅水源地1,120.3813,31.3749,8.3,8.88,415.0,66.0,0.14,5.73
2021/10/28 00:00:00,白洋湾金墅水源地1,120.3813,31.3749,8.3,8.89,415.0,68.0,0.14,5.77
2021/10/28 06:00:00,白洋湾金墅水源地1,120.3813,31.3749,8.3,8.91,415.0,69.0,0.14,5.81
2021/10/28 12:00:00,白洋湾金墅水源地1,120.3813,31.3749,8.3,8.92,415.0,71.0,0.15,5.85
2021/10/28 18:00:00,白洋湾金墅水源地1,120.3813,31.3749,8.3,8.94,415.0,73.0,0.15,5.89
2021/10/29 00:00:00,白洋湾金墅水源地1,120.3813,31.3749,8.2,8.96,415.0,75.0,0.15,5.93
2021/10/29 06:00:00,白洋湾金墅水源地1,120.3813,31.3749,8.2,8.97,415.0,77.0,0.16,5.98
2021/10/29 12:00:00,白洋湾金墅水源地1,120.3813,31.3749,8.2,8.99,415.0,79.0,0.16,6.02
2021/10/29 18:00:00,白洋湾金墅水源地1,120.3813,31.3749,8.2,9.0,415.0,81.0,0.16,6.07
2021/10/30 00:00:00,白洋湾金墅水源地1,120.3813,31.3749,8.2,9.02,415.0,82.0,0.16,6.12
2021/10/30 06:00:00,白洋湾金墅水源地1,120.3813,31.3749,8.2,9.03,415.0,84.0,0.17,6.17
2021/10/30 12:00:00,白洋湾金墅水源地1,120.3813,31.3749,8.2,9.05,415.0,86.0,0.17,6.22
2021/10/30 18:00:00,白洋湾金墅水源地1,120.3813,31.3749,8.2,9.06,415.0,88.0,0.17,6.26
2021/10/31 00:00:00,白洋湾金墅水源地1,120.3813,31.3749,8.2,9.08,415.0,89.0,0.17,6.31
2021/10/31 06:00:00,白洋湾金墅水源地1,120.3813,31.3749,8.1,9.09,415.0,91.0,0.18,6.36
2021/10/31 12:00:00,白洋湾金墅水源地1,120.3813,31.3749,8.1,9.1,414.0,93.0,0.18,6.41
2021/10/31 18:00:00,白洋湾金墅水源地1,120.3813,31.3749,8.1,9.12,414.0,94.0,0.18,6.46
2021/11/01 00:00:00,白洋湾金墅水源地1,120.3813,31.3749,8.1,9.13,414.0,96.0,0.18,6.5
2021/11/01 06:00:00,白洋湾金墅水源地1,120.3813,31.3749,8.1,9.14,414.0,97.0,0.18,6.54
2021/11/01 12:00:00,白洋湾金墅水源地1,120.3813,31.3749,8.1,9.15,414.0,99.0,0.19,6.58
2021/11/01 18:00:00,白洋湾金墅水源地1,120.3813,31.3749,8.1,9.16,414.0,100.0,0.19,6.62
2021/11/02 00:00:00,白洋湾金墅水源地1,120.3813,31.3749,8.1,9.17,413.0,101.0,0.19,6.66
2021/11/02 06:00:00,白洋湾金墅水源地1,120.3813,31.3749,8.1,9.19,413.0,102.0,0.19,6.7
2021/11/02 12:00:00,白洋湾金墅水源地1,120.3813,31.3749,8.0,9.2,413.0,104.0,0.19,6.73
2021/11/02 18:00:00,白洋湾金墅水源地1,120.3813,31.3749,8.0,9.2,413.0,105.0,0.19,6.76
2021/11/03 00:00:00,白洋湾金墅水源地1,120.3813,31.3749,8.0,9.21,413.0,106.0,0.2,6.78
2021/11/03 06:00:00,白洋湾金墅水源地1,120.3813,31.3749,8.0,9.22,412.0,106.0,0.2,6.8
2021/11/03 12:00:00,白洋湾金墅水源地1,120.3813,31.3749,8.0,9.23,412.0,107.0,0.2,6.82
2021/11/03 18:00:00,白洋湾金墅水源地1,120.3813,31.3749,8.0,9.24,412.0,108.0,0.2,6.83
2021/11/04 00:00:00,白洋湾金墅水源地1,120.3813,31.3749,8.0,9.24,411.0,108.0,0.2,6.84
2021/11/04 06:00:00,白洋湾金墅水源地1,120.3813,31.3749,8.0,9.25,411.0,108.0,0.2,6.84
2021/11/04 12:00:00,白洋湾金墅水源地1,120.3813,31.3749,8.0,9.26,411.0,109.0,0.2,6.84
2021/11/04 18:00:00,白洋湾金墅水源地1,120.3813,31.3749,8.0,9.26,411.0,109.0,0.2,6.84
2021/11/05 00:00:00,白洋湾金墅水源地1,120.3813,31.3749,8.0,9.26,410.0,109.0,0.2,6.83
2021/11/05 06:00:00,白洋湾金墅水源地1,120.3813,31.3749,8.0,9.27,410.0,109.0,0.2,6.81
2021/11/05 12:00:00,白洋湾金墅水源地1,120.3813,31.3749,8.0,9.27,409.0,108.0,0.2,6.79
2021/11/05 18:00:00,白洋湾金墅水源地1,120.3813,31.3749,8.0,9.27,409.0,108.0,0.2,6.76
2021/11/06 00:00:00,白洋湾金墅水源地1,120.3813,31.3749,8.0,9.27,409.0,107.0,0.19,6.73
2021/11/06 06:00:00,白洋湾金墅水源地1,120.3813,31.3749,8.0,9.27,408.0,107.0,0.19,6.7
2021/11/06 12:00:00,白洋湾金墅水源地1,120.3813,31.3749,8.0,9.27,408.0,106.0,0.19,6.66
2021/11/06 18:00:00,白洋湾金墅水源地1,120.3813,31.3749,8.0,9.27,408.0,105.0,0.19,6.62
2021/11/07 00:00:00,白洋湾金墅水源地1,120.3813,31.3749,8.0,9.27,407.0,105.0,0.19,6.58
2021/11/07 06:00:00,白洋湾金墅水源地1,120.3813,31.3749,8.0,9.27,407.0,104.0,0.19,6.53
2021/11/07 12:00:00,白洋湾金墅水源地1,120.3813,31.3749,7.9,9.27,406.0,103.0,0.18,6.48
2021/11/07 18:00:00,白洋湾金墅水源地1,120.3813,31.3749,7.9,9.27,406.0,102.0,0.18,6.42
2021/11/08 00:00:00,白洋湾金墅水源地1,120.3813,31.3749,7.9,9.27,406.0,100.0,0.18,6.37
2021/11/08 06:00:00,白洋湾金墅水源地1,120.3813,31.3749,8.0,9.26,405.0,99.0,0.18,6.31
2021/11/08 12:00:00,白洋湾金墅水源地1,120.3813,31.3749,8.0,9.26,405.0,98.0,0.17,6.25
2021/11/08 18:00:00,白洋湾金墅水源地1,120.3813,31.3749,8.0,9.26,404.0,97.0,0.17,6.18
2021/11/09 00:00:00,白洋湾金墅水源地1,120.3813,31.3749,8.0,9.25,404.0,95.0,0.17,6.11
2021/11/09 06:00:00,白洋湾金墅水源地1,120.3813,31.3749,8.0,9.25,403.0,94.0,0.17,6.05
2021/11/09 12:00:00,白洋湾金墅水源地1,120.3813,31.3749,8.0,9.25,403.0,92.0,0.16,5.98
2021/11/09 18:00:00,白洋湾金墅水源地1,120.3813,31.3749,8.0,9.24,403.0,91.0,0.16,5.91
2021/11/10 00:00:00,白洋湾金墅水源地1,120.3813,31.3749,8.0,9.24,402.0,89.0,0.16,5.83
2021/11/10 06:00:00,白洋湾金墅水源地1,120.3813,31.3749,8.0,9.23,402.0,88.0,0.16,5.76
2021/11/10 12:00:00,白洋湾金墅水源地1,120.3813,31.3749,8.0,9.23,401.0,86.0,0.15,5.68
2021/11/10 18:00:00,白洋湾金墅水源地1,120.3813,31.3749,8.0,9.22,401.0,84.0,0.15,5.61
2021/11/11 00:00:00,白洋湾金墅水源地1,120.3813,31.3749,8.0,9.22,401.0,83.0,0.15,5.53
2021/11/11 06:00:00,白洋湾金墅水源地1,120.3813,31.3749,8.0,9.21,400.0,81.0,0.14,5.46
2021/11/11 12:00:00,白洋湾金墅水源地1,120.3813,31.3749,8.0,9.21,400.0,80.0,0.14,5.38
2021/11/11 18:00:00,白洋湾金墅水源地1,120.3813,31.3749,8.0,9.2,399.0,78.0,0.14,5.3
2021/11/12 00:00:00,白洋湾金墅水源地1,120.3813,31.3749,8.0,9.2,399.0,76.0,0.13,5.23
2021/11/12 06:00:00,白洋湾金墅水源地1,120.3813,31.3749,8.0,9.19,399.0,75.0,0.13,5.15
2021/11/12 12:00:00,白洋湾金墅水源地1,120.3813,31.3749,8.0,9.19,398.0,73.0,0.13,5.08
2021/11/12 18:00:00,白洋湾金墅水源地1,120.3813,31.3749,8.0,9.18,398.0,72.0,0.13,5.0
2021/11/13 00:00:00,白洋湾金墅水源地1,120.3813,31.3749,8.0,9.18,398.0,70.0,0.12,4.93
2021/11/13 06:00:00,白洋湾金墅水源地1,120.3813,31.3749,8.0,9.17,397.0,69.0,0.12,4.86
2021/11/13 12:00:00,白洋湾金墅水源地1,120.3813,31.3749,8.0,9.17,397.0,67.0,0.12,4.79
2021/11/13 18:00:00,白洋湾金墅水源地1,120.3813,31.3749,8.0,9.16,397.0,66.0,0.12,4.72
2021/11/14 00:00:00,白洋湾金墅水源地1,120.3813,31.3749,8.0,9.16,396.0,64.0,0.11,4.65
2021/11/14 06:00:00,白洋湾金墅水源地1,120.3813,31.3749,8.0,9.15,396.0,63.0,0.11,4.58
2021/11/14 12:00:00,白洋湾金墅水源地1,120.3813,31.3749,8.0,9.15,396.0,62.0,0.11,4.52
2021/11/14 18:00:00,白洋湾金墅水源地1,120.3813,31.3749,8.0,9.15,396.0,61.0,0.11,4.46
2021/11/15 00:00:00,白洋湾金墅水源地1,120.3813,31.3749,8.0,9.14,395.0,60.0,0.1,4.4
2021/11/15 06:00:00,白洋湾金墅水源地1,120.3813,31.3749,8.0,9.14,395.0,58.0,0.1,4.34
2021/11/15 12:00:00,白洋湾金墅水源地1,120.3813,31.3749,8.0,9.14,395.0,57.0,0.1,4.29
2021/11/15 18:00:00,白洋湾金墅水源地1,120.3813,31.3749,8.0,9.14,395.0,56.0,0.1,4.24
2021/11/16 00:00:00,白洋湾金墅水源地1,120.3813,31.3749,8.0,9.13,394.0,56.0,0.1,4.19
2021/11/16 06:00:00,白洋湾金墅水源地1,120.3813,31.3749,8.0,9.13,394.0,55.0,0.09,4.14
2021/11/16 12:00:00,白洋湾金墅水源地1,120.3813,31.3749,8.0,9.13,394.0,54.0,0.09,4.1
2021/11/16 18:00:00,白洋湾金墅水源地1,120.3813,31.3749,8.0,9.13,394.0,53.0,0.09,4.06
2021/11/17 00:00:00,白洋湾金墅水源地1,120.3813,31.3749,8.0,9.13,394.0,53.0,0.09,4.02
2021/11/17 06:00:00,白洋湾金墅水源地1,120.3813,31.3749,8.0,9.13,394.0,52.0,0.09,3.98
2021/11/17 12:00:00,白洋湾金墅水源地1,120.3813,31.3749,8.0,9.13,394.0,52.0,0.09,3.95
2021/11/17 18:00:00,白洋湾金墅水源地1,120.3813,31.3749,7.9,9.13,394.0,51.0,0.09,3.91
2021/11/18 00:00:00,白洋湾金墅水源地1,120.3813,31.3749,7.9,9.13,394.0,51.0,0.08,3.88
2021/11/18 06:00:00,白洋湾金墅水源地1,120.3813,31.3749,7.9,9.13,393.0,50.0,0.08,3.85
2021/11/18 12:00:00,白洋湾金墅水源地1,120.3813,31.3749,7.9,9.13,393.0,50.0,0.08,3.82
2021/11/18 18:00:00,白洋湾金墅水源地1,120.3813,31.3749,7.9,9.13,393.0,50.0,0.08,3.8
2021/11/19 00:00:00,白洋湾金墅水源地1,120.3813,31.3749,7.9,9.14,393.0,49.0,0.08,3.77
2021/11/19 06:00:00,白洋湾金墅水源地1,120.3813,31.3749,7.9,9.14,393.0,49.0,0.08,3.75
2021/11/19 12:00:00,白洋湾金墅水源地1,120.3813,31.3749,7.9,9.14,393.0,49.0,0.08,3.73
2021/11/19 18:00:00,白洋湾金墅水源地1,120.3813,31.3749,7.9,9.14,394.0,49.0,0.08,3.71
2021/11/20 00:00:00,白洋湾金墅水源地1,120.3813,31.3749,7.9,9.15,394.0,48.0,0.08,3.69
2021/11/20 06:00:00,白洋湾金墅水源地1,120.3813,31.3749,7.9,9.15,394.0,48.0,0.08,3.67
2021/11/20 12:00:00,白洋湾金墅水源地1,120.3813,31.3749,7.9,9.16,394.0,48.0,0.08,3.66
2021/11/20 18:00:00,白洋湾金墅水源地1,120.3813,31.3749,7.9,9.16,394.0,48.0,0.08,3.64
2021/11/21 00:00:00,白洋湾金墅水源地1,120.3813,31.3749,7.9,9.17,394.0,48.0,0.08,3.63
2021/11/21 06:00:00,白洋湾金墅水源地1,120.3813,31.3749,7.9,9.17,394.0,48.0,0.08,3.62
2021/11/21 12:00:00,白洋湾金墅水源地1,120.3813,31.3749,7.9,9.18,394.0,48.0,0.08,3.6
2021/11/21 18:00:00,白洋湾金墅水源地1,120.3813,31.3749,7.9,9.18,394.0,48.0,0.08,3.59
2021/11/22 00:00:00,白洋湾金墅水源地1,120.3813,31.3749,7.9,9.19,395.0,48.0,0.08,3.58
2021/11/22 06:00:00,白洋湾金墅水源地1,120.3813,31.3749,7.8,9.2,395.0,48.0,0.08,3.58
2021/11/22 12:00:00,白洋湾金墅水源地1,120.3813,31.3749,7.8,9.2,395.0,48.0,0.08,3.57
2021/11/22 18:00:00,白洋湾金墅水源地1,120.3813,31.3749,7.8,9.21,395.0,48.0,0.08,3.56
2021/11/23 00:00:00,白洋湾金墅水源地1,120.3813,31.3749,7.8,9.22,395.0,48.0,0.08,3.55
2021/11/23 06:00:00,白洋湾金墅水源地1,120.3813,31.3749,7.8,9.23,396.0,48.0,0.08,3.55
2021/11/23 12:00:00,白洋湾金墅水源地1,120.3813,31.3749,7.8,9.24,396.0,48.0,0.08,3.54
2021/11/23 18:00:00,白洋湾金墅水源地1,120.3813,31.3749,7.8,9.25,396.0,48.0,0.08,3.53
2021/11/24 00:00:00,白洋湾金墅水源地1,120.3813,31.3749,7.8,9.26,397.0,48.0,0.08,3.53
2021/11/24 06:00:00,白洋湾金墅水源地1,120.3813,31.3749,7.8,9.27,397.0,48.0,0.08,3.52
2021/11/24 12:00:00,白洋湾金墅水源地1,120.3813,31.3749,7.8,9.28,397.0,48.0,0.08,3.52
2021/11/24 18:00:00,白洋湾金墅水源地1,120.3813,31.3749,7.8,9.29,398.0,48.0,0.08,3.52
2021/11/25 00:00:00,白洋湾金墅水源地1,120.3813,31.3749,7.8,9.3,398.0,48.0,0.08,3.51
2021/11/25 06:00:00,白洋湾金墅水源地1,120.3813,31.3749,7.8,9.31,398.0,48.0,0.08,3.51
2021/11/25 12:00:00,白洋湾金墅水源地1,120.3813,31.3749,7.8,9.32,399.0,48.0,0.08,3.5
2021/11/25 18:00:00,白洋湾金墅水源地1,120.3813,31.3749,7.8,9.33,399.0,48.0,0.08,3.5
2021/11/26 00:00:00,白洋湾金墅水源地1,120.3813,31.3749,7.8,9.35,400.0,48.0,0.08,3.49
2021/11/26 06:00:00,白洋湾金墅水源地1,120.3813,31.3749,7.8,9.36,400.0,48.0,0.08,3.49
2021/11/26 12:00:00,白洋湾金墅水源地1,120.3813,31.3749,7.8,9.37,401.0,48.0,0.08,3.48
2021/11/26 18:00:00,白洋湾金墅水源地1,120.3813,31.3749,7.8,9.39,401.0,47.0,0.08,3.48
2021/11/27 00:00:00,白洋湾金墅水源地1,120.3813,31.3749,7.8,9.4,402.0,47.0,0.08,3.47
2021/11/27 06:00:00,白洋湾金墅水源地1,120.3813,31.3749,7.8,9.42,402.0,47.0,0.08,3.47
2021/11/27 12:00:00,白洋湾金墅水源地1,120.3813,31.3749,7.8,9.43,403.0,47.0,0.08,3.46
2021/11/27 18:00:00,白洋湾金墅水源地1,120.3813,31.3749,7.8,9.45,403.0,47.0,0.08,3.46
2021/11/28 00:00:00,白洋湾金墅水源地1,120.3813,31.3749,7.8,9.46,404.0,46.0,0.08,3.45
2021/11/28 06:00:00,白洋湾金墅水源地1,120.3813,31.3749,7.8,9.48,404.0,46.0,0.08,3.45
2021/11/28 12:00:00,白洋湾金墅水源地1,120.3813,31.3749,7.8,9.49,405.0,46.0,0.08,3.44
2021/11/28 18:00:00,白洋湾金墅水源地1,120.3813,31.3749,7.8,9.51,406.0,46.0,0.08,3.44
2021/11/29 00:00:00,白洋湾金墅水源地1,120.3813,31.3749,7.8,9.52,406.0,45.0,0.08,3.43
2021/11/29 06:00:00,白洋湾金墅水源地1,120.3813,31.3749,7.8,9.54,407.0,45.0,0.08,3.43
2021/11/29 12:00:00,白洋湾金墅水源地1,120.3813,31.3749,7.8,9.55,407.0,45.0,0.08,3.43
2021/11/29 18:00:00,白洋湾金墅水源地1,120.3813,31.3749,7.8,9.57,408.0,44.0,0.08,3.42
2021/11/30 00:00:00,白洋湾金墅水源地1,120.3813,31.3749,7.8,9.59,409.0,44.0,0.08,3.42
2021/11/30 06:00:00,白洋湾金墅水源地1,120.3813,31.3749,7.8,9.6,409.0,44.0,0.08,3.42
2021/11/30 12:00:00,白洋湾金墅水源地1,120.3813,31.3749,7.8,9.62,410.0,44.0,0.08,3.41
2021/11/30 18:00:00,白洋湾金墅水源地1,120.3813,31.3749,7.8,9.63,411.0,43.0,0.08,3.41
2021/12/01 00:00:00,白洋湾金墅水源地1,120.3813,31.3749,7.8,9.65,411.0,43.0,0.08,3.41
2021/12/01 06:00:00,白洋湾金墅水源地1,120.3813,31.3749,7.8,9.67,412.0,43.0,0.08,3.41
2021/12/01 12:00:00,白洋湾金墅水源地1,120.3813,31.3749,7.8,9.68,413.0,42.0,0.08,3.41
2021/12/01 18:00:00,白洋湾金墅水源地1,120.3813,31.3749,7.8,9.7,414.0,42.0,0.08,3.41
2021/12/02 00:00:00,白洋湾金墅水源地1,120.3813,31.3749,7.8,9.71,414.0,42.0,0.08,3.41
2021/12/02 06:00:00,白洋湾金墅水源地1,120.3813,31.3749,7.8,9.73,415.0,41.0,0.08,3.41
2021/12/02 12:00:00,白洋湾金墅水源地1,120.3813,31.3749,7.8,9.74,416.0,41.0,0.08,3.41
2021/12/02 18:00:00,白洋湾金墅水源地1,120.3813,31.3749,7.8,9.76,417.0,41.0,0.08,3.41
2021/12/03 00:00:00,白洋湾金墅水源地1,120.3813,31.3749,7.8,9.77,417.0,40.0,0.08,3.41
2021/12/03 06:00:00,白洋湾金墅水源地1,120.3813,31.3749,7.8,9.78,418.0,40.0,0.08,3.41
2021/12/03 12:00:00,白洋湾金墅水源地1,120.3813,31.3749,7.8,9.8,419.0,40.0,0.08,3.42
2021/12/03 18:00:00,白洋湾金墅水源地1,120.3813,31.3749,7.8,9.81,420.0,39.0,0.08,3.42
2021/12/04 00:00:00,白洋湾金墅水源地1,120.3813,31.3749,7.8,9.82,421.0,39.0,0.08,3.42
2021/12/04 06:00:00,白洋湾金墅水源地1,120.3813,31.3749,7.8,9.84,421.0,39.0,0.08,3.43
2021/12/04 12:00:00,白洋湾金墅水源地1,120.3813,31.3749,7.8,9.85,422.0,39.0,0.08,3.43
2021/12/04 18:00:00,白洋湾金墅水源地1,120.3813,31.3749,7.8,9.86,423.0,38.0,0.08,3.44
2021/12/05 00:00:00,白洋湾金墅水源地1,120.3813,31.3749,7.8,9.87,424.0,38.0,0.08,3.45
2021/12/05 06:00:00,白洋湾金墅水源地1,120.3813,31.3749,7.8,9.88,425.0,38.0,0.08,3.45
2021/12/05 12:00:00,白洋湾金墅水源地1,120.3813,31.3749,7.8,9.89,426.0,37.0,0.08,3.46
2021/12/05 18:00:00,白洋湾金墅水源地1,120.3813,31.3749,7.8,9.9,426.0,37.0,0.08,3.47
2021/12/06 00:00:00,白洋湾金墅水源地1,120.3813,31.3749,7.8,9.91,427.0,37.0,0.08,3.48
2021/12/06 06:00:00,白洋湾金墅水源地1,120.3813,31.3749,7.8,9.92,428.0,37.0,0.08,3.49
2021/12/06 12:00:00,白洋湾金墅水源地1,120.3813,31.3749,7.8,9.93,429.0,37.0,0.08,3.51
2021/12/06 18:00:00,白洋湾金墅水源地1,120.3813,31.3749,7.8,9.94,430.0,36.0,0.08,3.52
2021/12/07 00:00:00,白洋湾金墅水源地1,120.3813,31.3749,7.8,9.94,431.0,36.0,0.08,3.53
2021/12/07 06:00:00,白洋湾金墅水源地1,120.3813,31.3749,7.8,9.95,432.0,36.0,0.08,3.55
2021/12/07 12:00:00,白洋湾金墅水源地1,120.3813,31.3749,7.8,9.96,433.0,36.0,0.08,3.56
2021/12/07 18:00:00,白洋湾金墅水源地1,120.3813,31.3749,7.8,9.96,433.0,36.0,0.08,3.58
2021/12/08 00:00:00,白洋湾金墅水源地1,120.3813,31.3749,7.8,9.97,434.0,36.0,0.08,3.59
2021/12/08 06:00:00,白洋湾金墅水源地1,120.3813,31.3749,7.9,9.97,435.0,36.0,0.08,3.61
2021/12/08 12:00:00,白洋湾金墅水源地1,120.3813,31.3749,7.9,9.98,436.0,36.0,0.08,3.62
2021/12/08 18:00:00,白洋湾金墅水源地1,120.3813,31.3749,7.9,9.98,437.0,36.0,0.08,3.64
2021/12/09 00:00:00,白洋湾金墅水源地1,120.3813,31.3749,7.9,9.99,438.0,36.0,0.08,3.66
2021/12/09 06:00:00,白洋湾金墅水源地1,120.3813,31.3749,7.9,9.99,438.0,36.0,0.08,3.68
2021/12/09 12:00:00,白洋湾金墅水源地1,120.3813,31.3749,7.9,10.0,439.0,36.0,0.08,3.69
2021/12/09 18:00:00,白洋湾金墅水源地1,120.3813,31.3749,7.9,10.0,440.0,36.0,0.08,3.71
2021/12/10 00:00:00,白洋湾金墅水源地1,120.3813,31.3749,7.9,10.01,441.0,36.0,0.08,3.73
2021/12/10 06:00:00,白洋湾金墅水源地1,120.3813,31.3749,7.9,10.01,442.0,36.0,0.08,3.75
2021/12/10 12:00:00,白洋湾金墅水源地1,120.3813,31.3749,7.9,10.02,442.0,36.0,0.08,3.77
2021/12/10 18:00:00,白洋湾金墅水源地1,120.3813,31.3749,7.9,10.02,443.0,36.0,0.08,3.78
2021/12/11 00:00:00,白洋湾金墅水源地1,120.3813,31.3749,7.9,10.03,444.0,36.0,0.08,3.8
2021/12/11 06:00:00,白洋湾金墅水源地1,120.3813,31.3749,7.9,10.04,444.0,37.0,0.08,3.82
2021/12/11 12:00:00,白洋湾金墅水源地1,120.3813,31.3749,7.9,10.04,445.0,37.0,0.08,3.84
2021/12/11 18:00:00,白洋湾金墅水源地1,120.3813,31.3749,7.9,10.05,446.0,37.0,0.08,3.85
2021/12/12 00:00:00,白洋湾金墅水源地1,120.3813,31.3749,7.9,10.06,446.0,38.0,0.08,3.87
2021/12/12 06:00:00,白洋湾金墅水源地1,120.3813,31.3749,7.9,10.06,447.0,38.0,0.07,3.89
2021/12/12 12:00:00,白洋湾金墅水源地1,120.3813,31.3749,7.9,10.07,448.0,38.0,0.07,3.9
2021/12/12 18:00:00,白洋湾金墅水源地1,120.3813,31.3749,7.9,10.08,448.0,39.0,0.07,3.92
2021/12/13 00:00:00,白洋湾金墅水源地1,120.3813,31.3749,7.9,10.09,449.0,39.0,0.07,3.93
2021/12/13 06:00:00,白洋湾金墅水源地1,120.3813,31.3749,7.9,10.1,449.0,40.0,0.07,3.95
2021/12/13 12:00:00,白洋湾金墅水源地1,120.3813,31.3749,7.9,10.11,450.0,40.0,0.07,3.96
2021/12/13 18:00:00,白洋湾金墅水源地1,120.3813,31.3749,7.9,10.12,450.0,41.0,0.07,3.97
2021/12/14 00:00:00,白洋湾金墅水源地1,120.3813,31.3749,7.9,10.13,450.0,41.0,0.07,3.99
2021/12/14 06:00:00,白洋湾金墅水源地1,120.3813,31.3749,7.9,10.14,451.0,42.0,0.07,4.0
2021/12/14 12:00:00,白洋湾金墅水源地1,120.3813,31.3749,7.9,10.15,451.0,43.0,0.07,4.01
2021/12/14 18:00:00,白洋湾金墅水源地1,120.3813,31.3749,7.9,10.17,451.0,43.0,0.07,4.02
2021/12/15 00:00:00,白洋湾金墅水源地1,120.3813,31.3749,8.0,10.18,452.0,44.0,0.07,4.03
2021/12/15 06:00:00,白洋湾金墅水源地1,120.3813,31.3749,8.0,10.2,452.0,45.0,0.07,4.04
2021/12/15 12:00:00,白洋湾金墅水源地1,120.3813,31.3749,8.0,10.21,452.0,46.0,0.07,4.04
2021/12/15 18:00:00,白洋湾金墅水源地1,120.3813,31.3749,8.0,10.23,452.0,47.0,0.07,4.05
2021/12/16 00:00:00,白洋湾金墅水源地1,120.3813,31.3749,8.0,10.25,452.0,48.0,0.07,4.05
2021/12/16 06:00:00,白洋湾金墅水源地1,120.3813,31.3749,8.0,10.27,452.0,48.0,0.07,4.06
2021/12/16 12:00:00,白洋湾金墅水源地1,120.3813,31.3749,8.0,10.29,452.0,50.0,0.08,4.06
2021/12/16 18:00:00,白洋湾金墅水源地1,120.3813,31.3749,8.0,10.31,452.0,51.0,0.08,4.06
2021/12/17 00:00:00,白洋湾金墅水源地1,120.3813,31.3749,8.0,10.33,452.0,52.0,0.08,4.06
2021/12/17 06:00:00,白洋湾金墅水源地1,120.3813,31.3749,8.0,10.36,452.0,53.0,0.08,4.06
2021/12/17 12:00:00,白洋湾金墅水源地1,120.3813,31.3749,8.0,10.38,452.0,54.0,0.08,4.05
2021/12/17 18:00:00,白洋湾金墅水源地1,120.3813,31.3749,8.0,10.41,452.0,55.0,0.08,4.05
2021/12/18 00:00:00,白洋湾金墅水源地1,120.3813,31.3749,8.0,10.43,451.0,56.0,0.08,4.05
2021/12/18 06:00:00,白洋湾金墅水源地1,120.3813,31.3749,8.0,10.46,451.0,58.0,0.08,4.04
2021/12/18 12:00:00,白洋湾金墅水源地1,120.3813,31.3749,8.0,10.49,451.0,59.0,0.08,4.03
2021/12/18 18:00:00,白洋湾金墅水源地1,120.3813,31.3749,8.0,10.52,450.0,60.0,0.08,4.02
2021/12/19 00:00:00,白洋湾金墅水源地1,120.3813,31.3749,8.0,10.55,450.0,62.0,0.08,4.02
2021/12/19 06:00:00,白洋湾金墅水源地1,120.3813,31.3749,8.0,10.58,450.0,63.0,0.08,4.01
2021/12/19 12:00:00,白洋湾金墅水源地1,120.3813,31.3749,8.0,10.61,449.0,64.0,0.08,4.0
2021/12/19 18:00:00,白洋湾金墅水源地1,120.3813,31.3749,8.0,10.64,449.0,66.0,0.08,3.98
2021/12/20 00:00:00,白洋湾金墅水源地1,120.3813,31.3749,8.0,10.67,448.0,67.0,0.08,3.97
2021/12/20 06:00:00,白洋湾金墅水源地1,120.3813,31.3749,8.0,10.7,448.0,68.0,0.08,3.96
2021/12/20 12:00:00,白洋湾金墅水源地1,120.3813,31.3749,8.0,10.73,447.0,70.0,0.08,3.95
2021/12/20 18:00:00,白洋湾金墅水源地1,120.3813,31.3749,8.0,10.76,447.0,71.0,0.08,3.93
2021/12/21 00:00:00,白洋湾金墅水源地1,120.3813,31.3749,8.0,10.79,446.0,73.0,0.08,3.92
2021/12/21 06:00:00,白洋湾金墅水源地1,120.3813,31.3749,8.0,10.82,445.0,74.0,0.08,3.9
2021/12/21 12:00:00,白洋湾金墅水源地1,120.3813,31.3749,8.0,10.85,445.0,75.0,0.08,3.89
2021/12/21 18:00:00,白洋湾金墅水源地1,120.3813,31.3749,8.0,10.89,444.0,77.0,0.08,3.87
2021/12/22 00:00:00,白洋湾金墅水源地1,120.3813,31.3749,8.0,10.92,444.0,78.0,0.08,3.85
2021/12/22 06:00:00,白洋湾金墅水源地1,120.3813,31.3749,8.0,10.95,443.0,79.0,0.08,3.84
2021/12/22 12:00:00,白洋湾金墅水源地1,120.3813,31.3749,8.0,10.98,442.0,80.0,0.08,3.82
2021/12/22 18:00:00,白洋湾金墅水源地1,120.3813,31.3749,8.0,11.01,442.0,82.0,0.08,3.8
2021/12/23 00:00:00,白洋湾金墅水源地1,120.3813,31.3749,8.0,11.04,441.0,83.0,0.08,3.79
2021/12/23 06:00:00,白洋湾金墅水源地1,120.3813,31.3749,8.0,11.07,440.0,84.0,0.08,3.77
2021/12/23 12:00:00,白洋湾金墅水源地1,120.3813,31.3749,8.0,11.09,440.0,85.0,0.08,3.75
2021/12/23 18:00:00,白洋湾金墅水源地1,120.3813,31.3749,8.0,11.12,439.0,86.0,0.08,3.73
2021/12/24 00:00:00,白洋湾金墅水源地1,120.3813,31.3749,8.0,11.15,438.0,87.0,0.08,3.71
2021/12/24 06:00:00,白洋湾金墅水源地1,120.3813,31.3749,8.0,11.18,438.0,88.0,0.08,3.69
2021/12/24 12:00:00,白洋湾金墅水源地1,120.3813,31.3749,8.0,11.2,437.0,89.0,0.08,3.68
2021/12/24 18:00:00,白洋湾金墅水源地1,120.3813,31.3749,8.0,11.23,436.0,90.0,0.08,3.66
2021/12/25 00:00:00,白洋湾金墅水源地1,120.3813,31.3749,8.0,11.25,436.0,91.0,0.08,3.64
2021/12/25 06:00:00,白洋湾金墅水源地1,120.3813,31.3749,8.0,11.27,435.0,92.0,0.08,3.62
2021/12/25 12:00:00,白洋湾金墅水源地1,120.3813,31.3749,8.0,11.29,434.0,93.0,0.08,3.61
2021/12/25 18:00:00,白洋湾金墅水源地1,120.3813,31.3749,8.0,11.31,434.0,93.0,0.08,3.59
2021/12/26 00:00:00,白洋湾金墅水源地1,120.3813,31.3749,8.0,11.33,433.0,94.0,0.08,3.57
2021/12/26 06:00:00,白洋湾金墅水源地1,120.3813,31.3749,8.0,11.35,433.0,94.0,0.08,3.55
2021/12/26 12:00:00,白洋湾金墅水源地1,120.3813,31.3749,8.0,11.37,432.0,95.0,0.08,3.54
2021/12/26 18:00:00,白洋湾金墅水源地1,120.3813,31.3749,8.0,11.38,432.0,95.0,0.08,3.52
2021/12/27 00:00:00,白洋湾金墅水源地1,120.3813,31.3749,8.0,11.39,431.0,95.0,0.08,3.51
2021/12/27 06:00:00,白洋湾金墅水源地1,120.3813,31.3749,8.0,11.41,431.0,96.0,0.09,3.49
2021/12/27 12:00:00,白洋湾金墅水源地1,120.3813,31.3749,8.0,11.42,430.0,96.0,0.09,3.48
2021/12/27 18:00:00,白洋湾金墅水源地1,120.3813,31.3749,8.0,11.43,430.0,96.0,0.09,3.46
2021/12/28 00:00:00,白洋湾金墅水源地1,120.3813,31.3749,8.0,11.43,429.0,96.0,0.09,3.45
2021/12/28 06:00:00,白洋湾金墅水源地1,120.3813,31.3749,8.0,11.44,429.0,96.0,0.09,3.44
2021/12/28 12:00:00,白洋湾金墅水源地1,120.3813,31.3749,8.0,11.45,429.0,95.0,0.09,3.42
2021/12/28 18:00:00,白洋湾金墅水源地1,120.3813,31.3749,8.0,11.45,428.0,95.0,0.09,3.41
2021/12/29 00:00:00,白洋湾金墅水源地1,120.3813,31.3749,8.0,11.45,428.0,95.0,0.09,3.4
2021/12/29 06:00:00,白洋湾金墅水源地1,120.3813,31.3749,8.0,11.45,428.0,94.0,0.09,3.39
2021/12/29 12:00:00,白洋湾金墅水源地1,120.3813,31.3749,8.0,11.45,427.0,94.0,0.09,3.38
2021/12/29 18:00:00,白洋湾金墅水源地1,120.3813,31.3749,8.0,11.45,427.0,94.0,0.09,3.37
2021/12/30 00:00:00,白洋湾金墅水源地1,120.3813,31.3749,8.0,11.45,427.0,93.0,0.09,3.36
2021/12/30 06:00:00,白洋湾金墅水源地1,120.3813,31.3749,8.0,11.45,427.0,93.0,0.09,3.35
2021/12/30 12:00:00,白洋湾金墅水源地1,120.3813,31.3749,8.0,11.45,426.0,92.0,0.09,3.34
2021/12/30 18:00:00,白洋湾金墅水源地1,120.3813,31.3749,8.0,11.44,426.0,91.0,0.09,3.33
2021/12/31 00:00:00,白洋湾金墅水源地1,120.3813,31.3749,8.0,11.44,426.0,91.0,0.09,3.32
2021/12/31 06:00:00,白洋湾金墅水源地1,120.3813,31.3749,8.0,11.43,426.0,90.0,0.09,3.31
2021/12/31 12:00:00,白洋湾金墅水源地1,120.3813,31.3749,8.0,11.43,426.0,89.0,0.09,3.3
2021/12/31 18:00:00,白洋湾金墅水源地1,120.3813,31.3749,8.0,11.42,426.0,89.0,0.09,3.3
2022/01/01 00:00:00,白洋湾金墅水源地1,120.3813,31.3749,8.0,11.42,426.0,88.0,0.09,3.29
2022/01/01 06:00:00,白洋湾金墅水源地1,120.3813,31.3749,8.0,11.41,426.0,87.0,0.09,3.28
2022/01/01 12:00:00,白洋湾金墅水源地1,120.3813,31.3749,8.0,11.4,425.0,86.0,0.09,3.28
2022/01/01 18:00:00,白洋湾金墅水源地1,120.3813,31.3749,8.0,11.39,425.0,85.0,0.09,3.27
2022/01/02 00:00:00,白洋湾金墅水源地1,120.3813,31.3749,8.0,11.39,425.0,85.0,0.09,3.26
2022/01/02 06:00:00,白洋湾金墅水源地1,120.3813,31.3749,8.0,11.38,425.0,84.0,0.09,3.26
2022/01/02 12:00:00,白洋湾金墅水源地1,120.3813,31.3749,8.0,11.37,425.0,83.0,0.09,3.25
2022/01/02 18:00:00,白洋湾金墅水源地1,120.3813,31.3749,8.0,11.36,425.0,82.0,0.09,3.25
2022/01/03 00:00:00,白洋湾金墅水源地1,120.3813,31.3749,8.0,11.35,425.0,81.0,0.09,3.24
2022/01/03 06:00:00,白洋湾金墅水源地1,120.3813,31.3749,8.0,11.35,425.0,81.0,0.09,3.24
2022/01/03 12:00:00,白洋湾金墅水源地1,120.3813,31.3749,8.0,11.34,425.0,80.0,0.09,3.23
2022/01/03 18:00:00,白洋湾金墅水源地1,120.3813,31.3749,8.0,11.33,425.0,79.0,0.09,3.23
2022/01/04 00:00:00,白洋湾金墅水源地1,120.3813,31.3749,8.0,11.32,425.0,78.0,0.09,3.22
2022/01/04 06:00:00,白洋湾金墅水源地1,120.3813,31.3749,8.0,11.32,425.0,78.0,0.09,3.22
2022/01/04 12:00:00,白洋湾金墅水源地1,120.3813,31.3749,8.0,11.31,425.0,77.0,0.09,3.22
2022/01/04 18:00:00,白洋湾金墅水源地1,120.3813,31.3749,8.0,11.3,425.0,76.0,0.09,3.21
2022/01/05 00:00:00,白洋湾金墅水源地1,120.3813,31.3749,8.0,11.3,426.0,76.0,0.09,3.21
2022/01/05 06:00:00,白洋湾金墅水源地1,120.3813,31.3749,8.0,11.29,426.0,75.0,0.09,3.21
2022/01/05 12:00:00,白洋湾金墅水源地1,120.3813,31.3749,8.0,11.29,426.0,75.0,0.09,3.2
2022/01/05 18:00:00,白洋湾金墅水源地1,120.3813,31.3749,8.0,11.28,426.0,74.0,0.09,3.2
2022/01/06 00:00:00,白洋湾金墅水源地1,120.3813,31.3749,8.0,11.28,426.0,74.0,0.09,3.2
2022/01/06 06:00:00,白洋湾金墅水源地1,120.3813,31.3749,8.0,11.27,426.0,73.0,0.09,3.19
2022/01/06 12:00:00,白洋湾金墅水源地1,120.3813,31.3749,8.0,11.27,426.0,73.0,0.09,3.19
2022/01/06 18:00:00,白洋湾金墅水源地1,120.3813,31.3749,8.0,11.27,426.0,73.0,0.09,3.19
2022/01/07 00:00:00,白洋湾金墅水源地1,120.3813,31.3749,8.0,11.27,426.0,72.0,0.09,3.19
2022/01/07 06:00:00,白洋湾金墅水源地1,120.3813,31.3749,8.0,11.27,426.0,72.0,0.09,3.18
2022/01/07 12:00:00,白洋湾金墅水源地1,120.3813,31.3749,8.0,11.27,426.0,72.0,0.09,3.18
2022/01/07 18:00:00,白洋湾金墅水源地1,120.3813,31.3749,8.0,11.27,427.0,72.0,0.09,3.18
2022/01/08 00:00:00,白洋湾金墅水源地1,120.3813,31.3749,8.0,11.27,427.0,72.0,0.09,3.18
2022/01/08 06:00:00,白洋湾金墅水源地1,120.3813,31.3749,8.0,11.28,427.0,72.0,0.09,3.18
2022/01/08 12:00:00,白洋湾金墅水源地1,120.3813,31.3749,8.0,11.28,427.0,72.0,0.09,3.18
2022/01/08 18:00:00,白洋湾金墅水源地1,120.3813,31.3749,8.0,11.29,427.0,72.0,0.09,3.17
2022/01/09 00:00:00,白洋湾金墅水源地1,120.3813,31.3749,8.0,11.29,427.0,72.0,0.09,3.17
2022/01/09 06:00:00,白洋湾金墅水源地1,120.3813,31.3749,8.0,11.29,427.0,72.0,0.09,3.17
2022/01/09 12:00:00,白洋湾金墅水源地1,120.3813,31.3749,8.0,11.3,427.0,73.0,0.09,3.17
2022/01/09 18:00:00,白洋湾金墅水源地1,120.3813,31.3749,8.0,11.31,427.0,73.0,0.09,3.17
2022/01/10 00:00:00,白洋湾金墅水源地1,120.3813,31.3749,8.0,11.31,428.0,73.0,0.09,3.17
2022/01/10 06:00:00,白洋湾金墅水源地1,120.3813,31.3749,8.0,11.32,428.0,74.0,0.09,3.17
2022/01/10 12:00:00,白洋湾金墅水源地1,120.3813,31.3749,8.0,11.32,428.0,74.0,0.09,3.17
2022/01/10 18:00:00,白洋湾金墅水源地1,120.3813,31.3749,8.0,11.33,428.0,74.0,0.09,3.17
2022/01/11 00:00:00,白洋湾金墅水源地1,120.3813,31.3749,8.0,11.34,428.0,75.0,0.09,3.17
2022/01/11 06:00:00,白洋湾金墅水源地1,120.3813,31.3749,8.0,11.35,428.0,75.0,0.09,3.17
2022/01/11 12:00:00,白洋湾金墅水源地1,120.3813,31.3749,8.0,11.35,428.0,76.0,0.09,3.17
2022/01/11 18:00:00,白洋湾金墅水源地1,120.3813,31.3749,8.0,11.36,428.0,76.0,0.1,3.17
2022/01/12 00:00:00,白洋湾金墅水源地1,120.3813,31.3749,8.0,11.37,428.0,77.0,0.1,3.17
2022/01/12 06:00:00,白洋湾金墅水源地1,120.3813,31.3749,8.0,11.37,429.0,77.0,0.1,3.17
2022/01/12 12:00:00,白洋湾金墅水源地1,120.3813,31.3749,8.0,11.38,429.0,78.0,0.1,3.17
2022/01/12 18:00:00,白洋湾金墅水源地1,120.3813,31.3749,8.0,11.39,429.0,79.0,0.1,3.17
2022/01/13 00:00:00,白洋湾金墅水源地1,120.3813,31.3749,8.0,11.4,429.0,79.0,0.1,3.17
2022/01/13 06:00:00,白洋湾金墅水源地1,120.3813,31.3749,8.0,11.4,429.0,80.0,0.1,3.17
2022/01/13 12:00:00,白洋湾金墅水源地1,120.3813,31.3749,8.0,11.41,429.0,80.0,0.1,3.17
2022/01/13 18:00:00,白洋湾金墅水源地1,120.3813,31.3749,8.0,11.41,429.0,81.0,0.1,3.17
2022/01/14 00:00:00,白洋湾金墅水源地1,120.3813,31.3749,8.0,11.42,429.0,82.0,0.1,3.17
2022/01/14 06:00:00,白洋湾金墅水源地1,120.3813,31.3749,8.0,11.43,429.0,83.0,0.1,3.17
2022/01/14 12:00:00,白洋湾金墅水源地1,120.3813,31.3749,8.0,11.43,429.0,83.0,0.1,3.17
2022/01/14 18:00:00,白洋湾金墅水源地1,120.3813,31.3749,8.0,11.43,429.0,84.0,0.1,3.18
2022/01/15 00:00:00,白洋湾金墅水源地1,120.3813,31.3749,8.0,11.44,430.0,85.0,0.1,3.18
2022/01/15 06:00:00,白洋湾金墅水源地1,120.3813,31.3749,8.0,11.44,430.0,85.0,0.1,3.18
2022/01/15 12:00:00,白洋湾金墅水源地1,120.3813,31.3749,8.0,11.45,430.0,86.0,0.1,3.18
2022/01/15 18:00:00,白洋湾金墅水源地1,120.3813,31.3749,8.0,11.45,430.0,87.0,0.1,3.19
2022/01/16 00:00:00,白洋湾金墅水源地1,120.3813,31.3749,8.0,11.45,430.0,88.0,0.1,3.19
2022/01/16 06:00:00,白洋湾金墅水源地1,120.3813,31.3749,8.0,11.45,430.0,88.0,0.1,3.19
2022/01/16 12:00:00,白洋湾金墅水源地1,120.3813,31.3749,8.0,11.45,430.0,89.0,0.1,3.19
2022/01/16 18:00:00,白洋湾金墅水源地1,120.3813,31.3749,8.0,11.45,430.0,90.0,0.1,3.2
2022/01/17 00:00:00,白洋湾金墅水源地1,120.3813,31.3749,8.0,11.45,430.0,90.0,0.1,3.2
2022/01/17 06:00:00,白洋湾金墅水源地1,120.3813,31.3749,8.0,11.45,430.0,91.0,0.11,3.2
2022/01/17 12:00:00,白洋湾金墅水源地1,120.3813,31.3749,8.0,11.44,430.0,92.0,0.11,3.21
2022/01/17 18:00:00,白洋湾金墅水源地1,120.3813,31.3749,8.0,11.44,430.0,92.0,0.11,3.21
2022/01/18 00:00:00,白洋湾金墅水源地1,120.3813,31.3749,8.0,11.43,430.0,93.0,0.11,3.21
2022/01/18 06:00:00,白洋湾金墅水源地1,120.3813,31.3749,8.0,11.43,430.0,94.0,0.11,3.22
2022/01/18 12:00:00,白洋湾金墅水源地1,120.3813,31.3749,8.0,11.42,430.0,94.0,0.11,3.22
2022/01/18 18:00:00,白洋湾金墅水源地1,120.3813,31.3749,8.0,11.42,430.0,95.0,0.11,3.23
2022/01/19 00:00:00,白洋湾金墅水源地1,120.3813,31.3749,8.0,11.41,430.0,95.0,0.11,3.23
2022/01/19 06:00:00,白洋湾金墅水源地1,120.3813,31.3749,8.0,11.4,430.0,96.0,0.11,3.23
2022/01/19 12:00:00,白洋湾金墅水源地1,120.3813,31.3749,8.0,11.39,430.0,97.0,0.11,3.24
2022/01/19 18:00:00,白洋湾金墅水源地1,120.3813,31.3749,8.0,11.39,430.0,97.0,0.11,3.24
2022/01/20 00:00:00,白洋湾金墅水源地1,120.3813,31.3749,8.0,11.38,430.0,98.0,0.11,3.25
2022/01/20 06:00:00,白洋湾金墅水源地1,120.3813,31.3749,8.0,11.37,430.0,98.0,0.11,3.25
2022/01/20 12:00:00,白洋湾金墅水源地1,120.3813,31.3749,8.0,11.36,430.0,99.0,0.11,3.26
2022/01/20 18:00:00,白洋湾金墅水源地1,120.3813,31.3749,8.0,11.35,430.0,99.0,0.11,3.26
2022/01/21 00:00:00,白洋湾金墅水源地1,120.3813,31.3749,8.0,11.34,430.0,99.0,0.11,3.26
2022/01/21 06:00:00,白洋湾金墅水源地1,120.3813,31.3749,8.0,11.33,430.0,100.0,0.11,3.27
2022/01/21 12:00:00,白洋湾金墅水源地1,120.3813,31.3749,8.0,11.32,430.0,100.0,0.11,3.27
2022/01/21 18:00:00,白洋湾金墅水源地1,120.3813,31.3749,8.0,11.31,430.0,100.0,0.11,3.27
2022/01/22 00:00:00,白洋湾金墅水源地1,120.3813,31.3749,8.0,11.3,430.0,101.0,0.11,3.28
2022/01/22 06:00:00,白洋湾金墅水源地1,120.3813,31.3749,8.0,11.29,430.0,101.0,0.11,3.28
2022/01/22 12:00:00,白洋湾金墅水源地1,120.3813,31.3749,8.0,11.28,430.0,101.0,0.11,3.28
2022/01/22 18:00:00,白洋湾金墅水源地1,120.3813,31.3749,7.9,11.27,430.0,101.0,0.11,3.28
2022/01/23 00:00:00,白洋湾金墅水源地1,120.3813,31.3749,7.9,11.26,430.0,101.0,0.11,3.29
2022/01/23 06:00:00,白洋湾金墅水源地1,120.3813,31.3749,7.9,11.25,430.0,101.0,0.11,3.29
2022/01/23 12:00:00,白洋湾金墅水源地1,120.3813,31.3749,7.9,11.24,430.0,101.0,0.11,3.29
2022/01/23 18:00:00,白洋湾金墅水源地1,120.3813,31.3749,7.9,11.23,430.0,101.0,0.11,3.29
2022/01/24 00:00:00,白洋湾金墅水源地1,120.3813,31.3749,7.9,11.22,430.0,101.0,0.11,3.29
2022/01/24 06:00:00,白洋湾金墅水源地1,120.3813,31.3749,7.9,11.21,430.0,101.0,0.11,3.29
2022/01/24 12:00:00,白洋湾金墅水源地1,120.3813,31.3749,7.9,11.2,431.0,101.0,0.11,3.3
2022/01/24 18:00:00,白洋湾金墅水源地1,120.3813,31.3749,7.9,11.19,431.0,101.0,0.11,3.3
2022/01/25 00:00:00,白洋湾金墅水源地1,120.3813,31.3749,7.9,11.18,431.0,101.0,0.11,3.29
2022/01/25 06:00:00,白洋湾金墅水源地1,120.3813,31.3749,7.9,11.17,431.0,100.0,0.11,3.29
2022/01/25 12:00:00,白洋湾金墅水源地1,120.3813,31.3749,7.9,11.17,431.0,100.0,0.11,3.29
2022/01/25 18:00:00,白洋湾金墅水源地1,120.3813,31.3749,7.9,11.16,432.0,99.0,0.11,3.29
2022/01/26 00:00:00,白洋湾金墅水源地1,120.3813,31.3749,7.9,11.15,432.0,99.0,0.11,3.29
2022/01/26 06:00:00,白洋湾金墅水源地1,120.3813,31.3749,7.9,11.15,432.0,99.0,0.11,3.29
2022/01/26 12:00:00,白洋湾金墅水源地1,120.3813,31.3749,7.9,11.15,432.0,98.0,0.11,3.28
2022/01/26 18:00:00,白洋湾金墅水源地1,120.3813,31.3749,7.9,11.14,433.0,97.0,0.12,3.28
2022/01/27 00:00:00,白洋湾金墅水源地1,120.3813,31.3749,7.9,11.14,433.0,97.0,0.12,3.28
2022/01/27 06:00:00,白洋湾金墅水源地1,120.3813,31.3749,7.9,11.14,434.0,96.0,0.12,3.27
2022/01/27 12:00:00,白洋湾金墅水源地1,120.3813,31.3749,7.9,11.13,434.0,95.0,0.12,3.27
2022/01/27 18:00:00,白洋湾金墅水源地1,120.3813,31.3749,7.9,11.13,434.0,94.0,0.12,3.26
2022/01/28 00:00:00,白洋湾金墅水源地1,120.3813,31.3749,7.9,11.14,435.0,93.0,0.12,3.25
2022/01/28 06:00:00,白洋湾金墅水源地1,120.3813,31.3749,7.9,11.14,435.0,92.0,0.12,3.25
2022/01/28 12:00:00,白洋湾金墅水源地1,120.3813,31.3749,7.9,11.14,436.0,91.0,0.12,3.24
2022/01/28 18:00:00,白洋湾金墅水源地1,120.3813,31.3749,7.9,11.14,436.0,90.0,0.12,3.23
2022/01/29 00:00:00,白洋湾金墅水源地1,120.3813,31.3749,7.9,11.15,437.0,89.0,0.12,3.22
2022/01/29 06:00:00,白洋湾金墅水源地1,120.3813,31.3749,7.9,11.15,438.0,88.0,0.12,3.22
2022/01/29 12:00:00,白洋湾金墅水源地1,120.3813,31.3749,7.9,11.16,438.0,86.0,0.12,3.21
2022/01/29 18:00:00,白洋湾金墅水源地1,120.3813,31.3749,7.9,11.16,439.0,85.0,0.12,3.2
2022/01/30 00:00:00,白洋湾金墅水源地1,120.3813,31.3749,7.9,11.17,439.0,84.0,0.12,3.19
2022/01/30 06:00:00,白洋湾金墅水源地1,120.3813,31.3749,7.9,11.17,440.0,82.0,0.12,3.18
2022/01/30 12:00:00,白洋湾金墅水源地1,120.3813,31.3749,7.9,11.18,441.0,81.0,0.12,3.17
2022/01/30 18:00:00,白洋湾金墅水源地1,120.3813,31.3749,7.9,11.19,441.0,79.0,0.12,3.16
2022/01/31 00:00:00,白洋湾金墅水源地1,120.3813,31.3749,7.9,11.2,442.0,78.0,0.12,3.14
2022/01/31 06:00:00,白洋湾金墅水源地1,120.3813,31.3749,7.9,11.21,442.0,77.0,0.13,3.13
2022/01/31 12:00:00,白洋湾金墅水源地1,120.3813,31.3749,7.9,11.22,443.0,75.0,0.13,3.12
2022/01/31 18:00:00,白洋湾金墅水源地1,120.3813,31.3749,7.9,11.23,444.0,74.0,0.13,3.11
2022/02/01 00:00:00,白洋湾金墅水源地1,120.3813,31.3749,7.9,11.24,444.0,72.0,0.13,3.1
2022/02/01 06:00:00,白洋湾金墅水源地1,120.3813,31.3749,7.9,11.25,445.0,70.0,0.13,3.09
2022/02/01 12:00:00,白洋湾金墅水源地1,120.3813,31.3749,8.0,11.27,445.0,69.0,0.13,3.08
2022/02/01 18:00:00,白洋湾金墅水源地1,120.3813,31.3749,8.0,11.28,446.0,67.0,0.13,3.06
2022/02/02 00:00:00,白洋湾金墅水源地1,120.3813,31.3749,8.0,11.29,446.0,66.0,0.13,3.05
2022/02/02 06:00:00,白洋湾金墅水源地1,120.3813,31.3749,8.0,11.3,447.0,64.0,0.13,3.04
2022/02/02 12:00:00,白洋湾金墅水源地1,120.3813,31.3749,8.0,11.32,447.0,63.0,0.13,3.03
2022/02/02 18:00:00,白洋湾金墅水源地1,120.3813,31.3749,8.0,11.33,448.0,61.0,0.13,3.02
2022/02/03 00:00:00,白洋湾金墅水源地1,120.3813,31.3749,8.0,11.34,448.0,60.0,0.13,3.0
2022/02/03 06:00:00,白洋湾金墅水源地1,120.3813,31.3749,8.0,11.36,449.0,58.0,0.13,2.99
2022/02/03 12:00:00,白洋湾金墅水源地1,120.3813,31.3749,8.0,11.37,449.0,57.0,0.13,2.98
2022/02/03 18:00:00,白洋湾金墅水源地1,120.3813,31.3749,8.0,11.39,449.0,55.0,0.13,2.97
2022/02/04 00:00:00,白洋湾金墅水源地1,120.3813,31.3749,8.0,11.4,450.0,54.0,0.13,2.96
2022/02/04 06:00:00,白洋湾金墅水源地1,120.3813,31.3749,8.0,11.42,450.0,52.0,0.13,2.95
2022/02/04 12:00:00,白洋湾金墅水源地1,120.3813,31.3749,8.0,11.43,450.0,51.0,0.13,2.94
2022/02/04 18:00:00,白洋湾金墅水源地1,120.3813,31.3749,8.0,11.45,451.0,49.0,0.13,2.93
2022/02/05 00:00:00,白洋湾金墅水源地1,120.3813,31.3749,8.0,11.46,451.0,48.0,0.13,2.92
2022/02/05 06:00:00,白洋湾金墅水源地1,120.3813,31.3749,8.0,11.48,451.0,47.0,0.13,2.91
2022/02/05 12:00:00,白洋湾金墅水源地1,120.3813,31.3749,8.0,11.49,451.0,45.0,0.13,2.9
2022/02/05 18:00:00,白洋湾金墅水源地1,120.3813,31.3749,8.0,11.51,451.0,44.0,0.13,2.89
2022/02/06 00:00:00,白洋湾金墅水源地1,120.3813,31.3749,8.0,11.52,451.0,43.0,0.13,2.88
2022/02/06 06:00:00,白洋湾金墅水源地1,120.3813,31.3749,8.0,11.54,451.0,42.0,0.13,2.87
2022/02/06 12:00:00,白洋湾金墅水源地1,120.3813,31.3749,8.0,11.55,451.0,41.0,0.13,2.87
2022/02/06 18:00:00,白洋湾金墅水源地1,120.3813,31.3749,8.0,11.57,451.0,40.0,0.13,2.86
2022/02/07 00:00:00,白洋湾金墅水源地1,120.3813,31.3749,8.0,11.58,450.0,39.0,0.13,2.85
2022/02/07 06:00:00,白洋湾金墅水源地1,120.3813,31.3749,8.0,11.6,450.0,38.0,0.13,2.85
2022/02/07 12:00:00,白洋湾金墅水源地1,120.3813,31.3749,8.0,11.61,450.0,37.0,0.13,2.84
2022/02/07 18:00:00,白洋湾金墅水源地1,120.3813,31.3749,8.0,11.63,449.0,36.0,0.13,2.84
2022/02/08 00:00:00,白洋湾金墅水源地1,120.3813,31.3749,8.0,11.64,449.0,36.0,0.13,2.83
2022/02/08 06:00:00,白洋湾金墅水源地1,120.3813,31.3749,8.0,11.66,448.0,35.0,0.12,2.83
2022/02/08 12:00:00,白洋湾金墅水源地1,120.3813,31.3749,8.0,11.67,448.0,34.0,0.12,2.82
2022/02/08 18:00:00,白洋湾金墅水源地1,120.3813,31.3749,8.0,11.69,447.0,34.0,0.12,2.82
2022/02/09 00:00:00,白洋湾金墅水源地1,120.3813,31.3749,8.0,11.7,447.0,33.0,0.12,2.82
2022/02/09 06:00:00,白洋湾金墅水源地1,120.3813,31.3749,8.0,11.71,446.0,33.0,0.12,2.81
2022/02/09 12:00:00,白洋湾金墅水源地1,120.3813,31.3749,8.0,11.73,445.0,32.0,0.12,2.81
2022/02/09 18:00:00,白洋湾金墅水源地1,120.3813,31.3749,8.0,11.74,444.0,32.0,0.12,2.81
2022/02/10 00:00:00,白洋湾金墅水源地1,120.3813,31.3749,8.0,11.75,444.0,31.0,0.12,2.81
2022/02/10 06:00:00,白洋湾金墅水源地1,120.3813,31.3749,8.0,11.76,443.0,31.0,0.12,2.81
2022/02/10 12:00:00,白洋湾金墅水源地1,120.3813,31.3749,8.0,11.78,442.0,31.0,0.11,2.81
2022/02/10 18:00:00,白洋湾金墅水源地1,120.3813,31.3749,8.0,11.79,441.0,31.0,0.11,2.81
2022/02/11 00:00:00,白洋湾金墅水源地1,120.3813,31.3749,8.0,11.8,440.0,30.0,0.11,2.8
2022/02/11 06:00:00,白洋湾金墅水源地1,120.3813,31.3749,8.0,11.81,439.0,30.0,0.11,2.8
2022/02/11 12:00:00,白洋湾金墅水源地1,120.3813,31.3749,8.0,11.82,438.0,30.0,0.11,2.8
2022/02/11 18:00:00,白洋湾金墅水源地1,120.3813,31.3749,8.0,11.83,437.0,30.0,0.11,2.8
2022/02/12 00:00:00,白洋湾金墅水源地1,120.3813,31.3749,8.0,11.84,436.0,30.0,0.11,2.8
2022/02/12 06:00:00,白洋湾金墅水源地1,120.3813,31.3749,8.0,11.86,435.0,30.0,0.1,2.8
2022/02/12 12:00:00,白洋湾金墅水源地1,120.3813,31.3749,8.0,11.87,434.0,30.0,0.1,2.8
2022/02/12 18:00:00,白洋湾金墅水源地1,120.3813,31.3749,8.0,11.88,433.0,30.0,0.1,2.8
2022/02/13 00:00:00,白洋湾金墅水源地1,120.3813,31.3749,8.0,11.89,432.0,30.0,0.1,2.8
2022/02/13 06:00:00,白洋湾金墅水源地1,120.3813,31.3749,8.0,11.9,431.0,30.0,0.1,2.8
2022/02/13 12:00:00,白洋湾金墅水源地1,120.3813,31.3749,8.0,11.9,430.0,30.0,0.1,2.8
2022/02/13 18:00:00,白洋湾金墅水源地1,120.3813,31.3749,8.0,11.91,429.0,30.0,0.09,2.8
2022/02/14 00:00:00,白洋湾金墅水源地1,120.3813,31.3749,8.0,11.92,428.0,30.0,0.09,2.8
2022/02/14 06:00:00,白洋湾金墅水源地1,120.3813,31.3749,8.0,11.93,427.0,30.0,0.09,2.8
2022/02/14 12:00:00,白洋湾金墅水源地1,120.3813,31.3749,8.0,11.94,426.0,30.0,0.09,2.8
2022/02/14 18:00:00,白洋湾金墅水源地1,120.3813,31.3749,8.0,11.95,425.0,30.0,0.09,2.8
2022/02/15 00:00:00,白洋湾金墅水源地1,120.3813,31.3749,8.0,11.95,424.0,30.0,0.09,2.8
2022/02/15 06:00:00,白洋湾金墅水源地1,120.3813,31.3749,8.0,11.96,423.0,30.0,0.09,2.8
2022/02/15 12:00:00,白洋湾金墅水源地1,120.3813,31.3749,8.0,11.97,422.0,30.0,0.08,2.8
2022/02/15 18:00:00,白洋湾金墅水源地1,120.3813,31.3749,8.0,11.97,421.0,30.0,0.08,2.8
2022/02/16 00:00:00,白洋湾金墅水源地1,120.3813,31.3749,8.0,11.98,420.0,30.0,0.08,2.8
2022/02/16 06:00:00,白洋湾金墅水源地1,120.3813,31.3749,8.0,11.99,419.0,30.0,0.08,2.79
2022/02/16 12:00:00,白洋湾金墅水源地1,120.3813,31.3749,8.0,11.99,418.0,30.0,0.08,2.79
2022/02/16 18:00:00,白洋湾金墅水源地1,120.3813,31.3749,8.0,12.0,417.0,30.0,0.08,2.79
2022/02/17 00:00:00,白洋湾金墅水源地1,120.3813,31.3749,8.0,12.0,416.0,30.0,0.08,2.79
2022/02/17 06:00:00,白洋湾金墅水源地1,120.3813,31.3749,8.0,12.01,415.0,30.0,0.07,2.78
2022/02/17 12:00:00,白洋湾金墅水源地1,120.3813,31.3749,8.0,12.01,415.0,30.0,0.07,2.78
2022/02/17 18:00:00,白洋湾金墅水源地1,120.3813,31.3749,8.0,12.01,414.0,31.0,0.07,2.77
2022/02/18 00:00:00,白洋湾金墅水源地1,120.3813,31.3749,8.0,12.02,413.0,30.0,0.07,2.77
2022/02/18 06:00:00,白洋湾金墅水源地1,120.3813,31.3749,8.0,12.02,413.0,30.0,0.07,2.76
2022/02/18 12:00:00,白洋湾金墅水源地1,120.3813,31.3749,8.0,12.02,412.0,30.0,0.07,2.76
2022/02/18 18:00:00,白洋湾金墅水源地1,120.3813,31.3749,8.0,12.02,411.0,30.0,0.07,2.75
2022/02/19 00:00:00,白洋湾金墅水源地1,120.3813,31.3749,8.0,12.03,411.0,30.0,0.07,2.75
2022/02/19 06:00:00,白洋湾金墅水源地1,120.3813,31.3749,8.0,12.03,410.0,30.0,0.07,2.74
2022/02/19 12:00:00,白洋湾金墅水源地1,120.3813,31.3749,8.0,12.03,410.0,30.0,0.07,2.73
2022/02/19 18:00:00,白洋湾金墅水源地1,120.3813,31.3749,8.0,12.03,409.0,30.0,0.06,2.73
2022/02/20 00:00:00,白洋湾金墅水源地1,120.3813,31.3749,8.0,12.03,409.0,30.0,0.06,2.72
2022/02/20 06:00:00,白洋湾金墅水源地1,120.3813,31.3749,8.0,12.02,408.0,30.0,0.06,2.71
2022/02/20 12:00:00,白洋湾金墅水源地1,120.3813,31.3749,8.0,12.02,408.0,30.0,0.06,2.7
2022/02/20 18:00:00,白洋湾金墅水源地1,120.3813,31.3749,8.0,12.02,408.0,30.0,0.06,2.7
2022/02/21 00:00:00,白洋湾金墅水源地1,120.3813,31.3749,8.0,12.02,407.0,29.0,0.06,2.69
2022/02/21 06:00:00,白洋湾金墅水源地1,120.3813,31.3749,8.0,12.01,407.0,29.0,0.06,2.68
2022/02/21 12:00:00,白洋湾金墅水源地1,120.3813,31.3749,8.0,12.01,407.0,29.0,0.06,2.67
2022/02/21 18:00:00,白洋湾金墅水源地1,120.3813,31.3749,8.0,12.0,406.0,29.0,0.06,2.66
2022/02/22 00:00:00,白洋湾金墅水源地1,120.3813,31.3749,8.0,12.0,406.0,29.0,0.06,2.66
2022/02/22 06:00:00,白洋湾金墅水源地1,120.3813,31.3749,8.0,11.99,406.0,29.0,0.06,2.65
2022/02/22 12:00:00,白洋湾金墅水源地1,120.3813,31.3749,8.0,11.98,406.0,28.0,0.06,2.64
2022/02/22 18:00:00,白洋湾金墅水源地1,120.3813,31.3749,8.0,11.97,406.0,28.0,0.06,2.63
2022/02/23 00:00:00,白洋湾金墅水源地1,120.3813,31.3749,8.0,11.97,405.0,28.0,0.06,2.62
2022/02/23 06:00:00,白洋湾金墅水源地1,120.3813,31.3749,7.9,11.96,405.0,28.0,0.06,2.61
2022/02/23 12:00:00,白洋湾金墅水源地1,120.3813,31.3749,7.9,11.94,405.0,28.0,0.06,2.61
2022/02/23 18:00:00,白洋湾金墅水源地1,120.3813,31.3749,7.9,11.93,405.0,28.0,0.06,2.6
2022/02/24 00:00:00,白洋湾金墅水源地1,120.3813,31.3749,7.9,11.92,405.0,27.0,0.06,2.59
2022/02/24 06:00:00,白洋湾金墅水源地1,120.3813,31.3749,7.9,11.91,405.0,27.0,0.06,2.58
2022/02/24 12:00:00,白洋湾金墅水源地1,120.3813,31.3749,7.9,11.89,405.0,27.0,0.06,2.58
2022/02/24 18:00:00,白洋湾金墅水源地1,120.3813,31.3749,7.9,11.88,405.0,27.0,0.06,2.57
2022/02/25 00:00:00,白洋湾金墅水源地1,120.3813,31.3749,7.9,11.86,405.0,27.0,0.06,2.56
2022/02/25 06:00:00,白洋湾金墅水源地1,120.3813,31.3749,7.9,11.84,405.0,27.0,0.06,2.56
2022/02/25 12:00:00,白洋湾金墅水源地1,120.3813,31.3749,7.9,11.82,405.0,26.0,0.06,2.55
2022/02/25 18:00:00,白洋湾金墅水源地1,120.3813,31.3749,7.9,11.8,405.0,26.0,0.06,2.55
2022/02/26 00:00:00,白洋湾金墅水源地1,120.3813,31.3749,7.9,11.78,405.0,26.0,0.06,2.54
2022/02/26 06:00:00,白洋湾金墅水源地1,120.3813,31.3749,7.9,11.76,405.0,26.0,0.06,2.54
2022/02/26 12:00:00,白洋湾金墅水源地1,120.3813,31.3749,7.9,11.74,405.0,26.0,0.06,2.53
2022/02/26 18:00:00,白洋湾金墅水源地1,120.3813,31.3749,7.9,11.71,405.0,26.0,0.06,2.53
2022/02/27 00:00:00,白洋湾金墅水源地1,120.3813,31.3749,7.9,11.69,405.0,25.0,0.06,2.53
2022/02/27 06:00:00,白洋湾金墅水源地1,120.3813,31.3749,7.9,11.66,405.0,25.0,0.06,2.52
2022/02/27 12:00:00,白洋湾金墅水源地1,120.3813,31.3749,7.9,11.64,405.0,25.0,0.06,2.52
2022/02/27 18:00:00,白洋湾金墅水源地1,120.3813,31.3749,7.9,11.61,405.0,25.0,0.06,2.52
2022/02/28 00:00:00,白洋湾金墅水源地1,120.3813,31.3749,7.9,11.58,405.0,25.0,0.06,2.52
2022/02/28 06:00:00,白洋湾金墅水源地1,120.3813,31.3749,7.9,11.55,405.0,25.0,0.06,2.52
2022/02/28 12:00:00,白洋湾金墅水源地1,120.3813,31.3749,7.9,11.51,406.0,25.0,0.06,2.52
2022/02/28 18:00:00,白洋湾金墅水源地1,120.3813,31.3749,7.9,11.48,406.0,25.0,0.07,2.52
2022/03/01 00:00:00,白洋湾金墅水源地1,120.3813,31.3749,7.9,11.44,406.0,25.0,0.07,2.52
2022/03/01 06:00:00,白洋湾金墅水源地1,120.3813,31.3749,7.9,11.41,406.0,25.0,0.07,2.52
2022/03/01 12:00:00,白洋湾金墅水源地1,120.3813,31.3749,7.9,11.37,406.0,25.0,0.07,2.52
2022/03/01 18:00:00,白洋湾金墅水源地1,120.3813,31.3749,7.9,11.33,406.0,25.0,0.07,2.53
2022/03/02 00:00:00,白洋湾金墅水源地1,120.3813,31.3749,7.9,11.3,406.0,25.0,0.07,2.53
2022/03/02 06:00:00,白洋湾金墅水源地1,120.3813,31.3749,7.9,11.26,406.0,25.0,0.07,2.53
2022/03/02 12:00:00,白洋湾金墅水源地1,120.3813,31.3749,7.9,11.22,406.0,25.0,0.07,2.54
2022/03/02 18:00:00,白洋湾金墅水源地1,120.3813,31.3749,7.9,11.18,407.0,25.0,0.07,2.54
2022/03/03 00:00:00,白洋湾金墅水源地1,120.3813,31.3749,7.9,11.13,407.0,25.0,0.07,2.55
2022/03/03 06:00:00,白洋湾金墅水源地1,120.3813,31.3749,7.9,11.09,407.0,26.0,0.08,2.56
2022/03/03 12:00:00,白洋湾金墅水源地1,120.3813,31.3749,7.9,11.05,407.0,26.0,0.08,2.56
2022/03/03 18:00:00,白洋湾金墅水源地1,120.3813,31.3749,7.9,11.01,407.0,26.0,0.08,2.57
2022/03/04 00:00:00,白洋湾金墅水源地1,120.3813,31.3749,7.9,10.96,407.0,27.0,0.08,2.58
2022/03/04 06:00:00,白洋湾金墅水源地1,120.3813,31.3749,7.9,10.92,407.0,27.0,0.08,2.59
2022/03/04 12:00:00,白洋湾金墅水源地1,120.3813,31.3749,7.9,10.88,407.0,28.0,0.08,2.6
2022/03/04 18:00:00,白洋湾金墅水源地1,120.3813,31.3749,7.9,10.83,408.0,28.0,0.08,2.61
2022/03/05 00:00:00,白洋湾金墅水源地1,120.3813,31.3749,7.9,10.79,408.0,29.0,0.08,2.62
2022/03/05 06:00:00,白洋湾金墅水源地1,120.3813,31.3749,7.9,10.75,408.0,29.0,0.09,2.63
2022/03/05 12:00:00,白洋湾金墅水源地1,120.3813,31.3749,7.9,10.7,408.0,30.0,0.09,2.64
2022/03/05 18:00:00,白洋湾金墅水源地1,120.3813,31.3749,7.9,10.66,408.0,31.0,0.09,2.65
2022/03/06 00:00:00,白洋湾金墅水源地1,120.3813,31.3749,7.9,10.61,408.0,32.0,0.09,2.66
2022/03/06 06:00:00,白洋湾金墅水源地1,120.3813,31.3749,7.9,10.57,408.0,33.0,0.09,2.68
2022/03/06 12:00:00,白洋湾金墅水源地1,120.3813,31.3749,7.9,10.53,408.0,34.0,0.09,2.69
2022/03/06 18:00:00,白洋湾金墅水源地1,120.3813,31.3749,7.9,10.48,408.0,35.0,0.09,2.7
2022/03/07 00:00:00,白洋湾金墅水源地1,120.3813,31.3749,7.9,10.44,408.0,36.0,0.1,2.72
2022/03/07 06:00:00,白洋湾金墅水源地1,120.3813,31.3749,7.9,10.4,408.0,38.0,0.1,2.73
2022/03/07 12:00:00,白洋湾金墅水源地1,120.3813,31.3749,7.9,10.36,409.0,39.0,0.1,2.75
2022/03/07 18:00:00,白洋湾金墅水源地1,120.3813,31.3749,7.9,10.32,409.0,40.0,0.1,2.76
2022/03/08 00:00:00,白洋湾金墅水源地1,120.3813,31.3749,7.9,10.27,409.0,42.0,0.1,2.78
2022/03/08 06:00:00,白洋湾金墅水源地1,120.3813,31.3749,7.9,10.23,409.0,44.0,0.1,2.79
2022/03/08 12:00:00,白洋湾金墅水源地1,120.3813,31.3749,7.9,10.2,409.0,46.0,0.1,2.81
2022/03/08 18:00:00,白洋湾金墅水源地1,120.3813,31.3749,7.9,10.16,409.0,47.0,0.11,2.83
2022/03/09 00:00:00,白洋湾金墅水源地1,120.3813,31.3749,7.9,10.12,409.0,49.0,0.11,2.85
2022/03/09 06:00:00,白洋湾金墅水源地1,120.3813,31.3749,7.9,10.08,409.0,51.0,0.11,2.87
2022/03/09 12:00:00,白洋湾金墅水源地1,120.3813,31.3749,7.9,10.05,409.0,54.0,0.11,2.88
2022/03/09 18:00:00,白洋湾金墅水源地1,120.3813,31.3749,7.9,10.01,409.0,56.0,0.11,2.9
2022/03/10 00:00:00,白洋湾金墅水源地1,120.3813,31.3749,7.9,9.98,409.0,58.0,0.11,2.92
2022/03/10 06:00:00,白洋湾金墅水源地1,120.3813,31.3749,7.9,9.95,409.0,61.0,0.12,2.94
2022/03/10 12:00:00,白洋湾金墅水源地1,120.3813,31.3749,7.9,9.91,409.0,64.0,0.12,2.96
2022/03/10 18:00:00,白洋湾金墅水源地1,120.3813,31.3749,7.9,9.89,409.0,66.0,0.12,2.98
2022/03/11 00:00:00,白洋湾金墅水源地1,120.3813,31.3749,7.9,9.86,409.0,69.0,0.12,3.01
2022/03/11 06:00:00,白洋湾金墅水源地1,120.3813,31.3749,7.9,9.83,408.0,72.0,0.12,3.03
2022/03/11 12:00:00,白洋湾金墅水源地1,120.3813,31.3749,7.9,9.8,408.0,76.0,0.12,3.05
2022/03/11 18:00:00,白洋湾金墅水源地1,120.3813,31.3749,7.9,9.78,408.0,79.0,0.12,3.07
2022/03/12 00:00:00,白洋湾金墅水源地1,120.3813,31.3749,7.9,9.75,408.0,82.0,0.12,3.09
2022/03/12 06:00:00,白洋湾金墅水源地1,120.3813,31.3749,7.9,9.73,408.0,85.0,0.13,3.12
2022/03/12 12:00:00,白洋湾金墅水源地1,120.3813,31.3749,7.9,9.71,408.0,89.0,0.13,3.14
2022/03/12 18:00:00,白洋湾金墅水源地1,120.3813,31.3749,7.9,9.69,408.0,92.0,0.13,3.16
2022/03/13 00:00:00,白洋湾金墅水源地1,120.3813,31.3749,7.9,9.67,408.0,96.0,0.13,3.18
2022/03/13 06:00:00,白洋湾金墅水源地1,120.3813,31.3749,7.9,9.65,408.0,99.0,0.13,3.21
2022/03/13 12:00:00,白洋湾金墅水源地1,120.3813,31.3749,7.9,9.63,407.0,103.0,0.13,3.23
2022/03/13 18:00:00,白洋湾金墅水源地1,120.3813,31.3749,7.9,9.61,407.0,106.0,0.13,3.25
2022/03/14 00:00:00,白洋湾金墅水源地1,120.3813,31.3749,7.9,9.6,407.0,110.0,0.13,3.27
2022/03/14 06:00:00,白洋湾金墅水源地1,120.3813,31.3749,7.9,9.58,407.0,114.0,0.14,3.29
2022/03/14 12:00:00,白洋湾金墅水源地1,120.3813,31.3749,7.9,9.57,407.0,117.0,0.14,3.32
2022/03/14 18:00:00,白洋湾金墅水源地1,120.3813,31.3749,7.9,9.56,406.0,121.0,0.14,3.34
2022/03/15 00:00:00,白洋湾金墅水源地1,120.3813,31.3749,7.9,9.54,406.0,124.0,0.14,3.36
2022/03/15 06:00:00,白洋湾金墅水源地1,120.3813,31.3749,7.9,9.53,406.0,128.0,0.14,3.38
2022/03/15 12:00:00,白洋湾金墅水源地1,120.3813,31.3749,7.9,9.52,406.0,131.0,0.14,3.4
2022/03/15 18:00:00,白洋湾金墅水源地1,120.3813,31.3749,7.9,9.51,406.0,135.0,0.14,3.42
2022/03/16 00:00:00,白洋湾金墅水源地1,120.3813,31.3749,7.8,9.5,405.0,138.0,0.14,3.43
2022/03/16 06:00:00,白洋湾金墅水源地1,120.3813,31.3749,7.8,9.49,405.0,141.0,0.14,3.45
2022/03/16 12:00:00,白洋湾金墅水源地1,120.3813,31.3749,7.8,9.48,405.0,145.0,0.14,3.47
2022/03/16 18:00:00,白洋湾金墅水源地1,120.3813,31.3749,7.8,9.47,405.0,148.0,0.14,3.49
2022/03/17 00:00:00,白洋湾金墅水源地1,120.3813,31.3749,7.8,9.47,404.0,151.0,0.15,3.5
2022/03/17 06:00:00,白洋湾金墅水源地1,120.3813,31.3749,7.8,9.46,404.0,153.0,0.15,3.52
2022/03/17 12:00:00,白洋湾金墅水源地1,120.3813,31.3749,7.8,9.45,404.0,156.0,0.15,3.53
2022/03/17 18:00:00,白洋湾金墅水源地1,120.3813,31.3749,7.8,9.45,404.0,159.0,0.15,3.54
2022/03/18 00:00:00,白洋湾金墅水源地1,120.3813,31.3749,7.8,9.44,403.0,161.0,0.15,3.55
2022/03/18 06:00:00,白洋湾金墅水源地1,120.3813,31.3749,7.8,9.44,403.0,164.0,0.15,3.56
2022/03/18 12:00:00,白洋湾金墅水源地1,120.3813,31.3749,7.8,9.43,403.0,166.0,0.15,3.57
2022/03/18 18:00:00,白洋湾金墅水源地1,120.3813,31.3749,7.8,9.43,403.0,168.0,0.15,3.58
2022/03/19 00:00:00,白洋湾金墅水源地1,120.3813,31.3749,7.8,9.42,402.0,170.0,0.15,3.59
2022/03/19 06:00:00,白洋湾金墅水源地1,120.3813,31.3749,7.8,9.42,402.0,171.0,0.15,3.6
2022/03/19 12:00:00,白洋湾金墅水源地1,120.3813,31.3749,7.8,9.42,402.0,173.0,0.15,3.6
2022/03/19 18:00:00,白洋湾金墅水源地1,120.3813,31.3749,7.8,9.41,401.0,174.0,0.15,3.6
2022/03/20 00:00:00,白洋湾金墅水源地1,120.3813,31.3749,7.8,9.41,401.0,175.0,0.15,3.61
2022/03/20 06:00:00,白洋湾金墅水源地1,120.3813,31.3749,7.8,9.41,401.0,176.0,0.15,3.61
2022/03/20 12:00:00,白洋湾金墅水源地1,120.3813,31.3749,7.8,9.41,401.0,177.0,0.15,3.61
2022/03/20 18:00:00,白洋湾金墅水源地1,120.3813,31.3749,7.8,9.4,400.0,177.0,0.15,3.6
2022/03/21 00:00:00,白洋湾金墅水源地1,120.3813,31.3749,7.8,9.4,400.0,177.0,0.15,3.6
2022/03/21 06:00:00,白洋湾金墅水源地1,120.3813,31.3749,7.8,9.4,400.0,177.0,0.15,3.59
2022/03/21 12:00:00,白洋湾金墅水源地1,120.3813,31.3749,7.8,9.4,399.0,177.0,0.15,3.59
2022/03/21 18:00:00,白洋湾金墅水源地1,120.3813,31.3749,7.8,9.4,399.0,176.0,0.14,3.58
2022/03/22 00:00:00,白洋湾金墅水源地1,120.3813,31.3749,7.8,9.39,399.0,175.0,0.14,3.57
2022/03/22 06:00:00,白洋湾金墅水源地1,120.3813,31.3749,7.8,9.39,399.0,174.0,0.14,3.56
2022/03/22 12:00:00,白洋湾金墅水源地1,120.3813,31.3749,7.8,9.39,398.0,173.0,0.14,3.54
2022/03/22 18:00:00,白洋湾金墅水源地1,120.3813,31.3749,7.8,9.39,398.0,172.0,0.14,3.53
2022/03/23 00:00:00,白洋湾金墅水源地1,120.3813,31.3749,7.8,9.38,398.0,170.0,0.14,3.52
2022/03/23 06:00:00,白洋湾金墅水源地1,120.3813,31.3749,7.8,9.38,397.0,168.0,0.14,3.5
2022/03/23 12:00:00,白洋湾金墅水源地1,120.3813,31.3749,7.8,9.38,397.0,166.0,0.14,3.48
2022/03/23 18:00:00,白洋湾金墅水源地1,120.3813,31.3749,7.8,9.38,397.0,164.0,0.14,3.46
2022/03/24 00:00:00,白洋湾金墅水源地1,120.3813,31.3749,7.8,9.37,397.0,162.0,0.14,3.44
2022/03/24 06:00:00,白洋湾金墅水源地1,120.3813,31.3749,7.8,9.37,396.0,159.0,0.13,3.42
2022/03/24 12:00:00,白洋湾金墅水源地1,120.3813,31.3749,7.8,9.37,396.0,157.0,0.13,3.4
2022/03/24 18:00:00,白洋湾金墅水源地1,120.3813,31.3749,7.8,9.36,396.0,154.0,0.13,3.38
2022/03/25 00:00:00,白洋湾金墅水源地1,120.3813,31.3749,7.8,9.36,396.0,151.0,0.13,3.36
2022/03/25 06:00:00,白洋湾金墅水源地1,120.3813,31.3749,7.8,9.35,395.0,148.0,0.13,3.34
2022/03/25 12:00:00,白洋湾金墅水源地1,120.3813,31.3749,7.8,9.35,395.0,145.0,0.13,3.31
2022/03/25 18:00:00,白洋湾金墅水源地1,120.3813,31.3749,7.8,9.34,395.0,142.0,0.13,3.29
2022/03/26 00:00:00,白洋湾金墅水源地1,120.3813,31.3749,7.8,9.34,395.0,139.0,0.13,3.26
2022/03/26 06:00:00,白洋湾金墅水源地1,120.3813,31.3749,7.8,9.33,394.0,136.0,0.12,3.24
2022/03/26 12:00:00,白洋湾金墅水源地1,120.3813,31.3749,7.8,9.32,394.0,132.0,0.12,3.21
2022/03/26 18:00:00,白洋湾金墅水源地1,120.3813,31.3749,7.8,9.32,394.0,129.0,0.12,3.19
2022/03/27 00:00:00,白洋湾金墅水源地1,120.3813,31.3749,7.8,9.31,394.0,125.0,0.12,3.16
2022/03/27 06:00:00,白洋湾金墅水源地1,120.3813,31.3749,7.8,9.3,394.0,122.0,0.12,3.14
2022/03/27 12:00:00,白洋湾金墅水源地1,120.3813,31.3749,7.8,9.29,393.0,118.0,0.12,3.11
2022/03/27 18:00:00,白洋湾金墅水源地1,120.3813,31.3749,7.8,9.28,393.0,115.0,0.12,3.09
2022/03/28 00:00:00,白洋湾金墅水源地1,120.3813,31.3749,7.9,9.27,393.0,111.0,0.11,3.06
2022/03/28 06:00:00,白洋湾金墅水源地1,120.3813,31.3749,7.9,9.26,393.0,107.0,0.11,3.04
2022/03/28 12:00:00,白洋湾金墅水源地1,120.3813,31.3749,7.9,9.25,393.0,104.0,0.11,3.01
2022/03/28 18:00:00,白洋湾金墅水源地1,120.3813,31.3749,7.9,9.24,393.0,100.0,0.11,2.99
2022/03/29 00:00:00,白洋湾金墅水源地1,120.3813,31.3749,7.9,9.23,393.0,97.0,0.11,2.96
2022/03/29 06:00:00,白洋湾金墅水源地1,120.3813,31.3749,7.9,9.21,392.0,93.0,0.11,2.94
2022/03/29 12:00:00,白洋湾金墅水源地1,120.3813,31.3749,7.9,9.2,392.0,90.0,0.1,2.92
2022/03/29 18:00:00,白洋湾金墅水源地1,120.3813,31.3749,7.9,9.19,392.0,86.0,0.1,2.9
2022/03/30 00:00:00,白洋湾金墅水源地1,120.3813,31.3749,7.9,9.17,392.0,83.0,0.1,2.87
2022/03/30 06:00:00,白洋湾金墅水源地1,120.3813,31.3749,7.9,9.15,392.0,80.0,0.1,2.85
2022/03/30 12:00:00,白洋湾金墅水源地1,120.3813,31.3749,7.9,9.14,392.0,76.0,0.1,2.83
2022/03/30 18:00:00,白洋湾金墅水源地1,120.3813,31.3749,7.9,9.12,392.0,73.0,0.1,2.81
2022/03/31 00:00:00,白洋湾金墅水源地1,120.3813,31.3749,7.9,9.1,392.0,70.0,0.1,2.79
2022/03/31 06:00:00,白洋湾金墅水源地1,120.3813,31.3749,7.9,9.08,392.0,67.0,0.1,2.78
2022/03/31 12:00:00,白洋湾金墅水源地1,120.3813,31.3749,8.0,9.06,392.0,64.0,0.1,2.76
2022/03/31 18:00:00,白洋湾金墅水源地1,120.3813,31.3749,8.0,9.03,392.0,62.0,0.09,2.74
2022/04/01 00:00:00,白洋湾金墅水源地1,120.3813,31.3749,8.0,9.01,392.0,59.0,0.09,2.73
2022/04/01 06:00:00,白洋湾金墅水源地1,120.3813,31.3749,8.0,8.99,392.0,57.0,0.09,2.71
2022/04/01 12:00:00,白洋湾金墅水源地1,120.3813,31.3749,8.0,8.96,392.0,54.0,0.09,2.7
2022/04/01 18:00:00,白洋湾金墅水源地1,120.3813,31.3749,8.0,8.94,392.0,52.0,0.09,2.69
2022/04/02 00:00:00,白洋湾金墅水源地1,120.3813,31.3749,8.0,8.91,392.0,50.0,0.09,2.68
2022/04/02 06:00:00,白洋湾金墅水源地1,120.3813,31.3749,8.0,8.88,392.0,48.0,0.09,2.67
2022/04/02 12:00:00,白洋湾金墅水源地1,120.3813,31.3749,8.0,8.85,392.0,46.0,0.09,2.66
2022/04/02 18:00:00,白洋湾金墅水源地1,120.3813,31.3749,8.0,8.83,392.0,44.0,0.09,2.65
2022/04/03 00:00:00,白洋湾金墅水源地1,120.3813,31.3749,8.0,8.8,392.0,42.0,0.09,2.64
2022/04/03 06:00:00,白洋湾金墅水源地1,120.3813,31.3749,8.0,8.77,392.0,41.0,0.09,2.64
2022/04/03 12:00:00,白洋湾金墅水源地1,120.3813,31.3749,8.1,8.74,393.0,39.0,0.09,2.63
2022/04/03 18:00:00,白洋湾金墅水源地1,120.3813,31.3749,8.1,8.71,393.0,38.0,0.08,2.63
2022/04/04 00:00:00,白洋湾金墅水源地1,120.3813,31.3749,8.1,8.67,393.0,36.0,0.08,2.62
2022/04/04 06:00:00,白洋湾金墅水源地1,120.3813,31.3749,8.1,8.64,393.0,35.0,0.08,2.62
2022/04/04 12:00:00,白洋湾金墅水源地1,120.3813,31.3749,8.1,8.61,393.0,34.0,0.08,2.61
2022/04/04 18:00:00,白洋湾金墅水源地1,120.3813,31.3749,8.1,8.58,393.0,32.0,0.08,2.61
2022/04/05 00:00:00,白洋湾金墅水源地1,120.3813,31.3749,8.1,8.55,394.0,31.0,0.08,2.61
2022/04/05 06:00:00,白洋湾金墅水源地1,120.3813,31.3749,8.1,8.51,394.0,30.0,0.08,2.61
2022/04/05 12:00:00,白洋湾金墅水源地1,120.3813,31.3749,8.1,8.48,394.0,29.0,0.08,2.6
2022/04/05 18:00:00,白洋湾金墅水源地1,120.3813,31.3749,8.1,8.45,394.0,29.0,0.08,2.6
2022/04/06 00:00:00,白洋湾金墅水源地1,120.3813,31.3749,8.1,8.41,394.0,28.0,0.08,2.6
2022/04/06 06:00:00,白洋湾金墅水源地1,120.3813,31.3749,8.1,8.38,395.0,27.0,0.08,2.6
2022/04/06 12:00:00,白洋湾金墅水源地1,120.3813,31.3749,8.2,8.35,395.0,26.0,0.08,2.6
2022/04/06 18:00:00,白洋湾金墅水源地1,120.3813,31.3749,8.2,8.31,395.0,26.0,0.08,2.6
2022/04/07 00:00:00,白洋湾金墅水源地1,120.3813,31.3749,8.2,8.28,395.0,25.0,0.08,2.6
2022/04/07 06:00:00,白洋湾金墅水源地1,120.3813,31.3749,8.2,8.24,396.0,24.0,0.08,2.6
2022/04/07 12:00:00,白洋湾金墅水源地1,120.3813,31.3749,8.2,8.21,396.0,24.0,0.08,2.6
2022/04/07 18:00:00,白洋湾金墅水源地1,120.3813,31.3749,8.2,8.18,396.0,23.0,0.08,2.6
2022/04/08 00:00:00,白洋湾金墅水源地1,120.3813,31.3749,8.2,8.15,396.0,23.0,0.08,2.6
2022/04/08 06:00:00,白洋湾金墅水源地1,120.3813,31.3749,8.2,8.11,397.0,23.0,0.08,2.6
2022/04/08 12:00:00,白洋湾金墅水源地1,120.3813,31.3749,8.2,8.08,397.0,22.0,0.08,2.61
2022/04/08 18:00:00,白洋湾金墅水源地1,120.3813,31.3749,8.2,8.05,397.0,22.0,0.08,2.61
2022/04/09 00:00:00,白洋湾金墅水源地1,120.3813,31.3749,8.2,8.02,397.0,22.0,0.08,2.61
2022/04/09 06:00:00,白洋湾金墅水源地1,120.3813,31.3749,8.2,7.99,398.0,21.0,0.08,2.61
2022/04/09 12:00:00,白洋湾金墅水源地1,120.3813,31.3749,8.2,7.95,398.0,21.0,0.08,2.61
2022/04/09 18:00:00,白洋湾金墅水源地1,120.3813,31.3749,8.2,7.92,398.0,21.0,0.08,2.61
2022/04/10 00:00:00,白洋湾金墅水源地1,120.3813,31.3749,8.2,7.89,399.0,21.0,0.08,2.61
2022/04/10 06:00:00,白洋湾金墅水源地1,120.3813,31.3749,8.2,7.87,399.0,20.0,0.08,2.61
2022/04/10 12:00:00,白洋湾金墅水源地1,120.3813,31.3749,8.2,7.84,399.0,20.0,0.08,2.61
2022/04/10 18:00:00,白洋湾金墅水源地1,120.3813,31.3749,8.2,7.81,400.0,20.0,0.08,2.61
2022/04/11 00:00:00,白洋湾金墅水源地1,120.3813,31.3749,8.2,7.78,400.0,20.0,0.08,2.61
2022/04/11 06:00:00,白洋湾金墅水源地1,120.3813,31.3749,8.2,7.76,400.0,20.0,0.08,2.61
2022/04/11 12:00:00,白洋湾金墅水源地1,120.3813,31.3749,8.2,7.73,401.0,19.0,0.08,2.61
2022/04/11 18:00:00,白洋湾金墅水源地1,120.3813,31.3749,8.2,7.7,401.0,19.0,0.08,2.61
2022/04/12 00:00:00,白洋湾金墅水源地1,120.3813,31.3749,8.2,7.68,401.0,19.0,0.08,2.6
2022/04/12 06:00:00,白洋湾金墅水源地1,120.3813,31.3749,8.2,7.66,402.0,19.0,0.08,2.6
2022/04/12 12:00:00,白洋湾金墅水源地1,120.3813,31.3749,8.2,7.63,402.0,19.0,0.08,2.6
2022/04/12 18:00:00,白洋湾金墅水源地1,120.3813,31.3749,8.2,7.61,402.0,19.0,0.07,2.6
2022/04/13 00:00:00,白洋湾金墅水源地1,120.3813,31.3749,8.2,7.59,403.0,19.0,0.07,2.59
2022/04/13 06:00:00,白洋湾金墅水源地1,120.3813,31.3749,8.2,7.57,403.0,18.0,0.07,2.59
2022/04/13 12:00:00,白洋湾金墅水源地1,120.3813,31.3749,8.1,7.55,404.0,18.0,0.07,2.59
2022/04/13 18:00:00,白洋湾金墅水源地1,120.3813,31.3749,8.1,7.53,404.0,18.0,0.07,2.58
2022/04/14 00:00:00,白洋湾金墅水源地1,120.3813,31.3749,8.1,7.51,404.0,18.0,0.07,2.58
2022/04/14 06:00:00,白洋湾金墅水源地1,120.3813,31.3749,8.1,7.49,405.0,18.0,0.07,2.58
2022/04/14 12:00:00,白洋湾金墅水源地1,120.3813,31.3749,8.1,7.48,405.0,18.0,0.07,2.57
2022/04/14 18:00:00,白洋湾金墅水源地1,120.3813,31.3749,8.1,7.46,405.0,18.0,0.07,2.57
2022/04/15 00:00:00,白洋湾金墅水源地1,120.3813,31.3749,8.1,7.44,406.0,17.0,0.07,2.56
2022/04/15 06:00:00,白洋湾金墅水源地1,120.3813,31.3749,8.1,7.43,406.0,17.0,0.07,2.56
2022/04/15 12:00:00,白洋湾金墅水源地1,120.3813,31.3749,8.1,7.41,407.0,17.0,0.07,2.56
2022/04/15 18:00:00,白洋湾金墅水源地1,120.3813,31.3749,8.1,7.4,407.0,17.0,0.07,2.55
2022/04/16 00:00:00,白洋湾金墅水源地1,120.3813,31.3749,8.1,7.39,407.0,17.0,0.07,2.55
2022/04/16 06:00:00,白洋湾金墅水源地1,120.3813,31.3749,8.0,7.37,408.0,17.0,0.07,2.54
2022/04/16 12:00:00,白洋湾金墅水源地1,120.3813,31.3749,8.0,7.36,408.0,17.0,0.07,2.54
2022/04/16 18:00:00,白洋湾金墅水源地1,120.3813,31.3749,8.0,7.35,409.0,17.0,0.07,2.53
2022/04/17 00:00:00,白洋湾金墅水源地1,120.3813,31.3749,8.0,7.34,409.0,17.0,0.07,2.53
2022/04/17 06:00:00,白洋湾金墅水源地1,120.3813,31.3749,8.0,7.33,409.0,17.0,0.07,2.52
2022/04/17 12:00:00,白洋湾金墅水源地1,120.3813,31.3749,8.0,7.32,410.0,16.0,0.07,2.52
2022/04/17 18:00:00,白洋湾金墅水源地1,120.3813,31.3749,8.0,7.31,410.0,16.0,0.07,2.51
2022/04/18 00:00:00,白洋湾金墅水源地1,120.3813,31.3749,8.0,7.3,411.0,16.0,0.07,2.51
2022/04/18 06:00:00,白洋湾金墅水源地1,120.3813,31.3749,8.0,7.29,411.0,16.0,0.07,2.5
2022/04/18 12:00:00,白洋湾金墅水源地1,120.3813,31.3749,7.9,7.28,411.0,16.0,0.07,2.5
2022/04/18 18:00:00,白洋湾金墅水源地1,120.3813,31.3749,7.9,7.28,412.0,16.0,0.07,2.49
2022/04/19 00:00:00,白洋湾金墅水源地1,120.3813,31.3749,7.9,7.27,412.0,16.0,0.07,2.49
2022/04/19 06:00:00,白洋湾金墅水源地1,120.3813,31.3749,7.9,7.26,413.0,16.0,0.07,2.49
2022/04/19 12:00:00,白洋湾金墅水源地1,120.3813,31.3749,7.9,7.26,413.0,16.0,0.07,2.48
2022/04/19 18:00:00,白洋湾金墅水源地1,120.3813,31.3749,7.9,7.25,414.0,16.0,0.07,2.48
2022/04/20 00:00:00,白洋湾金墅水源地1,120.3813,31.3749,7.9,7.25,414.0,16.0,0.07,2.47
2022/04/20 06:00:00,白洋湾金墅水源地1,120.3813,31.3749,7.9,7.24,415.0,16.0,0.07,2.47
2022/04/20 12:00:00,白洋湾金墅水源地1,120.3813,31.3749,7.9,7.24,415.0,16.0,0.07,2.47
2022/04/20 18:00:00,白洋湾金墅水源地1,120.3813,31.3749,7.9,7.24,415.0,16.0,0.07,2.46
2022/04/21 00:00:00,白洋湾金墅水源地1,120.3813,31.3749,7.8,7.23,416.0,16.0,0.07,2.46
2022/04/21 06:00:00,白洋湾金墅水源地1,120.3813,31.3749,7.8,7.23,416.0,16.0,0.07,2.46
2022/04/21 12:00:00,白洋湾金墅水源地1,120.3813,31.3749,7.8,7.23,417.0,16.0,0.07,2.45
2022/04/21 18:00:00,白洋湾金墅水源地1,120.3813,31.3749,7.8,7.23,417.0,16.0,0.07,2.45
2022/04/22 00:00:00,白洋湾金墅水源地1,120.3813,31.3749,7.8,7.23,418.0,16.0,0.07,2.45
2022/04/22 06:00:00,白洋湾金墅水源地1,120.3813,31.3749,7.8,7.23,418.0,16.0,0.07,2.45
2022/04/22 12:00:00,白洋湾金墅水源地1,120.3813,31.3749,7.8,7.23,419.0,16.0,0.07,2.45
2022/04/22 18:00:00,白洋湾金墅水源地1,120.3813,31.3749,7.8,7.23,419.0,16.0,0.07,2.45
2022/04/23 00:00:00,白洋湾金墅水源地1,120.3813,31.3749,7.8,7.23,420.0,17.0,0.07,2.44
2022/04/23 06:00:00,白洋湾金墅水源地1,120.3813,31.3749,7.8,7.23,420.0,17.0,0.07,2.44
2022/04/23 12:00:00,白洋湾金墅水源地1,120.3813,31.3749,7.8,7.23,421.0,17.0,0.07,2.44
2022/04/23 18:00:00,白洋湾金墅水源地1,120.3813,31.3749,7.8,7.23,421.0,17.0,0.07,2.44
2022/04/24 00:00:00,白洋湾金墅水源地1,120.3813,31.3749,7.8,7.23,422.0,17.0,0.07,2.44
2022/04/24 06:00:00,白洋湾金墅水源地1,120.3813,31.3749,7.8,7.23,422.0,17.0,0.07,2.44
2022/04/24 12:00:00,白洋湾金墅水源地1,120.3813,31.3749,7.8,7.24,422.0,17.0,0.07,2.44
2022/04/24 18:00:00,白洋湾金墅水源地1,120.3813,31.3749,7.8,7.24,423.0,17.0,0.07,2.44
2022/04/25 00:00:00,白洋湾金墅水源地1,120.3813,31.3749,7.8,7.24,423.0,17.0,0.07,2.44
2022/04/25 06:00:00,白洋湾金墅水源地1,120.3813,31.3749,7.8,7.24,424.0,17.0,0.07,2.45
2022/04/25 12:00:00,白洋湾金墅水源地1,120.3813,31.3749,7.8,7.24,424.0,17.0,0.07,2.45
2022/04/25 18:00:00,白洋湾金墅水源地1,120.3813,31.3749,7.8,7.25,425.0,18.0,0.07,2.45
2022/04/26 00:00:00,白洋湾金墅水源地1,120.3813,31.3749,7.8,7.25,425.0,18.0,0.07,2.45
2022/04/26 06:00:00,白洋湾金墅水源地1,120.3813,31.3749,7.8,7.25,426.0,18.0,0.07,2.45
2022/04/26 12:00:00,白洋湾金墅水源地1,120.3813,31.3749,7.8,7.26,426.0,18.0,0.07,2.45
2022/04/26 18:00:00,白洋湾金墅水源地1,120.3813,31.3749,7.8,7.26,426.0,18.0,0.08,2.46
2022/04/27 00:00:00,白洋湾金墅水源地1,120.3813,31.3749,7.8,7.26,427.0,18.0,0.08,2.46
2022/04/27 06:00:00,白洋湾金墅水源地1,120.3813,31.3749,7.8,7.26,427.0,18.0,0.08,2.46
2022/04/27 12:00:00,白洋湾金墅水源地1,120.3813,31.3749,7.8,7.27,428.0,18.0,0.08,2.47
2022/04/27 18:00:00,白洋湾金墅水源地1,120.3813,31.3749,7.8,7.27,428.0,19.0,0.08,2.47
2022/04/28 00:00:00,白洋湾金墅水源地1,120.3813,31.3749,7.8,7.27,428.0,19.0,0.08,2.47
2022/04/28 06:00:00,白洋湾金墅水源地1,120.3813,31.3749,7.8,7.27,429.0,19.0,0.08,2.48
2022/04/28 12:00:00,白洋湾金墅水源地1,120.3813,31.3749,7.8,7.28,429.0,19.0,0.08,2.48
2022/04/28 18:00:00,白洋湾金墅水源地1,120.3813,31.3749,7.8,7.28,429.0,19.0,0.08,2.49
2022/04/29 00:00:00,白洋湾金墅水源地1,120.3813,31.3749,7.8,7.28,430.0,19.0,0.08,2.49
2022/04/29 06:00:00,白洋湾金墅水源地1,120.3813,31.3749,7.8,7.28,430.0,19.0,0.08,2.5
2022/04/29 12:00:00,白洋湾金墅水源地1,120.3813,31.3749,7.8,7.28,430.0,19.0,0.08,2.5
2022/04/29 18:00:00,白洋湾金墅水源地1,120.3813,31.3749,7.8,7.28,431.0,19.0,0.08,2.51
2022/04/30 00:00:00,白洋湾金墅水源地1,120.3813,31.3749,7.8,7.28,431.0,20.0,0.08,2.51
2022/04/30 06:00:00,白洋湾金墅水源地1,120.3813,31.3749,7.8,7.29,431.0,20.0,0.08,2.52
2022/04/30 12:00:00,白洋湾金墅水源地1,120.3813,31.3749,7.8,7.29,431.0,20.0,0.08,2.52
2022/04/30 18:00:00,白洋湾金墅水源地1,120.3813,31.3749,7.8,7.29,432.0,20.0,0.08,2.53
2022/05/01 00:00:00,白洋湾金墅水源地1,120.3813,31.3749,7.8,7.28,432.0,20.0,0.08,2.54
2022/05/01 06:00:00,白洋湾金墅水源地1,120.3813,31.3749,7.8,7.28,432.0,20.0,0.08,2.54
2022/05/01 12:00:00,白洋湾金墅水源地1,120.3813,31.3749,7.8,7.28,432.0,20.0,0.08,2.55
2022/05/01 18:00:00,白洋湾金墅水源地1,120.3813,31.3749,7.8,7.28,432.0,20.0,0.08,2.56
2022/05/02 00:00:00,白洋湾金墅水源地1,120.3813,31.3749,7.8,7.28,432.0,20.0,0.08,2.56
2022/05/02 06:00:00,白洋湾金墅水源地1,120.3813,31.3749,7.8,7.28,432.0,20.0,0.08,2.57
2022/05/02 12:00:00,白洋湾金墅水源地1,120.3813,31.3749,7.8,7.27,433.0,20.0,0.08,2.58
2022/05/02 18:00:00,白洋湾金墅水源地1,120.3813,31.3749,7.8,7.27,433.0,20.0,0.08,2.59
2022/05/03 00:00:00,白洋湾金墅水源地1,120.3813,31.3749,7.8,7.26,433.0,20.0,0.08,2.6
2022/05/03 06:00:00,白洋湾金墅水源地1,120.3813,31.3749,7.8,7.26,433.0,20.0,0.08,2.6
2022/05/03 12:00:00,白洋湾金墅水源地1,120.3813,31.3749,7.8,7.26,433.0,20.0,0.08,2.61
2022/05/03 18:00:00,白洋湾金墅水源地1,120.3813,31.3749,7.8,7.25,433.0,20.0,0.08,2.62
2022/05/04 00:00:00,白洋湾金墅水源地1,120.3813,31.3749,7.8,7.25,433.0,20.0,0.08,2.63
2022/05/04 06:00:00,白洋湾金墅水源地1,120.3813,31.3749,7.8,7.24,433.0,20.0,0.08,2.64
2022/05/04 12:00:00,白洋湾金墅水源地1,120.3813,31.3749,7.8,7.23,433.0,21.0,0.08,2.64
2022/05/04 18:00:00,白洋湾金墅水源地1,120.3813,31.3749,7.8,7.23,433.0,21.0,0.08,2.65
2022/05/05 00:00:00,白洋湾金墅水源地1,120.3813,31.3749,7.8,7.22,433.0,21.0,0.08,2.66
2022/05/05 06:00:00,白洋湾金墅水源地1,120.3813,31.3749,7.8,7.22,433.0,21.0,0.08,2.66
2022/05/05 12:00:00,白洋湾金墅水源地1,120.3813,31.3749,7.8,7.21,433.0,21.0,0.08,2.67
2022/05/05 18:00:00,白洋湾金墅水源地1,120.3813,31.3749,7.8,7.21,432.0,21.0,0.08,2.67
2022/05/06 00:00:00,白洋湾金墅水源地1,120.3813,31.3749,7.8,7.2,432.0,21.0,0.08,2.68
2022/05/06 06:00:00,白洋湾金墅水源地1,120.3813,31.3749,7.8,7.19,432.0,21.0,0.08,2.68
2022/05/06 12:00:00,白洋湾金墅水源地1,120.3813,31.3749,7.8,7.19,432.0,21.0,0.08,2.69
2022/05/06 18:00:00,白洋湾金墅水源地1,120.3813,31.3749,7.8,7.18,432.0,21.0,0.08,2.69
2022/05/07 00:00:00,白洋湾金墅水源地1,120.3813,31.3749,7.8,7.18,432.0,21.0,0.08,2.69
2022/05/07 06:00:00,白洋湾金墅水源地1,120.3813,31.3749,7.8,7.17,432.0,21.0,0.08,2.7
2022/05/07 12:00:00,白洋湾金墅水源地1,120.3813,31.3749,7.8,7.17,432.0,21.0,0.08,2.7
2022/05/07 18:00:00,白洋湾金墅水源地1,120.3813,31.3749,7.8,7.16,432.0,21.0,0.08,2.7
2022/05/08 00:00:00,白洋湾金墅水源地1,120.3813,31.3749,7.8,7.16,432.0,21.0,0.08,2.69
2022/05/08 06:00:00,白洋湾金墅水源地1,120.3813,31.3749,7.9,7.15,432.0,21.0,0.08,2.69
2022/05/08 12:00:00,白洋湾金墅水源地1,120.3813,31.3749,7.9,7.15,431.0,21.0,0.08,2.69
2022/05/08 18:00:00,白洋湾金墅水源地1,120.3813,31.3749,7.9,7.15,431.0,21.0,0.08,2.69
2022/05/09 00:00:00,白洋湾金墅水源地1,120.3813,31.3749,7.9,7.14,431.0,21.0,0.08,2.68
2022/05/09 06:00:00,白洋湾金墅水源地1,120.3813,31.3749,7.9,7.14,431.0,21.0,0.08,2.67
2022/05/09 12:00:00,白洋湾金墅水源地1,120.3813,31.3749,7.9,7.14,431.0,21.0,0.08,2.67
2022/05/09 18:00:00,白洋湾金墅水源地1,120.3813,31.3749,7.9,7.14,431.0,21.0,0.08,2.66
2022/05/10 00:00:00,白洋湾金墅水源地1,120.3813,31.3749,7.9,7.14,431.0,21.0,0.08,2.65
2022/05/10 06:00:00,白洋湾金墅水源地1,120.3813,31.3749,7.9,7.13,431.0,21.0,0.08,2.64
2022/05/10 12:00:00,白洋湾金墅水源地1,120.3813,31.3749,7.9,7.13,431.0,21.0,0.08,2.62
2022/05/10 18:00:00,白洋湾金墅水源地1,120.3813,31.3749,7.9,7.14,431.0,21.0,0.08,2.61
2022/05/11 00:00:00,白洋湾金墅水源地1,120.3813,31.3749,7.9,7.14,431.0,21.0,0.08,2.59
2022/05/11 06:00:00,白洋湾金墅水源地1,120.3813,31.3749,7.9,7.14,431.0,21.0,0.08,2.58
2022/05/11 12:00:00,白洋湾金墅水源地1,120.3813,31.3749,7.9,7.14,431.0,22.0,0.08,2.56
2022/05/11 18:00:00,白洋湾金墅水源地1,120.3813,31.3749,7.9,7.15,431.0,22.0,0.08,2.54
2022/05/12 00:00:00,白洋湾金墅水源地1,120.3813,31.3749,7.9,7.15,431.0,22.0,0.08,2.51
2022/05/12 06:00:00,白洋湾金墅水源地1,120.3813,31.3749,7.9,7.16,431.0,22.0,0.08,2.49
2022/05/12 12:00:00,白洋湾金墅水源地1,120.3813,31.3749,7.9,7.16,431.0,22.0,0.08,2.46
2022/05/12 18:00:00,白洋湾金墅水源地1,120.3813,31.3749,7.9,7.17,431.0,22.0,0.08,2.44
2022/05/13 00:00:00,白洋湾金墅水源地1,120.3813,31.3749,7.9,7.18,431.0,22.0,0.08,2.41
2022/05/13 06:00:00,白洋湾金墅水源地1,120.3813,31.3749,7.9,7.19,431.0,22.0,0.08,2.38
2022/05/13 12:00:00,白洋湾金墅水源地1,120.3813,31.3749,7.9,7.2,431.0,23.0,0.08,2.35
2022/05/13 18:00:00,白洋湾金墅水源地1,120.3813,31.3749,7.9,7.21,432.0,23.0,0.08,2.31
2022/05/14 00:00:00,白洋湾金墅水源地1,120.3813,31.3749,7.9,7.22,432.0,23.0,0.08,2.28
2022/05/14 06:00:00,白洋湾金墅水源地1,120.3813,31.3749,7.9,7.23,432.0,23.0,0.08,2.25
2022/05/14 12:00:00,白洋湾金墅水源地1,120.3813,31.3749,7.8,7.24,432.0,23.0,0.08,2.21
2022/05/14 18:00:00,白洋湾金墅水源地1,120.3813,31.3749,7.8,7.25,432.0,23.0,0.08,2.18
2022/05/15 00:00:00,白洋湾金墅水源地1,120.3813,31.3749,7.8,7.26,432.0,24.0,0.08,2.15
2022/05/15 06:00:00,白洋湾金墅水源地1,120.3813,31.3749,7.8,7.27,433.0,24.0,0.08,2.11
2022/05/15 12:00:00,白洋湾金墅水源地1,120.3813,31.3749,7.8,7.28,433.0,24.0,0.08,2.08
2022/05/15 18:00:00,白洋湾金墅水源地1,120.3813,31.3749,7.8,7.29,433.0,24.0,0.08,2.05
2022/05/16 00:00:00,白洋湾金墅水源地1,120.3813,31.3749,7.8,7.3,433.0,24.0,0.08,2.02
2022/05/16 06:00:00,白洋湾金墅水源地1,120.3813,31.3749,7.8,7.31,433.0,24.0,0.08,2.0
2022/05/16 12:00:00,白洋湾金墅水源地1,120.3813,31.3749,7.8,7.32,434.0,24.0,0.08,1.97
2022/05/16 18:00:00,白洋湾金墅水源地1,120.3813,31.3749,7.8,7.32,434.0,24.0,0.08,1.95
2022/05/17 00:00:00,白洋湾金墅水源地1,120.3813,31.3749,7.8,7.33,434.0,24.0,0.08,1.93
2022/05/17 06:00:00,白洋湾金墅水源地1,120.3813,31.3749,7.8,7.33,434.0,24.0,0.08,1.91
2022/05/17 12:00:00,白洋湾金墅水源地1,120.3813,31.3749,7.8,7.34,434.0,24.0,0.08,1.9
2022/05/17 18:00:00,白洋湾金墅水源地1,120.3813,31.3749,7.8,7.34,435.0,24.0,0.08,1.89
2022/05/18 00:00:00,白洋湾金墅水源地1,120.3813,31.3749,7.8,7.34,435.0,24.0,0.08,1.88
2022/05/18 06:00:00,白洋湾金墅水源地1,120.3813,31.3749,7.8,7.34,435.0,24.0,0.08,1.87
2022/05/18 12:00:00,白洋湾金墅水源地1,120.3813,31.3749,7.8,7.34,435.0,24.0,0.08,1.87
2022/05/18 18:00:00,白洋湾金墅水源地1,120.3813,31.3749,7.8,7.33,435.0,24.0,0.08,1.88
2022/05/19 00:00:00,白洋湾金墅水源地1,120.3813,31.3749,7.8,7.33,436.0,24.0,0.08,1.89
2022/05/19 06:00:00,白洋湾金墅水源地1,120.3813,31.3749,7.8,7.32,436.0,23.0,0.09,1.9
2022/05/19 12:00:00,白洋湾金墅水源地1,120.3813,31.3749,7.8,7.31,436.0,23.0,0.09,1.92
2022/05/19 18:00:00,白洋湾金墅水源地1,120.3813,31.3749,7.8,7.3,436.0,23.0,0.09,1.94
2022/05/20 00:00:00,白洋湾金墅水源地1,120.3813,31.3749,7.8,7.28,436.0,22.0,0.09,1.97
2022/05/20 06:00:00,白洋湾金墅水源地1,120.3813,31.3749,7.8,7.26,436.0,22.0,0.09,2.0
2022/05/20 12:00:00,白洋湾金墅水源地1,120.3813,31.3749,7.8,7.24,436.0,22.0,0.09,2.05
2022/05/20 18:00:00,白洋湾金墅水源地1,120.3813,31.3749,7.8,7.22,436.0,21.0,0.09,2.09
2022/05/21 00:00:00,白洋湾金墅水源地1,120.3813,31.3749,7.8,7.2,436.0,21.0,0.09,2.15
2022/05/21 06:00:00,白洋湾金墅水源地1,120.3813,31.3749,7.8,7.17,436.0,20.0,0.09,2.21
2022/05/21 12:00:00,白洋湾金墅水源地1,120.3813,31.3749,7.8,7.14,436.0,19.0,0.09,2.27
2022/05/21 18:00:00,白洋湾金墅水源地1,120.3813,31.3749,7.8,7.1,436.0,19.0,0.09,2.35
2022/05/22 00:00:00,白洋湾金墅水源地1,120.3813,31.3749,7.8,7.07,436.0,18.0,0.09,2.43
2022/05/22 06:00:00,白洋湾金墅水源地1,120.3813,31.3749,7.8,7.02,436.0,17.0,0.1,2.52
2022/05/22 12:00:00,白洋湾金墅水源地1,120.3813,31.3749,7.8,6.98,436.0,16.0,0.1,2.62
2022/05/22 18:00:00,白洋湾金墅水源地1,120.3813,31.3749,7.8,6.93,436.0,15.0,0.1,2.73
2022/05/23 00:00:00,白洋湾金墅水源地1,120.3813,31.3749,7.8,6.88,436.0,14.0,0.1,2.84
2021/06/21 00:00:00,白洋湾金墅水源地2,120.3818,31.3767,8.2,6.98,440.0,12.0,0.09,3.12
2021/06/21 06:00:00,白洋湾金墅水源地2,120.3818,31.3767,8.2,6.92,443.0,12.0,0.09,3.06
2021/06/21 12:00:00,白洋湾金墅水源地2,120.3818,31.3767,8.1,6.86,445.0,12.0,0.09,3.0
2021/06/21 18:00:00,白洋湾金墅水源地2,120.3818,31.3767,8.1,6.81,447.0,12.0,0.09,2.94
2021/06/22 00:00:00,白洋湾金墅水源地2,120.3818,31.3767,8.1,6.75,449.0,12.0,0.09,2.9
2021/06/22 06:00:00,白洋湾金墅水源地2,120.3818,31.3767,8.1,6.71,451.0,12.0,0.1,2.85
2021/06/22 12:00:00,白洋湾金墅水源地2,120.3818,31.3767,8.1,6.66,453.0,12.0,0.1,2.81
2021/06/22 18:00:00,白洋湾金墅水源地2,120.3818,31.3767,8.0,6.62,455.0,12.0,0.1,2.77
2021/06/23 00:00:00,白洋湾金墅水源地2,120.3818,31.3767,8.0,6.58,456.0,12.0,0.1,2.73
2021/06/23 06:00:00,白洋湾金墅水源地2,120.3818,31.3767,8.0,6.54,458.0,12.0,0.1,2.7
2021/06/23 12:00:00,白洋湾金墅水源地2,120.3818,31.3767,8.0,6.5,459.0,12.0,0.1,2.68
2021/06/23 18:00:00,白洋湾金墅水源地2,120.3818,31.3767,8.0,6.47,460.0,12.0,0.1,2.65
2021/06/24 00:00:00,白洋湾金墅水源地2,120.3818,31.3767,8.0,6.44,462.0,12.0,0.1,2.63
2021/06/24 06:00:00,白洋湾金墅水源地2,120.3818,31.3767,8.0,6.41,463.0,12.0,0.1,2.61
2021/06/24 12:00:00,白洋湾金墅水源地2,120.3818,31.3767,8.0,6.39,464.0,12.0,0.1,2.6
2021/06/24 18:00:00,白洋湾金墅水源地2,120.3818,31.3767,8.0,6.37,465.0,12.0,0.1,2.59
2021/06/25 00:00:00,白洋湾金墅水源地2,120.3818,31.3767,8.0,6.34,465.0,12.0,0.09,2.58
2021/06/25 06:00:00,白洋湾金墅水源地2,120.3818,31.3767,8.0,6.32,466.0,13.0,0.09,2.57
2021/06/25 12:00:00,白洋湾金墅水源地2,120.3818,31.3767,8.0,6.31,467.0,13.0,0.09,2.57
2021/06/25 18:00:00,白洋湾金墅水源地2,120.3818,31.3767,8.0,6.29,467.0,13.0,0.09,2.56
2021/06/26 00:00:00,白洋湾金墅水源地2,120.3818,31.3767,8.0,6.28,468.0,13.0,0.09,2.56
2021/06/26 06:00:00,白洋湾金墅水源地2,120.3818,31.3767,8.0,6.26,468.0,14.0,0.09,2.57
2021/06/26 12:00:00,白洋湾金墅水源地2,120.3818,31.3767,8.0,6.25,469.0,14.0,0.09,2.57
2021/06/26 18:00:00,白洋湾金墅水源地2,120.3818,31.3767,8.0,6.24,469.0,14.0,0.09,2.58
2021/06/27 00:00:00,白洋湾金墅水源地2,120.3818,31.3767,8.0,6.24,469.0,14.0,0.09,2.58
2021/06/27 06:00:00,白洋湾金墅水源地2,120.3818,31.3767,8.0,6.23,469.0,15.0,0.09,2.59
2021/06/27 12:00:00,白洋湾金墅水源地2,120.3818,31.3767,8.0,6.22,469.0,15.0,0.09,2.61
2021/06/27 18:00:00,白洋湾金墅水源地2,120.3818,31.3767,8.0,6.22,469.0,15.0,0.08,2.62
2021/06/28 00:00:00,白洋湾金墅水源地2,120.3818,31.3767,8.0,6.21,469.0,15.0,0.08,2.63
2021/06/28 06:00:00,白洋湾金墅水源地2,120.3818,31.3767,8.0,6.21,469.0,16.0,0.08,2.65
2021/06/28 12:00:00,白洋湾金墅水源地2,120.3818,31.3767,8.0,6.21,469.0,16.0,0.08,2.66
2021/06/28 18:00:00,白洋湾金墅水源地2,120.3818,31.3767,8.0,6.21,469.0,16.0,0.08,2.68
2021/06/29 00:00:00,白洋湾金墅水源地2,120.3818,31.3767,8.0,6.21,469.0,17.0,0.08,2.69
2021/06/29 06:00:00,白洋湾金墅水源地2,120.3818,31.3767,8.0,6.2,469.0,17.0,0.08,2.71
2021/06/29 12:00:00,白洋湾金墅水源地2,120.3818,31.3767,8.0,6.2,469.0,17.0,0.08,2.73
2021/06/29 18:00:00,白洋湾金墅水源地2,120.3818,31.3767,8.1,6.2,469.0,18.0,0.07,2.75
2021/06/30 00:00:00,白洋湾金墅水源地2,120.3818,31.3767,8.1,6.21,469.0,18.0,0.07,2.77
2021/06/30 06:00:00,白洋湾金墅水源地2,120.3818,31.3767,8.1,6.21,468.0,18.0,0.07,2.79
2021/06/30 12:00:00,白洋湾金墅水源地2,120.3818,31.3767,8.1,6.21,468.0,19.0,0.07,2.81
2021/06/30 18:00:00,白洋湾金墅水源地2,120.3818,31.3767,8.1,6.21,468.0,19.0,0.07,2.82
2021/07/01 00:00:00,白洋湾金墅水源地2,120.3818,31.3767,8.1,6.21,468.0,19.0,0.07,2.84
2021/07/01 06:00:00,白洋湾金墅水源地2,120.3818,31.3767,8.1,6.21,468.0,19.0,0.07,2.86
2021/07/01 12:00:00,白洋湾金墅水源地2,120.3818,31.3767,8.1,6.21,467.0,20.0,0.07,2.88
2021/07/01 18:00:00,白洋湾金墅水源地2,120.3818,31.3767,8.1,6.21,467.0,20.0,0.07,2.9
2021/07/02 00:00:00,白洋湾金墅水源地2,120.3818,31.3767,8.1,6.21,467.0,20.0,0.06,2.91
2021/07/02 06:00:00,白洋湾金墅水源地2,120.3818,31.3767,8.1,6.21,467.0,21.0,0.06,2.93
2021/07/02 12:00:00,白洋湾金墅水源地2,120.3818,31.3767,8.1,6.21,467.0,21.0,0.06,2.94
2021/07/02 18:00:00,白洋湾金墅水源地2,120.3818,31.3767,8.2,6.2,467.0,21.0,0.06,2.96
2021/07/03 00:00:00,白洋湾金墅水源地2,120.3818,31.3767,8.2,6.2,466.0,21.0,0.06,2.97
2021/07/03 06:00:00,白洋湾金墅水源地2,120.3818,31.3767,8.2,6.2,466.0,22.0,0.06,2.99
2021/07/03 12:00:00,白洋湾金墅水源地2,120.3818,31.3767,8.2,6.2,466.0,22.0,0.06,3.0
2021/07/03 18:00:00,白洋湾金墅水源地2,120.3818,31.3767,8.2,6.19,466.0,22.0,0.06,3.01
2021/07/04 00:00:00,白洋湾金墅水源地2,120.3818,31.3767,8.2,6.19,466.0,23.0,0.06,3.03
2021/07/04 06:00:00,白洋湾金墅水源地2,120.3818,31.3767,8.2,6.19,466.0,23.0,0.06,3.04
2021/07/04 12:00:00,白洋湾金墅水源地2,120.3818,31.3767,8.2,6.19,466.0,23.0,0.06,3.05
2021/07/04 18:00:00,白洋湾金墅水源地2,120.3818,31.3767,8.2,6.18,466.0,23.0,0.06,3.06
2021/07/05 00:00:00,白洋湾金墅水源地2,120.3818,31.3767,8.2,6.18,466.0,24.0,0.06,3.07
2021/07/05 06:00:00,白洋湾金墅水源地2,120.3818,31.3767,8.2,6.18,465.0,24.0,0.06,3.08
2021/07/05 12:00:00,白洋湾金墅水源地2,120.3818,31.3767,8.2,6.17,465.0,24.0,0.06,3.09
2021/07/05 18:00:00,白洋湾金墅水源地2,120.3818,31.3767,8.2,6.17,465.0,24.0,0.06,3.1
2021/07/06 00:00:00,白洋湾金墅水源地2,120.3818,31.3767,8.2,6.16,465.0,24.0,0.06,3.11
2021/07/06 06:00:00,白洋湾金墅水源地2,120.3818,31.3767,8.2,6.16,465.0,25.0,0.06,3.12
2021/07/06 12:00:00,白洋湾金墅水源地2,120.3818,31.3767,8.2,6.16,465.0,25.0,0.06,3.13
2021/07/06 18:00:00,白洋湾金墅水源地2,120.3818,31.3767,8.2,6.15,465.0,25.0,0.06,3.13
2021/07/07 00:00:00,白洋湾金墅水源地2,120.3818,31.3767,8.3,6.15,465.0,25.0,0.06,3.14
2021/07/07 06:00:00,白洋湾金墅水源地2,120.3818,31.3767,8.3,6.15,465.0,26.0,0.06,3.15
2021/07/07 12:00:00,白洋湾金墅水源地2,120.3818,31.3767,8.3,6.14,465.0,26.0,0.06,3.16
2021/07/07 18:00:00,白洋湾金墅水源地2,120.3818,31.3767,8.3,6.14,465.0,26.0,0.06,3.16
2021/07/08 00:00:00,白洋湾金墅水源地2,120.3818,31.3767,8.3,6.14,465.0,26.0,0.06,3.17
2021/07/08 06:00:00,白洋湾金墅水源地2,120.3818,31.3767,8.3,6.13,464.0,26.0,0.06,3.18
2021/07/08 12:00:00,白洋湾金墅水源地2,120.3818,31.3767,8.3,6.13,464.0,26.0,0.06,3.18
2021/07/08 18:00:00,白洋湾金墅水源地2,120.3818,31.3767,8.3,6.13,464.0,27.0,0.06,3.19
2021/07/09 00:00:00,白洋湾金墅水源地2,120.3818,31.3767,8.3,6.12,464.0,27.0,0.06,3.19
2021/07/09 06:00:00,白洋湾金墅水源地2,120.3818,31.3767,8.3,6.12,464.0,27.0,0.06,3.2
2021/07/09 12:00:00,白洋湾金墅水源地2,120.3818,31.3767,8.3,6.12,464.0,27.0,0.06,3.2
2021/07/09 18:00:00,白洋湾金墅水源地2,120.3818,31.3767,8.3,6.12,464.0,27.0,0.06,3.21
2021/07/10 00:00:00,白洋湾金墅水源地2,120.3818,31.3767,8.3,6.12,464.0,27.0,0.06,3.22
2021/07/10 06:00:00,白洋湾金墅水源地2,120.3818,31.3767,8.3,6.11,464.0,27.0,0.06,3.22
2021/07/10 12:00:00,白洋湾金墅水源地2,120.3818,31.3767,8.3,6.11,463.0,28.0,0.06,3.23
2021/07/10 18:00:00,白洋湾金墅水源地2,120.3818,31.3767,8.3,6.11,463.0,28.0,0.06,3.23
2021/07/11 00:00:00,白洋湾金墅水源地2,120.3818,31.3767,8.3,6.11,463.0,28.0,0.06,3.24
2021/07/11 06:00:00,白洋湾金墅水源地2,120.3818,31.3767,8.3,6.11,463.0,28.0,0.06,3.24
2021/07/11 12:00:00,白洋湾金墅水源地2,120.3818,31.3767,8.3,6.11,463.0,28.0,0.06,3.25
2021/07/11 18:00:00,白洋湾金墅水源地2,120.3818,31.3767,8.3,6.11,463.0,28.0,0.06,3.25
2021/07/12 00:00:00,白洋湾金墅水源地2,120.3818,31.3767,8.4,6.12,462.0,28.0,0.06,3.26
2021/07/12 06:00:00,白洋湾金墅水源地2,120.3818,31.3767,8.4,6.12,462.0,28.0,0.06,3.26
2021/07/12 12:00:00,白洋湾金墅水源地2,120.3818,31.3767,8.4,6.12,462.0,28.0,0.06,3.26
2021/07/12 18:00:00,白洋湾金墅水源地2,120.3818,31.3767,8.4,6.12,462.0,28.0,0.06,3.27
2021/07/13 00:00:00,白洋湾金墅水源地2,120.3818,31.3767,8.4,6.12,461.0,28.0,0.06,3.27
2021/07/13 06:00:00,白洋湾金墅水源地2,120.3818,31.3767,8.4,6.13,461.0,29.0,0.06,3.28
2021/07/13 12:00:00,白洋湾金墅水源地2,120.3818,31.3767,8.4,6.13,461.0,29.0,0.06,3.28
2021/07/13 18:00:00,白洋湾金墅水源地2,120.3818,31.3767,8.4,6.14,461.0,29.0,0.06,3.29
2021/07/14 00:00:00,白洋湾金墅水源地2,120.3818,31.3767,8.4,6.14,460.0,29.0,0.06,3.29
2021/07/14 06:00:00,白洋湾金墅水源地2,120.3818,31.3767,8.4,6.15,460.0,29.0,0.06,3.3
2021/07/14 12:00:00,白洋湾金墅水源地2,120.3818,31.3767,8.4,6.15,460.0,29.0,0.06,3.3
2021/07/14 18:00:00,白洋湾金墅水源地2,120.3818,31.3767,8.4,6.16,459.0,29.0,0.06,3.31
2021/07/15 00:00:00,白洋湾金墅水源地2,120.3818,31.3767,8.4,6.16,459.0,29.0,0.06,3.31
2021/07/15 06:00:00,白洋湾金墅水源地2,120.3818,31.3767,8.4,6.17,459.0,29.0,0.06,3.32
2021/07/15 12:00:00,白洋湾金墅水源地2,120.3818,31.3767,8.4,6.18,458.0,29.0,0.06,3.32
2021/07/15 18:00:00,白洋湾金墅水源地2,120.3818,31.3767,8.5,6.18,458.0,29.0,0.06,3.32
2021/07/16 00:00:00,白洋湾金墅水源地2,120.3818,31.3767,8.5,6.19,458.0,29.0,0.06,3.33
2021/07/16 06:00:00,白洋湾金墅水源地2,120.3818,31.3767,8.5,6.2,457.0,29.0,0.06,3.33
2021/07/16 12:00:00,白洋湾金墅水源地2,120.3818,31.3767,8.5,6.2,457.0,29.0,0.06,3.33
2021/07/16 18:00:00,白洋湾金墅水源地2,120.3818,31.3767,8.5,6.21,456.0,29.0,0.06,3.34
2021/07/17 00:00:00,白洋湾金墅水源地2,120.3818,31.3767,8.5,6.22,456.0,29.0,0.06,3.34
2021/07/17 06:00:00,白洋湾金墅水源地2,120.3818,31.3767,8.5,6.23,456.0,29.0,0.06,3.34
2021/07/17 12:00:00,白洋湾金墅水源地2,120.3818,31.3767,8.5,6.24,455.0,29.0,0.06,3.35
2021/07/17 18:00:00,白洋湾金墅水源地2,120.3818,31.3767,8.5,6.25,455.0,29.0,0.06,3.35
2021/07/18 00:00:00,白洋湾金墅水源地2,120.3818,31.3767,8.5,6.25,455.0,29.0,0.06,3.35
2021/07/18 06:00:00,白洋湾金墅水源地2,120.3818,31.3767,8.5,6.26,454.0,29.0,0.06,3.35
2021/07/18 12:00:00,白洋湾金墅水源地2,120.3818,31.3767,8.5,6.27,454.0,29.0,0.06,3.35
2021/07/18 18:00:00,白洋湾金墅水源地2,120.3818,31.3767,8.5,6.28,453.0,29.0,0.06,3.36
2021/07/19 00:00:00,白洋湾金墅水源地2,120.3818,31.3767,8.5,6.29,453.0,29.0,0.06,3.36
2021/07/19 06:00:00,白洋湾金墅水源地2,120.3818,31.3767,8.5,6.3,452.0,29.0,0.06,3.36
2021/07/19 12:00:00,白洋湾金墅水源地2,120.3818,31.3767,8.6,6.31,452.0,29.0,0.06,3.36
2021/07/19 18:00:00,白洋湾金墅水源地2,120.3818,31.3767,8.6,6.32,452.0,29.0,0.06,3.36
2021/07/20 00:00:00,白洋湾金墅水源地2,120.3818,31.3767,8.6,6.33,451.0,29.0,0.06,3.36
2021/07/20 06:00:00,白洋湾金墅水源地2,120.3818,31.3767,8.6,6.34,451.0,28.0,0.06,3.36
2021/07/20 12:00:00,白洋湾金墅水源地2,120.3818,31.3767,8.6,6.35,450.0,28.0,0.06,3.36
2021/07/20 18:00:00,白洋湾金墅水源地2,120.3818,31.3767,8.6,6.36,450.0,28.0,0.06,3.35
2021/07/21 00:00:00,白洋湾金墅水源地2,120.3818,31.3767,8.6,6.37,450.0,28.0,0.06,3.35
2021/07/21 06:00:00,白洋湾金墅水源地2,120.3818,31.3767,8.6,6.38,449.0,28.0,0.06,3.35
2021/07/21 12:00:00,白洋湾金墅水源地2,120.3818,31.3767,8.6,6.39,449.0,28.0,0.06,3.35
2021/07/21 18:00:00,白洋湾金墅水源地2,120.3818,31.3767,8.6,6.4,448.0,28.0,0.06,3.34
2021/07/22 00:00:00,白洋湾金墅水源地2,120.3818,31.3767,8.6,6.41,448.0,28.0,0.06,3.34
2021/07/22 06:00:00,白洋湾金墅水源地2,120.3818,31.3767,8.6,6.42,448.0,28.0,0.06,3.34
2021/07/22 12:00:00,白洋湾金墅水源地2,120.3818,31.3767,8.6,6.43,447.0,28.0,0.06,3.33
2021/07/22 18:00:00,白洋湾金墅水源地2,120.3818,31.3767,8.6,6.44,447.0,28.0,0.06,3.33
2021/07/23 00:00:00,白洋湾金墅水源地2,120.3818,31.3767,8.6,6.45,446.0,28.0,0.06,3.32
2021/07/23 06:00:00,白洋湾金墅水源地2,120.3818,31.3767,8.6,6.45,446.0,28.0,0.06,3.32
2021/07/23 12:00:00,白洋湾金墅水源地2,120.3818,31.3767,8.6,6.46,446.0,28.0,0.06,3.31
2021/07/23 18:00:00,白洋湾金墅水源地2,120.3818,31.3767,8.6,6.47,445.0,28.0,0.06,3.31
2021/07/24 00:00:00,白洋湾金墅水源地2,120.3818,31.3767,8.6,6.48,445.0,28.0,0.06,3.3
2021/07/24 06:00:00,白洋湾金墅水源地2,120.3818,31.3767,8.6,6.49,445.0,28.0,0.06,3.29
2021/07/24 12:00:00,白洋湾金墅水源地2,120.3818,31.3767,8.6,6.5,444.0,28.0,0.06,3.28
2021/07/24 18:00:00,白洋湾金墅水源地2,120.3818,31.3767,8.6,6.51,444.0,28.0,0.06,3.28
2021/07/25 00:00:00,白洋湾金墅水源地2,120.3818,31.3767,8.6,6.52,443.0,28.0,0.06,3.27
2021/07/25 06:00:00,白洋湾金墅水源地2,120.3818,31.3767,8.6,6.52,443.0,28.0,0.06,3.26
2021/07/25 12:00:00,白洋湾金墅水源地2,120.3818,31.3767,8.6,6.53,443.0,28.0,0.06,3.25
2021/07/25 18:00:00,白洋湾金墅水源地2,120.3818,31.3767,8.6,6.54,442.0,28.0,0.06,3.24
2021/07/26 00:00:00,白洋湾金墅水源地2,120.3818,31.3767,8.6,6.55,442.0,28.0,0.06,3.24
2021/07/26 06:00:00,白洋湾金墅水源地2,120.3818,31.3767,8.6,6.55,442.0,28.0,0.06,3.23
2021/07/26 12:00:00,白洋湾金墅水源地2,120.3818,31.3767,8.6,6.56,441.0,28.0,0.06,3.22
2021/07/26 18:00:00,白洋湾金墅水源地2,120.3818,31.3767,8.6,6.57,441.0,28.0,0.06,3.21
2021/07/27 00:00:00,白洋湾金墅水源地2,120.3818,31.3767,8.6,6.57,441.0,28.0,0.06,3.2
2021/07/27 06:00:00,白洋湾金墅水源地2,120.3818,31.3767,8.6,6.58,441.0,28.0,0.06,3.19
2021/07/27 12:00:00,白洋湾金墅水源地2,120.3818,31.3767,8.6,6.58,440.0,28.0,0.06,3.18
2021/07/27 18:00:00,白洋湾金墅水源地2,120.3818,31.3767,8.6,6.59,440.0,28.0,0.06,3.17
2021/07/28 00:00:00,白洋湾金墅水源地2,120.3818,31.3767,8.6,6.59,440.0,27.0,0.06,3.17
2021/07/28 06:00:00,白洋湾金墅水源地2,120.3818,31.3767,8.6,6.6,440.0,27.0,0.07,3.16
2021/07/28 12:00:00,白洋湾金墅水源地2,120.3818,31.3767,8.6,6.6,439.0,27.0,0.07,3.15
2021/07/28 18:00:00,白洋湾金墅水源地2,120.3818,31.3767,8.6,6.61,439.0,27.0,0.07,3.14
2021/07/29 00:00:00,白洋湾金墅水源地2,120.3818,31.3767,8.6,6.61,439.0,27.0,0.07,3.13
2021/07/29 06:00:00,白洋湾金墅水源地2,120.3818,31.3767,8.6,6.61,439.0,27.0,0.07,3.12
2021/07/29 12:00:00,白洋湾金墅水源地2,120.3818,31.3767,8.6,6.61,438.0,27.0,0.07,3.11
2021/07/29 18:00:00,白洋湾金墅水源地2,120.3818,31.3767,8.6,6.62,438.0,27.0,0.07,3.11
2021/07/30 00:00:00,白洋湾金墅水源地2,120.3818,31.3767,8.6,6.62,438.0,27.0,0.07,3.1
2021/07/30 06:00:00,白洋湾金墅水源地2,120.3818,31.3767,8.6,6.62,438.0,27.0,0.07,3.09
2021/07/30 12:00:00,白洋湾金墅水源地2,120.3818,31.3767,8.5,6.62,438.0,27.0,0.07,3.09
2021/07/30 18:00:00,白洋湾金墅水源地2,120.3818,31.3767,8.5,6.62,437.0,27.0,0.07,3.08
2021/07/31 00:00:00,白洋湾金墅水源地2,120.3818,31.3767,8.5,6.62,437.0,27.0,0.07,3.07
2021/07/31 06:00:00,白洋湾金墅水源地2,120.3818,31.3767,8.5,6.62,437.0,27.0,0.07,3.07
2021/07/31 12:00:00,白洋湾金墅水源地2,120.3818,31.3767,8.5,6.62,437.0,27.0,0.07,3.06
2021/07/31 18:00:00,白洋湾金墅水源地2,120.3818,31.3767,8.5,6.62,437.0,27.0,0.07,3.06
2021/08/01 00:00:00,白洋湾金墅水源地2,120.3818,31.3767,8.5,6.61,437.0,27.0,0.07,3.05
2021/08/01 06:00:00,白洋湾金墅水源地2,120.3818,31.3767,8.5,6.61,436.0,27.0,0.07,3.05
2021/08/01 12:00:00,白洋湾金墅水源地2,120.3818,31.3767,8.5,6.61,436.0,27.0,0.07,3.04
2021/08/01 18:00:00,白洋湾金墅水源地2,120.3818,31.3767,8.5,6.6,436.0,27.0,0.07,3.04
2021/08/02 00:00:00,白洋湾金墅水源地2,120.3818,31.3767,8.5,6.6,436.0,27.0,0.07,3.04
2021/08/02 06:00:00,白洋湾金墅水源地2,120.3818,31.3767,8.5,6.59,436.0,27.0,0.07,3.04
2021/08/02 12:00:00,白洋湾金墅水源地2,120.3818,31.3767,8.5,6.58,436.0,27.0,0.07,3.03
2021/08/02 18:00:00,白洋湾金墅水源地2,120.3818,31.3767,8.5,6.58,436.0,27.0,0.07,3.03
2021/08/03 00:00:00,白洋湾金墅水源地2,120.3818,31.3767,8.5,6.57,436.0,27.0,0.07,3.03
2021/08/03 06:00:00,白洋湾金墅水源地2,120.3818,31.3767,8.5,6.56,436.0,27.0,0.07,3.03
2021/08/03 12:00:00,白洋湾金墅水源地2,120.3818,31.3767,8.5,6.55,436.0,27.0,0.07,3.03
2021/08/03 18:00:00,白洋湾金墅水源地2,120.3818,31.3767,8.5,6.55,436.0,27.0,0.07,3.04
2021/08/04 00:00:00,白洋湾金墅水源地2,120.3818,31.3767,8.5,6.54,436.0,27.0,0.07,3.04
2021/08/04 06:00:00,白洋湾金墅水源地2,120.3818,31.3767,8.5,6.53,436.0,27.0,0.07,3.04
2021/08/04 12:00:00,白洋湾金墅水源地2,120.3818,31.3767,8.5,6.52,436.0,27.0,0.07,3.04
2021/08/04 18:00:00,白洋湾金墅水源地2,120.3818,31.3767,8.4,6.51,436.0,27.0,0.07,3.05
2021/08/05 00:00:00,白洋湾金墅水源地2,120.3818,31.3767,8.4,6.5,436.0,27.0,0.07,3.05
2021/08/05 06:00:00,白洋湾金墅水源地2,120.3818,31.3767,8.4,6.48,436.0,27.0,0.07,3.05
2021/08/05 12:00:00,白洋湾金墅水源地2,120.3818,31.3767,8.4,6.47,436.0,27.0,0.07,3.06
2021/08/05 18:00:00,白洋湾金墅水源地2,120.3818,31.3767,8.4,6.46,436.0,27.0,0.07,3.06
2021/08/06 00:00:00,白洋湾金墅水源地2,120.3818,31.3767,8.4,6.45,436.0,27.0,0.07,3.07
2021/08/06 06:00:00,白洋湾金墅水源地2,120.3818,31.3767,8.4,6.44,436.0,27.0,0.07,3.07
2021/08/06 12:00:00,白洋湾金墅水源地2,120.3818,31.3767,8.4,6.42,436.0,27.0,0.07,3.08
2021/08/06 18:00:00,白洋湾金墅水源地2,120.3818,31.3767,8.4,6.41,436.0,27.0,0.07,3.08
2021/08/07 00:00:00,白洋湾金墅水源地2,120.3818,31.3767,8.4,6.4,436.0,27.0,0.07,3.09
2021/08/07 06:00:00,白洋湾金墅水源地2,120.3818,31.3767,8.4,6.38,436.0,27.0,0.07,3.1
2021/08/07 12:00:00,白洋湾金墅水源地2,120.3818,31.3767,8.4,6.37,436.0,27.0,0.06,3.1
2021/08/07 18:00:00,白洋湾金墅水源地2,120.3818,31.3767,8.4,6.36,436.0,27.0,0.06,3.11
2021/08/08 00:00:00,白洋湾金墅水源地2,120.3818,31.3767,8.4,6.34,436.0,27.0,0.06,3.12
2021/08/08 06:00:00,白洋湾金墅水源地2,120.3818,31.3767,8.4,6.33,436.0,27.0,0.06,3.13
2021/08/08 12:00:00,白洋湾金墅水源地2,120.3818,31.3767,8.4,6.32,436.0,27.0,0.06,3.14
2021/08/08 18:00:00,白洋湾金墅水源地2,120.3818,31.3767,8.4,6.3,436.0,27.0,0.06,3.14
2021/08/09 00:00:00,白洋湾金墅水源地2,120.3818,31.3767,8.4,6.29,436.0,27.0,0.06,3.15
2021/08/09 06:00:00,白洋湾金墅水源地2,120.3818,31.3767,8.4,6.28,436.0,27.0,0.06,3.16
2021/08/09 12:00:00,白洋湾金墅水源地2,120.3818,31.3767,8.4,6.26,436.0,27.0,0.06,3.17
2021/08/09 18:00:00,白洋湾金墅水源地2,120.3818,31.3767,8.4,6.25,436.0,27.0,0.06,3.18
2021/08/10 00:00:00,白洋湾金墅水源地2,120.3818,31.3767,8.4,6.24,436.0,27.0,0.06,3.19
2021/08/10 06:00:00,白洋湾金墅水源地2,120.3818,31.3767,8.4,6.22,436.0,27.0,0.06,3.2
2021/08/10 12:00:00,白洋湾金墅水源地2,120.3818,31.3767,8.3,6.21,436.0,27.0,0.06,3.21
2021/08/10 18:00:00,白洋湾金墅水源地2,120.3818,31.3767,8.3,6.2,436.0,27.0,0.06,3.22
2021/08/11 00:00:00,白洋湾金墅水源地2,120.3818,31.3767,8.3,6.18,436.0,27.0,0.06,3.23
2021/08/11 06:00:00,白洋湾金墅水源地2,120.3818,31.3767,8.3,6.17,436.0,27.0,0.06,3.24
2021/08/11 12:00:00,白洋湾金墅水源地2,120.3818,31.3767,8.3,6.16,435.0,27.0,0.06,3.25
2021/08/11 18:00:00,白洋湾金墅水源地2,120.3818,31.3767,8.3,6.15,435.0,27.0,0.06,3.26
2021/08/12 00:00:00,白洋湾金墅水源地2,120.3818,31.3767,8.3,6.14,435.0,27.0,0.06,3.27
2021/08/12 06:00:00,白洋湾金墅水源地2,120.3818,31.3767,8.3,6.12,435.0,28.0,0.06,3.28
2021/08/12 12:00:00,白洋湾金墅水源地2,120.3818,31.3767,8.3,6.11,435.0,28.0,0.06,3.29
2021/08/12 18:00:00,白洋湾金墅水源地2,120.3818,31.3767,8.3,6.1,435.0,28.0,0.06,3.3
2021/08/13 00:00:00,白洋湾金墅水源地2,120.3818,31.3767,8.3,6.09,435.0,28.0,0.06,3.31
2021/08/13 06:00:00,白洋湾金墅水源地2,120.3818,31.3767,8.3,6.08,435.0,28.0,0.06,3.32
2021/08/13 12:00:00,白洋湾金墅水源地2,120.3818,31.3767,8.3,6.07,434.0,28.0,0.06,3.33
2021/08/13 18:00:00,白洋湾金墅水源地2,120.3818,31.3767,8.3,6.06,434.0,28.0,0.06,3.35
2021/08/14 00:00:00,白洋湾金墅水源地2,120.3818,31.3767,8.3,6.05,434.0,28.0,0.06,3.36
2021/08/14 06:00:00,白洋湾金墅水源地2,120.3818,31.3767,8.3,6.05,434.0,28.0,0.06,3.37
2021/08/14 12:00:00,白洋湾金墅水源地2,120.3818,31.3767,8.3,6.04,433.0,29.0,0.06,3.38
2021/08/14 18:00:00,白洋湾金墅水源地2,120.3818,31.3767,8.3,6.03,433.0,29.0,0.06,3.39
2021/08/15 00:00:00,白洋湾金墅水源地2,120.3818,31.3767,8.3,6.02,433.0,29.0,0.06,3.4
2021/08/15 06:00:00,白洋湾金墅水源地2,120.3818,31.3767,8.3,6.01,433.0,29.0,0.06,3.41
2021/08/15 12:00:00,白洋湾金墅水源地2,120.3818,31.3767,8.3,6.01,432.0,29.0,0.06,3.43
2021/08/15 18:00:00,白洋湾金墅水源地2,120.3818,31.3767,8.3,6.0,432.0,29.0,0.06,3.44
2021/08/16 00:00:00,白洋湾金墅水源地2,120.3818,31.3767,8.3,5.99,432.0,29.0,0.06,3.45
2021/08/16 06:00:00,白洋湾金墅水源地2,120.3818,31.3767,8.3,5.99,431.0,30.0,0.06,3.46
2021/08/16 12:00:00,白洋湾金墅水源地2,120.3818,31.3767,8.3,5.98,431.0,30.0,0.06,3.47
2021/08/16 18:00:00,白洋湾金墅水源地2,120.3818,31.3767,8.3,5.98,431.0,30.0,0.06,3.49
2021/08/17 00:00:00,白洋湾金墅水源地2,120.3818,31.3767,8.3,5.97,430.0,30.0,0.06,3.5
2021/08/17 06:00:00,白洋湾金墅水源地2,120.3818,31.3767,8.3,5.97,430.0,30.0,0.06,3.51
2021/08/17 12:00:00,白洋湾金墅水源地2,120.3818,31.3767,8.3,5.96,430.0,30.0,0.06,3.53
2021/08/17 18:00:00,白洋湾金墅水源地2,120.3818,31.3767,8.3,5.96,429.0,30.0,0.06,3.54
2021/08/18 00:00:00,白洋湾金墅水源地2,120.3818,31.3767,8.3,5.95,429.0,30.0,0.07,3.56
2021/08/18 06:00:00,白洋湾金墅水源地2,120.3818,31.3767,8.2,5.95,428.0,31.0,0.07,3.57
2021/08/18 12:00:00,白洋湾金墅水源地2,120.3818,31.3767,8.2,5.95,428.0,31.0,0.07,3.58
2021/08/18 18:00:00,白洋湾金墅水源地2,120.3818,31.3767,8.2,5.94,427.0,31.0,0.07,3.6
2021/08/19 00:00:00,白洋湾金墅水源地2,120.3818,31.3767,8.2,5.94,427.0,31.0,0.07,3.61
2021/08/19 06:00:00,白洋湾金墅水源地2,120.3818,31.3767,8.2,5.94,426.0,31.0,0.07,3.63
2021/08/19 12:00:00,白洋湾金墅水源地2,120.3818,31.3767,8.2,5.93,426.0,31.0,0.07,3.65
2021/08/19 18:00:00,白洋湾金墅水源地2,120.3818,31.3767,8.2,5.93,425.0,31.0,0.07,3.66
2021/08/20 00:00:00,白洋湾金墅水源地2,120.3818,31.3767,8.2,5.93,425.0,31.0,0.07,3.68
2021/08/20 06:00:00,白洋湾金墅水源地2,120.3818,31.3767,8.2,5.93,424.0,32.0,0.07,3.7
2021/08/20 12:00:00,白洋湾金墅水源地2,120.3818,31.3767,8.2,5.93,424.0,32.0,0.07,3.72
2021/08/20 18:00:00,白洋湾金墅水源地2,120.3818,31.3767,8.2,5.93,423.0,32.0,0.07,3.73
2021/08/21 00:00:00,白洋湾金墅水源地2,120.3818,31.3767,8.2,5.93,423.0,32.0,0.07,3.75
2021/08/21 06:00:00,白洋湾金墅水源地2,120.3818,31.3767,8.2,5.93,422.0,32.0,0.07,3.77
2021/08/21 12:00:00,白洋湾金墅水源地2,120.3818,31.3767,8.2,5.92,422.0,32.0,0.07,3.79
2021/08/21 18:00:00,白洋湾金墅水源地2,120.3818,31.3767,8.2,5.92,421.0,32.0,0.07,3.81
2021/08/22 00:00:00,白洋湾金墅水源地2,120.3818,31.3767,8.2,5.92,420.0,32.0,0.07,3.83
2021/08/22 06:00:00,白洋湾金墅水源地2,120.3818,31.3767,8.2,5.93,420.0,32.0,0.07,3.85
2021/08/22 12:00:00,白洋湾金墅水源地2,120.3818,31.3767,8.2,5.93,419.0,32.0,0.07,3.87
2021/08/22 18:00:00,白洋湾金墅水源地2,120.3818,31.3767,8.2,5.93,419.0,32.0,0.07,3.89
2021/08/23 00:00:00,白洋湾金墅水源地2,120.3818,31.3767,8.2,5.93,418.0,32.0,0.07,3.92
2021/08/23 06:00:00,白洋湾金墅水源地2,120.3818,31.3767,8.2,5.93,417.0,32.0,0.07,3.94
2021/08/23 12:00:00,白洋湾金墅水源地2,120.3818,31.3767,8.2,5.93,417.0,32.0,0.07,3.96
2021/08/23 18:00:00,白洋湾金墅水源地2,120.3818,31.3767,8.2,5.93,416.0,32.0,0.07,3.99
2021/08/24 00:00:00,白洋湾金墅水源地2,120.3818,31.3767,8.2,5.94,415.0,32.0,0.07,4.01
2021/08/24 06:00:00,白洋湾金墅水源地2,120.3818,31.3767,8.2,5.94,415.0,32.0,0.07,4.04
2021/08/24 12:00:00,白洋湾金墅水源地2,120.3818,31.3767,8.2,5.94,414.0,32.0,0.07,4.06
2021/08/24 18:00:00,白洋湾金墅水源地2,120.3818,31.3767,8.2,5.94,413.0,32.0,0.07,4.09
2021/08/25 00:00:00,白洋湾金墅水源地2,120.3818,31.3767,8.2,5.95,413.0,32.0,0.07,4.11
2021/08/25 06:00:00,白洋湾金墅水源地2,120.3818,31.3767,8.2,5.95,412.0,32.0,0.07,4.14
2021/08/25 12:00:00,白洋湾金墅水源地2,120.3818,31.3767,8.2,5.95,411.0,32.0,0.07,4.17
2021/08/25 18:00:00,白洋湾金墅水源地2,120.3818,31.3767,8.2,5.96,410.0,32.0,0.07,4.19
2021/08/26 00:00:00,白洋湾金墅水源地2,120.3818,31.3767,8.2,5.96,410.0,32.0,0.07,4.22
2021/08/26 06:00:00,白洋湾金墅水源地2,120.3818,31.3767,8.2,5.96,409.0,32.0,0.07,4.25
2021/08/26 12:00:00,白洋湾金墅水源地2,120.3818,31.3767,8.2,5.97,408.0,31.0,0.07,4.28
2021/08/26 18:00:00,白洋湾金墅水源地2,120.3818,31.3767,8.2,5.97,408.0,31.0,0.07,4.31
2021/08/27 00:00:00,白洋湾金墅水源地2,120.3818,31.3767,8.2,5.97,407.0,31.0,0.07,4.34
2021/08/27 06:00:00,白洋湾金墅水源地2,120.3818,31.3767,8.2,5.98,406.0,31.0,0.07,4.37
2021/08/27 12:00:00,白洋湾金墅水源地2,120.3818,31.3767,8.2,5.98,405.0,31.0,0.07,4.4
2021/08/27 18:00:00,白洋湾金墅水源地2,120.3818,31.3767,8.2,5.99,405.0,31.0,0.07,4.43
2021/08/28 00:00:00,白洋湾金墅水源地2,120.3818,31.3767,8.2,5.99,404.0,31.0,0.07,4.46
2021/08/28 06:00:00,白洋湾金墅水源地2,120.3818,31.3767,8.2,6.0,403.0,31.0,0.07,4.49
2021/08/28 12:00:00,白洋湾金墅水源地2,120.3818,31.3767,8.2,6.0,402.0,31.0,0.07,4.52
2021/08/28 18:00:00,白洋湾金墅水源地2,120.3818,31.3767,8.2,6.0,402.0,30.0,0.07,4.55
2021/08/29 00:00:00,白洋湾金墅水源地2,120.3818,31.3767,8.2,6.01,401.0,30.0,0.06,4.58
2021/08/29 06:00:00,白洋湾金墅水源地2,120.3818,31.3767,8.2,6.01,400.0,30.0,0.06,4.61
2021/08/29 12:00:00,白洋湾金墅水源地2,120.3818,31.3767,8.2,6.02,400.0,30.0,0.06,4.64
2021/08/29 18:00:00,白洋湾金墅水源地2,120.3818,31.3767,8.2,6.02,399.0,30.0,0.06,4.67
2021/08/30 00:00:00,白洋湾金墅水源地2,120.3818,31.3767,8.2,6.03,398.0,30.0,0.06,4.71
2021/08/30 06:00:00,白洋湾金墅水源地2,120.3818,31.3767,8.2,6.03,398.0,29.0,0.06,4.74
2021/08/30 12:00:00,白洋湾金墅水源地2,120.3818,31.3767,8.2,6.04,397.0,29.0,0.06,4.77
2021/08/30 18:00:00,白洋湾金墅水源地2,120.3818,31.3767,8.2,6.04,396.0,29.0,0.06,4.8
2021/08/31 00:00:00,白洋湾金墅水源地2,120.3818,31.3767,8.2,6.05,396.0,29.0,0.06,4.83
2021/08/31 06:00:00,白洋湾金墅水源地2,120.3818,31.3767,8.2,6.05,395.0,29.0,0.06,4.87
2021/08/31 12:00:00,白洋湾金墅水源地2,120.3818,31.3767,8.2,6.06,394.0,29.0,0.06,4.9
2021/08/31 18:00:00,白洋湾金墅水源地2,120.3818,31.3767,8.2,6.06,394.0,28.0,0.06,4.93
2021/09/01 00:00:00,白洋湾金墅水源地2,120.3818,31.3767,8.3,6.07,393.0,28.0,0.06,4.96
2021/09/01 06:00:00,白洋湾金墅水源地2,120.3818,31.3767,8.3,6.07,392.0,28.0,0.06,5.0
2021/09/01 12:00:00,白洋湾金墅水源地2,120.3818,31.3767,8.3,6.08,392.0,28.0,0.06,5.03
2021/09/01 18:00:00,白洋湾金墅水源地2,120.3818,31.3767,8.3,6.08,391.0,28.0,0.06,5.06
2021/09/02 00:00:00,白洋湾金墅水源地2,120.3818,31.3767,8.3,6.09,391.0,27.0,0.06,5.09
2021/09/02 06:00:00,白洋湾金墅水源地2,120.3818,31.3767,8.3,6.09,390.0,27.0,0.06,5.13
2021/09/02 12:00:00,白洋湾金墅水源地2,120.3818,31.3767,8.3,6.1,390.0,27.0,0.06,5.16
2021/09/02 18:00:00,白洋湾金墅水源地2,120.3818,31.3767,8.3,6.1,389.0,27.0,0.07,5.19
2021/09/03 00:00:00,白洋湾金墅水源地2,120.3818,31.3767,8.3,6.1,389.0,27.0,0.07,5.22
2021/09/03 06:00:00,白洋湾金墅水源地2,120.3818,31.3767,8.3,6.11,388.0,26.0,0.07,5.25
2021/09/03 12:00:00,白洋湾金墅水源地2,120.3818,31.3767,8.3,6.11,388.0,26.0,0.07,5.29
2021/09/03 18:00:00,白洋湾金墅水源地2,120.3818,31.3767,8.3,6.12,387.0,26.0,0.07,5.32
2021/09/04 00:00:00,白洋湾金墅水源地2,120.3818,31.3767,8.3,6.12,387.0,26.0,0.07,5.35
2021/09/04 06:00:00,白洋湾金墅水源地2,120.3818,31.3767,8.3,6.12,386.0,26.0,0.07,5.38
2021/09/04 12:00:00,白洋湾金墅水源地2,120.3818,31.3767,8.3,6.13,386.0,25.0,0.07,5.41
2021/09/04 18:00:00,白洋湾金墅水源地2,120.3818,31.3767,8.3,6.13,386.0,25.0,0.07,5.44
2021/09/05 00:00:00,白洋湾金墅水源地2,120.3818,31.3767,8.4,6.13,385.0,25.0,0.07,5.47
2021/09/05 06:00:00,白洋湾金墅水源地2,120.3818,31.3767,8.4,6.14,385.0,25.0,0.07,5.5
2021/09/05 12:00:00,白洋湾金墅水源地2,120.3818,31.3767,8.4,6.14,384.0,25.0,0.07,5.53
2021/09/05 18:00:00,白洋湾金墅水源地2,120.3818,31.3767,8.4,6.15,384.0,25.0,0.07,5.56
2021/09/06 00:00:00,白洋湾金墅水源地2,120.3818,31.3767,8.4,6.15,384.0,24.0,0.07,5.59
2021/09/06 06:00:00,白洋湾金墅水源地2,120.3818,31.3767,8.4,6.15,384.0,24.0,0.07,5.61
2021/09/06 12:00:00,白洋湾金墅水源地2,120.3818,31.3767,8.4,6.16,383.0,24.0,0.07,5.64
2021/09/06 18:00:00,白洋湾金墅水源地2,120.3818,31.3767,8.4,6.16,383.0,24.0,0.07,5.67
2021/09/07 00:00:00,白洋湾金墅水源地2,120.3818,31.3767,8.4,6.16,383.0,24.0,0.07,5.69
2021/09/07 06:00:00,白洋湾金墅水源地2,120.3818,31.3767,8.4,6.16,382.0,24.0,0.07,5.72
2021/09/07 12:00:00,白洋湾金墅水源地2,120.3818,31.3767,8.4,6.17,382.0,23.0,0.07,5.74
2021/09/07 18:00:00,白洋湾金墅水源地2,120.3818,31.3767,8.4,6.17,382.0,23.0,0.07,5.76
2021/09/08 00:00:00,白洋湾金墅水源地2,120.3818,31.3767,8.5,6.17,382.0,23.0,0.07,5.79
2021/09/08 06:00:00,白洋湾金墅水源地2,120.3818,31.3767,8.5,6.18,382.0,23.0,0.07,5.81
2021/09/08 12:00:00,白洋湾金墅水源地2,120.3818,31.3767,8.5,6.18,381.0,23.0,0.07,5.83
2021/09/08 18:00:00,白洋湾金墅水源地2,120.3818,31.3767,8.5,6.18,381.0,23.0,0.07,5.85
2021/09/09 00:00:00,白洋湾金墅水源地2,120.3818,31.3767,8.5,6.18,381.0,22.0,0.07,5.87
2021/09/09 06:00:00,白洋湾金墅水源地2,120.3818,31.3767,8.5,6.19,381.0,22.0,0.07,5.88
2021/09/09 12:00:00,白洋湾金墅水源地2,120.3818,31.3767,8.5,6.19,381.0,22.0,0.07,5.9
2021/09/09 18:00:00,白洋湾金墅水源地2,120.3818,31.3767,8.5,6.19,381.0,22.0,0.07,5.92
2021/09/10 00:00:00,白洋湾金墅水源地2,120.3818,31.3767,8.5,6.19,381.0,22.0,0.07,5.93
2021/09/10 06:00:00,白洋湾金墅水源地2,120.3818,31.3767,8.5,6.19,381.0,22.0,0.07,5.94
2021/09/10 12:00:00,白洋湾金墅水源地2,120.3818,31.3767,8.5,6.2,381.0,22.0,0.07,5.96
2021/09/10 18:00:00,白洋湾金墅水源地2,120.3818,31.3767,8.6,6.2,380.0,22.0,0.07,5.97
2021/09/11 00:00:00,白洋湾金墅水源地2,120.3818,31.3767,8.6,6.2,380.0,21.0,0.07,5.98
2021/09/11 06:00:00,白洋湾金墅水源地2,120.3818,31.3767,8.6,6.2,380.0,21.0,0.07,5.98
2021/09/11 12:00:00,白洋湾金墅水源地2,120.3818,31.3767,8.6,6.2,380.0,21.0,0.07,5.99
2021/09/11 18:00:00,白洋湾金墅水源地2,120.3818,31.3767,8.6,6.21,380.0,21.0,0.07,6.0
2021/09/12 00:00:00,白洋湾金墅水源地2,120.3818,31.3767,8.6,6.21,380.0,21.0,0.07,6.0
2021/09/12 06:00:00,白洋湾金墅水源地2,120.3818,31.3767,8.6,6.21,380.0,21.0,0.07,6.0
2021/09/12 12:00:00,白洋湾金墅水源地2,120.3818,31.3767,8.6,6.21,380.0,21.0,0.07,6.0
2021/09/12 18:00:00,白洋湾金墅水源地2,120.3818,31.3767,8.6,6.21,380.0,21.0,0.07,6.0
2021/09/13 00:00:00,白洋湾金墅水源地2,120.3818,31.3767,8.6,6.22,380.0,21.0,0.08,6.0
2021/09/13 06:00:00,白洋湾金墅水源地2,120.3818,31.3767,8.6,6.22,381.0,21.0,0.08,6.0
2021/09/13 12:00:00,白洋湾金墅水源地2,120.3818,31.3767,8.6,6.22,381.0,21.0,0.08,5.99
2021/09/13 18:00:00,白洋湾金墅水源地2,120.3818,31.3767,8.6,6.22,381.0,20.0,0.08,5.99
2021/09/14 00:00:00,白洋湾金墅水源地2,120.3818,31.3767,8.6,6.22,381.0,20.0,0.08,5.98
2021/09/14 06:00:00,白洋湾金墅水源地2,120.3818,31.3767,8.6,6.22,381.0,20.0,0.08,5.97
2021/09/14 12:00:00,白洋湾金墅水源地2,120.3818,31.3767,8.6,6.22,381.0,20.0,0.08,5.96
2021/09/14 18:00:00,白洋湾金墅水源地2,120.3818,31.3767,8.7,6.23,381.0,20.0,0.08,5.95
2021/09/15 00:00:00,白洋湾金墅水源地2,120.3818,31.3767,8.7,6.23,381.0,20.0,0.08,5.94
2021/09/15 06:00:00,白洋湾金墅水源地2,120.3818,31.3767,8.7,6.23,381.0,20.0,0.08,5.92
2021/09/15 12:00:00,白洋湾金墅水源地2,120.3818,31.3767,8.7,6.23,382.0,20.0,0.08,5.91
2021/09/15 18:00:00,白洋湾金墅水源地2,120.3818,31.3767,8.7,6.24,382.0,20.0,0.08,5.9
2021/09/16 00:00:00,白洋湾金墅水源地2,120.3818,31.3767,8.7,6.24,382.0,20.0,0.08,5.88
2021/09/16 06:00:00,白洋湾金墅水源地2,120.3818,31.3767,8.7,6.24,382.0,20.0,0.08,5.87
2021/09/16 12:00:00,白洋湾金墅水源地2,120.3818,31.3767,8.7,6.25,382.0,20.0,0.08,5.85
2021/09/16 18:00:00,白洋湾金墅水源地2,120.3818,31.3767,8.7,6.25,382.0,20.0,0.08,5.84
2021/09/17 00:00:00,白洋湾金墅水源地2,120.3818,31.3767,8.7,6.26,382.0,20.0,0.08,5.82
2021/09/17 06:00:00,白洋湾金墅水源地2,120.3818,31.3767,8.7,6.26,383.0,20.0,0.08,5.8
2021/09/17 12:00:00,白洋湾金墅水源地2,120.3818,31.3767,8.7,6.27,383.0,20.0,0.08,5.79
2021/09/17 18:00:00,白洋湾金墅水源地2,120.3818,31.3767,8.7,6.27,383.0,20.0,0.08,5.77
2021/09/18 00:00:00,白洋湾金墅水源地2,120.3818,31.3767,8.7,6.28,383.0,20.0,0.08,5.76
2021/09/18 06:00:00,白洋湾金墅水源地2,120.3818,31.3767,8.7,6.29,383.0,20.0,0.08,5.74
2021/09/18 12:00:00,白洋湾金墅水源地2,120.3818,31.3767,8.7,6.3,383.0,21.0,0.08,5.73
2021/09/18 18:00:00,白洋湾金墅水源地2,120.3818,31.3767,8.7,6.31,383.0,21.0,0.08,5.72
2021/09/19 00:00:00,白洋湾金墅水源地2,120.3818,31.3767,8.7,6.32,383.0,21.0,0.08,5.7
2021/09/19 06:00:00,白洋湾金墅水源地2,120.3818,31.3767,8.7,6.33,384.0,21.0,0.08,5.69
2021/09/19 12:00:00,白洋湾金墅水源地2,120.3818,31.3767,8.7,6.34,384.0,21.0,0.08,5.68
2021/09/19 18:00:00,白洋湾金墅水源地2,120.3818,31.3767,8.7,6.35,384.0,21.0,0.08,5.67
2021/09/20 00:00:00,白洋湾金墅水源地2,120.3818,31.3767,8.7,6.36,384.0,21.0,0.08,5.66
2021/09/20 06:00:00,白洋湾金墅水源地2,120.3818,31.3767,8.7,6.38,384.0,21.0,0.08,5.65
2021/09/20 12:00:00,白洋湾金墅水源地2,120.3818,31.3767,8.7,6.39,384.0,21.0,0.08,5.64
2021/09/20 18:00:00,白洋湾金墅水源地2,120.3818,31.3767,8.7,6.41,384.0,21.0,0.08,5.64
2021/09/21 00:00:00,白洋湾金墅水源地2,120.3818,31.3767,8.6,6.42,384.0,22.0,0.08,5.63
2021/09/21 06:00:00,白洋湾金墅水源地2,120.3818,31.3767,8.6,6.44,384.0,22.0,0.08,5.63
2021/09/21 12:00:00,白洋湾金墅水源地2,120.3818,31.3767,8.6,6.46,384.0,22.0,0.08,5.63
2021/09/21 18:00:00,白洋湾金墅水源地2,120.3818,31.3767,8.6,6.48,384.0,22.0,0.08,5.63
2021/09/22 00:00:00,白洋湾金墅水源地2,120.3818,31.3767,8.6,6.5,384.0,22.0,0.08,5.63
2021/09/22 06:00:00,白洋湾金墅水源地2,120.3818,31.3767,8.6,6.52,384.0,22.0,0.08,5.63
2021/09/22 12:00:00,白洋湾金墅水源地2,120.3818,31.3767,8.6,6.55,384.0,23.0,0.08,5.64
2021/09/22 18:00:00,白洋湾金墅水源地2,120.3818,31.3767,8.6,6.57,384.0,23.0,0.08,5.65
2021/09/23 00:00:00,白洋湾金墅水源地2,120.3818,31.3767,8.6,6.6,384.0,23.0,0.08,5.66
2021/09/23 06:00:00,白洋湾金墅水源地2,120.3818,31.3767,8.6,6.62,384.0,23.0,0.08,5.67
2021/09/23 12:00:00,白洋湾金墅水源地2,120.3818,31.3767,8.6,6.65,384.0,23.0,0.08,5.69
2021/09/23 18:00:00,白洋湾金墅水源地2,120.3818,31.3767,8.6,6.68,383.0,24.0,0.08,5.71
2021/09/24 00:00:00,白洋湾金墅水源地2,120.3818,31.3767,8.6,6.71,383.0,24.0,0.08,5.73
2021/09/24 06:00:00,白洋湾金墅水源地2,120.3818,31.3767,8.6,6.74,383.0,24.0,0.08,5.75
2021/09/24 12:00:00,白洋湾金墅水源地2,120.3818,31.3767,8.5,6.78,383.0,24.0,0.08,5.77
2021/09/24 18:00:00,白洋湾金墅水源地2,120.3818,31.3767,8.5,6.81,382.0,24.0,0.08,5.8
2021/09/25 00:00:00,白洋湾金墅水源地2,120.3818,31.3767,8.5,6.85,382.0,25.0,0.08,5.83
2021/09/25 06:00:00,白洋湾金墅水源地2,120.3818,31.3767,8.5,6.89,382.0,25.0,0.08,5.86
2021/09/25 12:00:00,白洋湾金墅水源地2,120.3818,31.3767,8.5,6.92,382.0,25.0,0.08,5.89
2021/09/25 18:00:00,白洋湾金墅水源地2,120.3818,31.3767,8.5,6.96,381.0,26.0,0.09,5.93
2021/09/26 00:00:00,白洋湾金墅水源地2,120.3818,31.3767,8.5,7.0,381.0,26.0,0.09,5.97
2021/09/26 06:00:00,白洋湾金墅水源地2,120.3818,31.3767,8.5,7.04,381.0,26.0,0.09,6.0
2021/09/26 12:00:00,白洋湾金墅水源地2,120.3818,31.3767,8.5,7.08,380.0,26.0,0.09,6.05
2021/09/26 18:00:00,白洋湾金墅水源地2,120.3818,31.3767,8.4,7.12,380.0,27.0,0.09,6.09
2021/09/27 00:00:00,白洋湾金墅水源地2,120.3818,31.3767,8.4,7.16,380.0,27.0,0.09,6.13
2021/09/27 06:00:00,白洋湾金墅水源地2,120.3818,31.3767,8.4,7.2,379.0,27.0,0.09,6.17
2021/09/27 12:00:00,白洋湾金墅水源地2,120.3818,31.3767,8.4,7.24,379.0,28.0,0.09,6.22
2021/09/27 18:00:00,白洋湾金墅水源地2,120.3818,31.3767,8.4,7.29,379.0,28.0,0.09,6.27
2021/09/28 00:00:00,白洋湾金墅水源地2,120.3818,31.3767,8.4,7.33,378.0,28.0,0.09,6.32
2021/09/28 06:00:00,白洋湾金墅水源地2,120.3818,31.3767,8.4,7.37,378.0,28.0,0.09,6.37
2021/09/28 12:00:00,白洋湾金墅水源地2,120.3818,31.3767,8.4,7.41,378.0,29.0,0.09,6.42
2021/09/28 18:00:00,白洋湾金墅水源地2,120.3818,31.3767,8.3,7.45,377.0,29.0,0.09,6.47
2021/09/29 00:00:00,白洋湾金墅水源地2,120.3818,31.3767,8.3,7.5,377.0,29.0,0.1,6.52
2021/09/29 06:00:00,白洋湾金墅水源地2,120.3818,31.3767,8.3,7.54,377.0,30.0,0.1,6.57
2021/09/29 12:00:00,白洋湾金墅水源地2,120.3818,31.3767,8.3,7.58,376.0,30.0,0.1,6.63
2021/09/29 18:00:00,白洋湾金墅水源地2,120.3818,31.3767,8.3,7.62,376.0,30.0,0.1,6.68
2021/09/30 00:00:00,白洋湾金墅水源地2,120.3818,31.3767,8.3,7.66,376.0,31.0,0.1,6.74
2021/09/30 06:00:00,白洋湾金墅水源地2,120.3818,31.3767,8.3,7.7,375.0,31.0,0.1,6.79
2021/09/30 12:00:00,白洋湾金墅水源地2,120.3818,31.3767,8.3,7.74,375.0,31.0,0.1,6.85
2021/09/30 18:00:00,白洋湾金墅水源地2,120.3818,31.3767,8.2,7.78,375.0,32.0,0.1,6.91
2021/10/01 00:00:00,白洋湾金墅水源地2,120.3818,31.3767,8.2,7.82,374.0,32.0,0.1,6.96
2021/10/01 06:00:00,白洋湾金墅水源地2,120.3818,31.3767,8.2,7.85,374.0,32.0,0.1,7.02
2021/10/01 12:00:00,白洋湾金墅水源地2,120.3818,31.3767,8.2,7.89,374.0,32.0,0.1,7.08
2021/10/01 18:00:00,白洋湾金墅水源地2,120.3818,31.3767,8.2,7.93,374.0,33.0,0.1,7.13
2021/10/02 00:00:00,白洋湾金墅水源地2,120.3818,31.3767,8.2,7.96,374.0,33.0,0.1,7.19
2021/10/02 06:00:00,白洋湾金墅水源地2,120.3818,31.3767,8.2,7.99,373.0,33.0,0.1,7.25
2021/10/02 12:00:00,白洋湾金墅水源地2,120.3818,31.3767,8.2,8.03,373.0,34.0,0.1,7.3
2021/10/02 18:00:00,白洋湾金墅水源地2,120.3818,31.3767,8.1,8.06,373.0,34.0,0.1,7.36
2021/10/03 00:00:00,白洋湾金墅水源地2,120.3818,31.3767,8.1,8.09,373.0,34.0,0.1,7.41
2021/10/03 06:00:00,白洋湾金墅水源地2,120.3818,31.3767,8.1,8.11,373.0,35.0,0.1,7.47
2021/10/03 12:00:00,白洋湾金墅水源地2,120.3818,31.3767,8.1,8.14,373.0,35.0,0.1,7.52
2021/10/03 18:00:00,白洋湾金墅水源地2,120.3818,31.3767,8.1,8.17,373.0,35.0,0.1,7.58
2021/10/04 00:00:00,白洋湾金墅水源地2,120.3818,31.3767,8.1,8.19,373.0,35.0,0.1,7.63
2021/10/04 06:00:00,白洋湾金墅水源地2,120.3818,31.3767,8.1,8.21,373.0,36.0,0.11,7.68
2021/10/04 12:00:00,白洋湾金墅水源地2,120.3818,31.3767,8.1,8.23,373.0,36.0,0.11,7.73
2021/10/04 18:00:00,白洋湾金墅水源地2,120.3818,31.3767,8.1,8.25,373.0,36.0,0.11,7.78
2021/10/05 00:00:00,白洋湾金墅水源地2,120.3818,31.3767,8.0,8.27,373.0,36.0,0.11,7.83
2021/10/05 06:00:00,白洋湾金墅水源地2,120.3818,31.3767,8.0,8.28,373.0,37.0,0.1,7.88
2021/10/05 12:00:00,白洋湾金墅水源地2,120.3818,31.3767,8.0,8.3,373.0,37.0,0.1,7.93
2021/10/05 18:00:00,白洋湾金墅水源地2,120.3818,31.3767,8.0,8.31,374.0,37.0,0.1,7.98
2021/10/06 00:00:00,白洋湾金墅水源地2,120.3818,31.3767,8.0,8.32,374.0,37.0,0.1,8.02
2021/10/06 06:00:00,白洋湾金墅水源地2,120.3818,31.3767,8.0,8.33,374.0,37.0,0.1,8.07
2021/10/06 12:00:00,白洋湾金墅水源地2,120.3818,31.3767,8.0,8.34,374.0,38.0,0.1,8.11
2021/10/06 18:00:00,白洋湾金墅水源地2,120.3818,31.3767,8.0,8.35,375.0,38.0,0.1,8.15
2021/10/07 00:00:00,白洋湾金墅水源地2,120.3818,31.3767,8.0,8.36,375.0,38.0,0.1,8.19
2021/10/07 06:00:00,白洋湾金墅水源地2,120.3818,31.3767,8.0,8.36,375.0,38.0,0.1,8.22
2021/10/07 12:00:00,白洋湾金墅水源地2,120.3818,31.3767,8.0,8.37,376.0,38.0,0.1,8.26
2021/10/07 18:00:00,白洋湾金墅水源地2,120.3818,31.3767,8.0,8.37,376.0,39.0,0.1,8.29
2021/10/08 00:00:00,白洋湾金墅水源地2,120.3818,31.3767,7.9,8.38,376.0,39.0,0.1,8.33
2021/10/08 06:00:00,白洋湾金墅水源地2,120.3818,31.3767,7.9,8.38,377.0,39.0,0.1,8.36
2021/10/08 12:00:00,白洋湾金墅水源地2,120.3818,31.3767,7.9,8.38,377.0,39.0,0.1,8.39
2021/10/08 18:00:00,白洋湾金墅水源地2,120.3818,31.3767,7.9,8.38,378.0,39.0,0.1,8.41
2021/10/09 00:00:00,白洋湾金墅水源地2,120.3818,31.3767,7.9,8.38,378.0,39.0,0.1,8.44
2021/10/09 06:00:00,白洋湾金墅水源地2,120.3818,31.3767,7.9,8.38,379.0,39.0,0.1,8.46
2021/10/09 12:00:00,白洋湾金墅水源地2,120.3818,31.3767,7.9,8.38,379.0,39.0,0.1,8.48
2021/10/09 18:00:00,白洋湾金墅水源地2,120.3818,31.3767,7.9,8.38,380.0,39.0,0.1,8.49
2021/10/10 00:00:00,白洋湾金墅水源地2,120.3818,31.3767,7.9,8.37,380.0,39.0,0.1,8.51
2021/10/10 06:00:00,白洋湾金墅水源地2,120.3818,31.3767,7.9,8.37,381.0,40.0,0.1,8.52
2021/10/10 12:00:00,白洋湾金墅水源地2,120.3818,31.3767,7.9,8.37,381.0,40.0,0.1,8.53
2021/10/10 18:00:00,白洋湾金墅水源地2,120.3818,31.3767,7.9,8.36,382.0,40.0,0.09,8.54
2021/10/11 00:00:00,白洋湾金墅水源地2,120.3818,31.3767,7.9,8.36,383.0,40.0,0.09,8.54
2021/10/11 06:00:00,白洋湾金墅水源地2,120.3818,31.3767,7.9,8.36,383.0,40.0,0.09,8.54
2021/10/11 12:00:00,白洋湾金墅水源地2,120.3818,31.3767,7.9,8.35,384.0,40.0,0.09,8.54
2021/10/11 18:00:00,白洋湾金墅水源地2,120.3818,31.3767,7.9,8.35,384.0,40.0,0.09,8.54
2021/10/12 00:00:00,白洋湾金墅水源地2,120.3818,31.3767,7.9,8.34,385.0,40.0,0.09,8.53
2021/10/12 06:00:00,白洋湾金墅水源地2,120.3818,31.3767,7.9,8.34,386.0,40.0,0.09,8.52
2021/10/12 12:00:00,白洋湾金墅水源地2,120.3818,31.3767,7.9,8.33,386.0,40.0,0.09,8.51
2021/10/12 18:00:00,白洋湾金墅水源地2,120.3818,31.3767,7.9,8.33,387.0,39.0,0.09,8.49
2021/10/13 00:00:00,白洋湾金墅水源地2,120.3818,31.3767,7.9,8.32,388.0,39.0,0.09,8.47
2021/10/13 06:00:00,白洋湾金墅水源地2,120.3818,31.3767,7.9,8.32,388.0,39.0,0.09,8.45
2021/10/13 12:00:00,白洋湾金墅水源地2,120.3818,31.3767,7.9,8.31,389.0,39.0,0.09,8.42
2021/10/13 18:00:00,白洋湾金墅水源地2,120.3818,31.3767,7.9,8.31,390.0,39.0,0.09,8.39
2021/10/14 00:00:00,白洋湾金墅水源地2,120.3818,31.3767,7.9,8.31,390.0,39.0,0.08,8.36
2021/10/14 06:00:00,白洋湾金墅水源地2,120.3818,31.3767,7.9,8.3,391.0,39.0,0.08,8.32
2021/10/14 12:00:00,白洋湾金墅水源地2,120.3818,31.3767,7.9,8.3,392.0,39.0,0.08,8.28
2021/10/14 18:00:00,白洋湾金墅水源地2,120.3818,31.3767,7.9,8.3,393.0,38.0,0.08,8.23
2021/10/15 00:00:00,白洋湾金墅水源地2,120.3818,31.3767,7.9,8.29,393.0,38.0,0.08,8.19
2021/10/15 06:00:00,白洋湾金墅水源地2,120.3818,31.3767,7.9,8.29,394.0,38.0,0.08,8.13
2021/10/15 12:00:00,白洋湾金墅水源地2,120.3818,31.3767,7.9,8.29,395.0,38.0,0.08,8.08
2021/10/15 18:00:00,白洋湾金墅水源地2,120.3818,31.3767,7.9,8.29,395.0,38.0,0.08,8.02
2021/10/16 00:00:00,白洋湾金墅水源地2,120.3818,31.3767,7.9,8.29,396.0,37.0,0.08,7.96
2021/10/16 06:00:00,白洋湾金墅水源地2,120.3818,31.3767,7.9,8.29,397.0,37.0,0.08,7.9
2021/10/16 12:00:00,白洋湾金墅水源地2,120.3818,31.3767,7.9,8.29,397.0,37.0,0.08,7.83
2021/10/16 18:00:00,白洋湾金墅水源地2,120.3818,31.3767,7.9,8.29,398.0,37.0,0.08,7.77
2021/10/17 00:00:00,白洋湾金墅水源地2,120.3818,31.3767,7.9,8.29,399.0,37.0,0.08,7.7
2021/10/17 06:00:00,白洋湾金墅水源地2,120.3818,31.3767,7.9,8.29,400.0,36.0,0.08,7.63
2021/10/17 12:00:00,白洋湾金墅水源地2,120.3818,31.3767,7.9,8.29,400.0,36.0,0.08,7.56
2021/10/17 18:00:00,白洋湾金墅水源地2,120.3818,31.3767,7.9,8.3,401.0,36.0,0.08,7.48
2021/10/18 00:00:00,白洋湾金墅水源地2,120.3818,31.3767,7.9,8.3,402.0,36.0,0.08,7.41
2021/10/18 06:00:00,白洋湾金墅水源地2,120.3818,31.3767,7.9,8.3,402.0,36.0,0.08,7.34
2021/10/18 12:00:00,白洋湾金墅水源地2,120.3818,31.3767,7.9,8.3,403.0,36.0,0.07,7.26
2021/10/18 18:00:00,白洋湾金墅水源地2,120.3818,31.3767,7.9,8.31,404.0,35.0,0.07,7.19
2021/10/19 00:00:00,白洋湾金墅水源地2,120.3818,31.3767,7.9,8.31,404.0,35.0,0.07,7.12
2021/10/19 06:00:00,白洋湾金墅水源地2,120.3818,31.3767,7.9,8.32,405.0,35.0,0.07,7.04
2021/10/19 12:00:00,白洋湾金墅水源地2,120.3818,31.3767,7.9,8.32,406.0,35.0,0.07,6.97
2021/10/19 18:00:00,白洋湾金墅水源地2,120.3818,31.3767,7.9,8.33,406.0,35.0,0.07,6.9
2021/10/20 00:00:00,白洋湾金墅水源地2,120.3818,31.3767,7.9,8.33,407.0,35.0,0.07,6.83
2021/10/20 06:00:00,白洋湾金墅水源地2,120.3818,31.3767,7.9,8.34,407.0,35.0,0.07,6.76
2021/10/20 12:00:00,白洋湾金墅水源地2,120.3818,31.3767,7.9,8.35,408.0,35.0,0.07,6.69
2021/10/20 18:00:00,白洋湾金墅水源地2,120.3818,31.3767,7.9,8.35,409.0,35.0,0.07,6.62
2021/10/21 00:00:00,白洋湾金墅水源地2,120.3818,31.3767,7.9,8.36,409.0,35.0,0.07,6.56
2021/10/21 06:00:00,白洋湾金墅水源地2,120.3818,31.3767,7.9,8.37,410.0,36.0,0.08,6.5
2021/10/21 12:00:00,白洋湾金墅水源地2,120.3818,31.3767,7.9,8.38,410.0,36.0,0.08,6.44
2021/10/21 18:00:00,白洋湾金墅水源地2,120.3818,31.3767,7.9,8.39,411.0,36.0,0.08,6.38
2021/10/22 00:00:00,白洋湾金墅水源地2,120.3818,31.3767,7.9,8.39,411.0,36.0,0.08,6.32
2021/10/22 06:00:00,白洋湾金墅水源地2,120.3818,31.3767,7.9,8.4,412.0,37.0,0.08,6.27
2021/10/22 12:00:00,白洋湾金墅水源地2,120.3818,31.3767,7.9,8.41,412.0,37.0,0.08,6.23
2021/10/22 18:00:00,白洋湾金墅水源地2,120.3818,31.3767,7.9,8.42,413.0,38.0,0.08,6.18
2021/10/23 00:00:00,白洋湾金墅水源地2,120.3818,31.3767,7.9,8.43,413.0,38.0,0.08,6.14
2021/10/23 06:00:00,白洋湾金墅水源地2,120.3818,31.3767,7.9,8.44,414.0,39.0,0.08,6.11
2021/10/23 12:00:00,白洋湾金墅水源地2,120.3818,31.3767,7.9,8.45,414.0,39.0,0.08,6.07
2021/10/23 18:00:00,白洋湾金墅水源地2,120.3818,31.3767,7.9,8.47,414.0,40.0,0.08,6.05
2021/10/24 00:00:00,白洋湾金墅水源地2,120.3818,31.3767,7.9,8.48,415.0,41.0,0.08,6.02
2021/10/24 06:00:00,白洋湾金墅水源地2,120.3818,31.3767,7.9,8.49,415.0,42.0,0.09,6.01
2021/10/24 12:00:00,白洋湾金墅水源地2,120.3818,31.3767,7.9,8.5,415.0,42.0,0.09,5.99
2021/10/24 18:00:00,白洋湾金墅水源地2,120.3818,31.3767,7.9,8.51,416.0,43.0,0.09,5.99
2021/10/25 00:00:00,白洋湾金墅水源地2,120.3818,31.3767,7.9,8.53,416.0,44.0,0.09,5.98
2021/10/25 06:00:00,白洋湾金墅水源地2,120.3818,31.3767,7.9,8.54,416.0,45.0,0.09,5.99
2021/10/25 12:00:00,白洋湾金墅水源地2,120.3818,31.3767,7.9,8.55,416.0,47.0,0.09,6.0
2021/10/25 18:00:00,白洋湾金墅水源地2,120.3818,31.3767,7.9,8.57,417.0,48.0,0.1,6.01
2021/10/26 00:00:00,白洋湾金墅水源地2,120.3818,31.3767,7.9,8.58,417.0,49.0,0.1,6.04
2021/10/26 06:00:00,白洋湾金墅水源地2,120.3818,31.3767,7.9,8.6,417.0,50.0,0.1,6.06
2021/10/26 12:00:00,白洋湾金墅水源地2,120.3818,31.3767,7.9,8.61,417.0,52.0,0.1,6.09
2021/10/26 18:00:00,白洋湾金墅水源地2,120.3818,31.3767,7.9,8.63,417.0,53.0,0.1,6.12
2021/10/27 00:00:00,白洋湾金墅水源地2,120.3818,31.3767,7.9,8.64,417.0,55.0,0.11,6.16
2021/10/27 06:00:00,白洋湾金墅水源地2,120.3818,31.3767,7.9,8.66,417.0,56.0,0.11,6.2
2021/10/27 12:00:00,白洋湾金墅水源地2,120.3818,31.3767,7.9,8.67,417.0,58.0,0.11,6.25
2021/10/27 18:00:00,白洋湾金墅水源地2,120.3818,31.3767,7.9,8.69,418.0,59.0,0.11,6.29
2021/10/28 00:00:00,白洋湾金墅水源地2,120.3818,31.3767,7.9,8.7,418.0,61.0,0.12,6.34
2021/10/28 06:00:00,白洋湾金墅水源地2,120.3818,31.3767,7.9,8.72,418.0,62.0,0.12,6.4
2021/10/28 12:00:00,白洋湾金墅水源地2,120.3818,31.3767,7.9,8.73,418.0,64.0,0.12,6.45
2021/10/28 18:00:00,白洋湾金墅水源地2,120.3818,31.3767,7.9,8.75,417.0,66.0,0.12,6.51
2021/10/29 00:00:00,白洋湾金墅水源地2,120.3818,31.3767,7.9,8.76,417.0,67.0,0.13,6.57
2021/10/29 06:00:00,白洋湾金墅水源地2,120.3818,31.3767,7.9,8.78,417.0,69.0,0.13,6.63
2021/10/29 12:00:00,白洋湾金墅水源地2,120.3818,31.3767,7.9,8.8,417.0,71.0,0.13,6.69
2021/10/29 18:00:00,白洋湾金墅水源地2,120.3818,31.3767,7.9,8.81,417.0,72.0,0.13,6.75
2021/10/30 00:00:00,白洋湾金墅水源地2,120.3818,31.3767,7.9,8.83,417.0,74.0,0.14,6.81
2021/10/30 06:00:00,白洋湾金墅水源地2,120.3818,31.3767,7.9,8.84,417.0,76.0,0.14,6.87
2021/10/30 12:00:00,白洋湾金墅水源地2,120.3818,31.3767,7.9,8.86,417.0,77.0,0.14,6.93
2021/10/30 18:00:00,白洋湾金墅水源地2,120.3818,31.3767,7.9,8.87,417.0,79.0,0.14,6.99
2021/10/31 00:00:00,白洋湾金墅水源地2,120.3818,31.3767,7.9,8.89,416.0,80.0,0.14,7.05
2021/10/31 06:00:00,白洋湾金墅水源地2,120.3818,31.3767,7.9,8.9,416.0,82.0,0.15,7.11
2021/10/31 12:00:00,白洋湾金墅水源地2,120.3818,31.3767,7.9,8.92,416.0,83.0,0.15,7.17
2021/10/31 18:00:00,白洋湾金墅水源地2,120.3818,31.3767,7.9,8.93,416.0,85.0,0.15,7.22
2021/11/01 00:00:00,白洋湾金墅水源地2,120.3818,31.3767,7.9,8.95,415.0,86.0,0.15,7.28
2021/11/01 06:00:00,白洋湾金墅水源地2,120.3818,31.3767,7.9,8.96,415.0,87.0,0.15,7.33
2021/11/01 12:00:00,白洋湾金墅水源地2,120.3818,31.3767,7.9,8.98,415.0,88.0,0.16,7.38
2021/11/01 18:00:00,白洋湾金墅水源地2,120.3818,31.3767,7.9,8.99,415.0,90.0,0.16,7.42
2021/11/02 00:00:00,白洋湾金墅水源地2,120.3818,31.3767,7.9,9.0,414.0,91.0,0.16,7.47
2021/11/02 06:00:00,白洋湾金墅水源地2,120.3818,31.3767,7.9,9.02,414.0,92.0,0.16,7.51
2021/11/02 12:00:00,白洋湾金墅水源地2,120.3818,31.3767,7.9,9.03,414.0,93.0,0.16,7.54
2021/11/02 18:00:00,白洋湾金墅水源地2,120.3818,31.3767,7.9,9.04,413.0,94.0,0.16,7.58
2021/11/03 00:00:00,白洋湾金墅水源地2,120.3818,31.3767,7.9,9.05,413.0,95.0,0.17,7.6
2021/11/03 06:00:00,白洋湾金墅水源地2,120.3818,31.3767,7.9,9.06,413.0,95.0,0.17,7.63
2021/11/03 12:00:00,白洋湾金墅水源地2,120.3818,31.3767,7.9,9.08,412.0,96.0,0.17,7.64
2021/11/03 18:00:00,白洋湾金墅水源地2,120.3818,31.3767,7.9,9.09,412.0,97.0,0.17,7.66
2021/11/04 00:00:00,白洋湾金墅水源地2,120.3818,31.3767,7.9,9.1,412.0,97.0,0.17,7.67
2021/11/04 06:00:00,白洋湾金墅水源地2,120.3818,31.3767,7.9,9.11,411.0,97.0,0.17,7.67
2021/11/04 12:00:00,白洋湾金墅水源地2,120.3818,31.3767,7.9,9.11,411.0,98.0,0.17,7.66
2021/11/04 18:00:00,白洋湾金墅水源地2,120.3818,31.3767,7.9,9.12,410.0,98.0,0.17,7.65
2021/11/05 00:00:00,白洋湾金墅水源地2,120.3818,31.3767,7.9,9.13,410.0,98.0,0.17,7.64
2021/11/05 06:00:00,白洋湾金墅水源地2,120.3818,31.3767,7.9,9.14,410.0,98.0,0.17,7.61
2021/11/05 12:00:00,白洋湾金墅水源地2,120.3818,31.3767,7.9,9.15,409.0,98.0,0.17,7.59
2021/11/05 18:00:00,白洋湾金墅水源地2,120.3818,31.3767,7.9,9.15,409.0,97.0,0.17,7.55
2021/11/06 00:00:00,白洋湾金墅水源地2,120.3818,31.3767,7.9,9.16,408.0,97.0,0.17,7.52
2021/11/06 06:00:00,白洋湾金墅水源地2,120.3818,31.3767,7.9,9.17,408.0,96.0,0.17,7.47
2021/11/06 12:00:00,白洋湾金墅水源地2,120.3818,31.3767,7.9,9.17,407.0,96.0,0.17,7.42
2021/11/06 18:00:00,白洋湾金墅水源地2,120.3818,31.3767,7.9,9.18,407.0,95.0,0.17,7.37
2021/11/07 00:00:00,白洋湾金墅水源地2,120.3818,31.3767,7.9,9.18,407.0,95.0,0.16,7.31
2021/11/07 06:00:00,白洋湾金墅水源地2,120.3818,31.3767,7.9,9.18,406.0,94.0,0.16,7.25
2021/11/07 12:00:00,白洋湾金墅水源地2,120.3818,31.3767,7.9,9.19,406.0,93.0,0.16,7.19
2021/11/07 18:00:00,白洋湾金墅水源地2,120.3818,31.3767,7.9,9.19,405.0,92.0,0.16,7.12
2021/11/08 00:00:00,白洋湾金墅水源地2,120.3818,31.3767,7.9,9.2,405.0,91.0,0.16,7.05
2021/11/08 06:00:00,白洋湾金墅水源地2,120.3818,31.3767,7.9,9.2,404.0,90.0,0.16,6.98
2021/11/08 12:00:00,白洋湾金墅水源地2,120.3818,31.3767,7.9,9.2,404.0,89.0,0.16,6.9
2021/11/08 18:00:00,白洋湾金墅水源地2,120.3818,31.3767,7.9,9.2,404.0,88.0,0.15,6.82
2021/11/09 00:00:00,白洋湾金墅水源地2,120.3818,31.3767,7.9,9.21,403.0,87.0,0.15,6.74
2021/11/09 06:00:00,白洋湾金墅水源地2,120.3818,31.3767,7.9,9.21,403.0,85.0,0.15,6.65
2021/11/09 12:00:00,白洋湾金墅水源地2,120.3818,31.3767,7.9,9.21,402.0,84.0,0.15,6.57
2021/11/09 18:00:00,白洋湾金墅水源地2,120.3818,31.3767,7.9,9.21,402.0,83.0,0.15,6.48
2021/11/10 00:00:00,白洋湾金墅水源地2,120.3818,31.3767,7.9,9.21,401.0,82.0,0.14,6.39
2021/11/10 06:00:00,白洋湾金墅水源地2,120.3818,31.3767,7.9,9.21,401.0,80.0,0.14,6.3
2021/11/10 12:00:00,白洋湾金墅水源地2,120.3818,31.3767,7.9,9.21,400.0,79.0,0.14,6.21
2021/11/10 18:00:00,白洋湾金墅水源地2,120.3818,31.3767,7.9,9.22,400.0,78.0,0.14,6.11
2021/11/11 00:00:00,白洋湾金墅水源地2,120.3818,31.3767,7.9,9.22,400.0,76.0,0.14,6.02
2021/11/11 06:00:00,白洋湾金墅水源地2,120.3818,31.3767,7.9,9.22,399.0,75.0,0.13,5.93
2021/11/11 12:00:00,白洋湾金墅水源地2,120.3818,31.3767,7.9,9.22,399.0,73.0,0.13,5.83
2021/11/11 18:00:00,白洋湾金墅水源地2,120.3818,31.3767,7.9,9.22,398.0,72.0,0.13,5.74
2021/11/12 00:00:00,白洋湾金墅水源地2,120.3818,31.3767,7.9,9.22,398.0,71.0,0.13,5.65
2021/11/12 06:00:00,白洋湾金墅水源地2,120.3818,31.3767,7.9,9.22,398.0,69.0,0.13,5.55
2021/11/12 12:00:00,白洋湾金墅水源地2,120.3818,31.3767,7.9,9.22,397.0,68.0,0.12,5.46
2021/11/12 18:00:00,白洋湾金墅水源地2,120.3818,31.3767,7.9,9.22,397.0,67.0,0.12,5.37
2021/11/13 00:00:00,白洋湾金墅水源地2,120.3818,31.3767,7.9,9.22,397.0,65.0,0.12,5.28
2021/11/13 06:00:00,白洋湾金墅水源地2,120.3818,31.3767,7.9,9.22,396.0,64.0,0.12,5.2
2021/11/13 12:00:00,白洋湾金墅水源地2,120.3818,31.3767,7.9,9.22,396.0,63.0,0.11,5.11
2021/11/13 18:00:00,白洋湾金墅水源地2,120.3818,31.3767,7.9,9.22,396.0,62.0,0.11,5.03
2021/11/14 00:00:00,白洋湾金墅水源地2,120.3818,31.3767,7.9,9.22,395.0,60.0,0.11,4.95
2021/11/14 06:00:00,白洋湾金墅水源地2,120.3818,31.3767,7.9,9.22,395.0,59.0,0.11,4.87
2021/11/14 12:00:00,白洋湾金墅水源地2,120.3818,31.3767,7.9,9.22,395.0,58.0,0.11,4.79
2021/11/14 18:00:00,白洋湾金墅水源地2,120.3818,31.3767,7.9,9.22,394.0,57.0,0.11,4.72
2021/11/15 00:00:00,白洋湾金墅水源地2,120.3818,31.3767,7.9,9.22,394.0,56.0,0.1,4.65
2021/11/15 06:00:00,白洋湾金墅水源地2,120.3818,31.3767,7.9,9.23,394.0,55.0,0.1,4.58
2021/11/15 12:00:00,白洋湾金墅水源地2,120.3818,31.3767,7.9,9.23,394.0,54.0,0.1,4.52
2021/11/15 18:00:00,白洋湾金墅水源地2,120.3818,31.3767,7.9,9.23,393.0,53.0,0.1,4.46
2021/11/16 00:00:00,白洋湾金墅水源地2,120.3818,31.3767,7.9,9.23,393.0,53.0,0.1,4.4
2021/11/16 06:00:00,白洋湾金墅水源地2,120.3818,31.3767,7.9,9.23,393.0,52.0,0.1,4.35
2021/11/16 12:00:00,白洋湾金墅水源地2,120.3818,31.3767,7.9,9.23,393.0,51.0,0.09,4.29
2021/11/16 18:00:00,白洋湾金墅水源地2,120.3818,31.3767,7.9,9.24,393.0,50.0,0.09,4.25
2021/11/17 00:00:00,白洋湾金墅水源地2,120.3818,31.3767,7.9,9.24,393.0,50.0,0.09,4.2
2021/11/17 06:00:00,白洋湾金墅水源地2,120.3818,31.3767,7.9,9.24,392.0,49.0,0.09,4.16
2021/11/17 12:00:00,白洋湾金墅水源地2,120.3818,31.3767,7.9,9.24,392.0,49.0,0.09,4.12
2021/11/17 18:00:00,白洋湾金墅水源地2,120.3818,31.3767,7.9,9.25,392.0,48.0,0.09,4.08
2021/11/18 00:00:00,白洋湾金墅水源地2,120.3818,31.3767,7.9,9.25,392.0,48.0,0.09,4.05
2021/11/18 06:00:00,白洋湾金墅水源地2,120.3818,31.3767,7.9,9.25,392.0,48.0,0.09,4.02
2021/11/18 12:00:00,白洋湾金墅水源地2,120.3818,31.3767,7.9,9.26,392.0,47.0,0.09,3.99
2021/11/18 18:00:00,白洋湾金墅水源地2,120.3818,31.3767,7.9,9.26,392.0,47.0,0.09,3.97
2021/11/19 00:00:00,白洋湾金墅水源地2,120.3818,31.3767,7.9,9.26,392.0,47.0,0.09,3.95
2021/11/19 06:00:00,白洋湾金墅水源地2,120.3818,31.3767,7.9,9.27,392.0,46.0,0.08,3.92
2021/11/19 12:00:00,白洋湾金墅水源地2,120.3818,31.3767,7.9,9.27,392.0,46.0,0.08,3.91
2021/11/19 18:00:00,白洋湾金墅水源地2,120.3818,31.3767,7.9,9.28,392.0,46.0,0.08,3.89
2021/11/20 00:00:00,白洋湾金墅水源地2,120.3818,31.3767,7.9,9.28,392.0,46.0,0.08,3.88
2021/11/20 06:00:00,白洋湾金墅水源地2,120.3818,31.3767,7.9,9.29,392.0,46.0,0.08,3.87
2021/11/20 12:00:00,白洋湾金墅水源地2,120.3818,31.3767,7.9,9.29,392.0,45.0,0.08,3.86
2021/11/20 18:00:00,白洋湾金墅水源地2,120.3818,31.3767,7.9,9.3,392.0,45.0,0.08,3.85
2021/11/21 00:00:00,白洋湾金墅水源地2,120.3818,31.3767,7.9,9.3,392.0,45.0,0.08,3.85
2021/11/21 06:00:00,白洋湾金墅水源地2,120.3818,31.3767,7.9,9.31,392.0,45.0,0.08,3.85
2021/11/21 12:00:00,白洋湾金墅水源地2,120.3818,31.3767,7.9,9.32,393.0,45.0,0.08,3.84
2021/11/21 18:00:00,白洋湾金墅水源地2,120.3818,31.3767,7.9,9.32,393.0,45.0,0.08,3.85
2021/11/22 00:00:00,白洋湾金墅水源地2,120.3818,31.3767,7.9,9.33,393.0,45.0,0.08,3.85
2021/11/22 06:00:00,白洋湾金墅水源地2,120.3818,31.3767,7.9,9.34,393.0,45.0,0.08,3.85
2021/11/22 12:00:00,白洋湾金墅水源地2,120.3818,31.3767,7.9,9.34,393.0,45.0,0.08,3.86
2021/11/22 18:00:00,白洋湾金墅水源地2,120.3818,31.3767,7.9,9.35,393.0,45.0,0.08,3.87
2021/11/23 00:00:00,白洋湾金墅水源地2,120.3818,31.3767,7.9,9.36,394.0,45.0,0.08,3.88
2021/11/23 06:00:00,白洋湾金墅水源地2,120.3818,31.3767,7.9,9.37,394.0,45.0,0.08,3.89
2021/11/23 12:00:00,白洋湾金墅水源地2,120.3818,31.3767,7.9,9.38,394.0,45.0,0.08,3.91
2021/11/23 18:00:00,白洋湾金墅水源地2,120.3818,31.3767,7.9,9.39,394.0,45.0,0.08,3.92
2021/11/24 00:00:00,白洋湾金墅水源地2,120.3818,31.3767,7.9,9.4,395.0,45.0,0.08,3.94
2021/11/24 06:00:00,白洋湾金墅水源地2,120.3818,31.3767,7.9,9.4,395.0,45.0,0.08,3.95
2021/11/24 12:00:00,白洋湾金墅水源地2,120.3818,31.3767,7.9,9.41,395.0,45.0,0.08,3.97
2021/11/24 18:00:00,白洋湾金墅水源地2,120.3818,31.3767,7.9,9.42,396.0,45.0,0.08,3.99
2021/11/25 00:00:00,白洋湾金墅水源地2,120.3818,31.3767,7.9,9.43,396.0,45.0,0.08,4.02
2021/11/25 06:00:00,白洋湾金墅水源地2,120.3818,31.3767,7.9,9.45,396.0,45.0,0.08,4.04
2021/11/25 12:00:00,白洋湾金墅水源地2,120.3818,31.3767,7.8,9.46,397.0,44.0,0.08,4.06
2021/11/25 18:00:00,白洋湾金墅水源地2,120.3818,31.3767,7.8,9.47,397.0,44.0,0.08,4.09
2021/11/26 00:00:00,白洋湾金墅水源地2,120.3818,31.3767,7.8,9.48,397.0,44.0,0.08,4.11
2021/11/26 06:00:00,白洋湾金墅水源地2,120.3818,31.3767,7.8,9.49,398.0,44.0,0.08,4.14
2021/11/26 12:00:00,白洋湾金墅水源地2,120.3818,31.3767,7.8,9.5,398.0,44.0,0.08,4.17
2021/11/26 18:00:00,白洋湾金墅水源地2,120.3818,31.3767,7.8,9.52,399.0,44.0,0.08,4.19
2021/11/27 00:00:00,白洋湾金墅水源地2,120.3818,31.3767,7.8,9.53,399.0,44.0,0.08,4.22
2021/11/27 06:00:00,白洋湾金墅水源地2,120.3818,31.3767,7.8,9.54,400.0,44.0,0.07,4.25
2021/11/27 12:00:00,白洋湾金墅水源地2,120.3818,31.3767,7.8,9.55,400.0,43.0,0.07,4.28
2021/11/27 18:00:00,白洋湾金墅水源地2,120.3818,31.3767,7.8,9.57,401.0,43.0,0.07,4.31
2021/11/28 00:00:00,白洋湾金墅水源地2,120.3818,31.3767,7.8,9.58,401.0,43.0,0.07,4.34
2021/11/28 06:00:00,白洋湾金墅水源地2,120.3818,31.3767,7.8,9.59,402.0,43.0,0.07,4.37
2021/11/28 12:00:00,白洋湾金墅水源地2,120.3818,31.3767,7.8,9.61,402.0,43.0,0.07,4.41
2021/11/28 18:00:00,白洋湾金墅水源地2,120.3818,31.3767,7.8,9.62,403.0,42.0,0.07,4.44
2021/11/29 00:00:00,白洋湾金墅水源地2,120.3818,31.3767,7.8,9.64,403.0,42.0,0.07,4.47
2021/11/29 06:00:00,白洋湾金墅水源地2,120.3818,31.3767,7.8,9.65,404.0,42.0,0.07,4.5
2021/11/29 12:00:00,白洋湾金墅水源地2,120.3818,31.3767,7.8,9.66,404.0,42.0,0.07,4.53
2021/11/29 18:00:00,白洋湾金墅水源地2,120.3818,31.3767,7.9,9.68,405.0,41.0,0.07,4.56
2021/11/30 00:00:00,白洋湾金墅水源地2,120.3818,31.3767,7.9,9.69,405.0,41.0,0.07,4.59
2021/11/30 06:00:00,白洋湾金墅水源地2,120.3818,31.3767,7.9,9.7,406.0,41.0,0.07,4.62
2021/11/30 12:00:00,白洋湾金墅水源地2,120.3818,31.3767,7.9,9.72,406.0,41.0,0.07,4.66
2021/11/30 18:00:00,白洋湾金墅水源地2,120.3818,31.3767,7.9,9.73,407.0,40.0,0.07,4.69
2021/12/01 00:00:00,白洋湾金墅水源地2,120.3818,31.3767,7.9,9.74,407.0,40.0,0.07,4.72
2021/12/01 06:00:00,白洋湾金墅水源地2,120.3818,31.3767,7.9,9.76,408.0,40.0,0.07,4.74
2021/12/01 12:00:00,白洋湾金墅水源地2,120.3818,31.3767,7.9,9.77,409.0,40.0,0.07,4.77
2021/12/01 18:00:00,白洋湾金墅水源地2,120.3818,31.3767,7.9,9.78,409.0,39.0,0.07,4.8
2021/12/02 00:00:00,白洋湾金墅水源地2,120.3818,31.3767,7.9,9.8,410.0,39.0,0.07,4.83
2021/12/02 06:00:00,白洋湾金墅水源地2,120.3818,31.3767,7.9,9.81,410.0,39.0,0.07,4.86
2021/12/02 12:00:00,白洋湾金墅水源地2,120.3818,31.3767,7.9,9.82,411.0,38.0,0.07,4.88
2021/12/02 18:00:00,白洋湾金墅水源地2,120.3818,31.3767,7.9,9.83,411.0,38.0,0.07,4.91
2021/12/03 00:00:00,白洋湾金墅水源地2,120.3818,31.3767,7.9,9.84,412.0,38.0,0.07,4.93
2021/12/03 06:00:00,白洋湾金墅水源地2,120.3818,31.3767,7.9,9.85,412.0,38.0,0.07,4.95
2021/12/03 12:00:00,白洋湾金墅水源地2,120.3818,31.3767,7.9,9.87,413.0,37.0,0.07,4.97
2021/12/03 18:00:00,白洋湾金墅水源地2,120.3818,31.3767,7.9,9.88,413.0,37.0,0.07,4.99
2021/12/04 00:00:00,白洋湾金墅水源地2,120.3818,31.3767,7.9,9.89,414.0,37.0,0.07,5.01
2021/12/04 06:00:00,白洋湾金墅水源地2,120.3818,31.3767,7.9,9.9,414.0,37.0,0.07,5.03
2021/12/04 12:00:00,白洋湾金墅水源地2,120.3818,31.3767,7.9,9.9,415.0,37.0,0.06,5.04
2021/12/04 18:00:00,白洋湾金墅水源地2,120.3818,31.3767,7.9,9.91,415.0,36.0,0.06,5.06
2021/12/05 00:00:00,白洋湾金墅水源地2,120.3818,31.3767,7.9,9.92,415.0,36.0,0.06,5.07
2021/12/05 06:00:00,白洋湾金墅水源地2,120.3818,31.3767,7.9,9.93,416.0,36.0,0.06,5.08
2021/12/05 12:00:00,白洋湾金墅水源地2,120.3818,31.3767,7.9,9.94,416.0,36.0,0.06,5.09
2021/12/05 18:00:00,白洋湾金墅水源地2,120.3818,31.3767,7.9,9.94,417.0,36.0,0.06,5.1
2021/12/06 00:00:00,白洋湾金墅水源地2,120.3818,31.3767,7.9,9.95,417.0,35.0,0.06,5.1
2021/12/06 06:00:00,白洋湾金墅水源地2,120.3818,31.3767,7.9,9.96,417.0,35.0,0.06,5.11
2021/12/06 12:00:00,白洋湾金墅水源地2,120.3818,31.3767,7.9,9.96,418.0,35.0,0.06,5.11
2021/12/06 18:00:00,白洋湾金墅水源地2,120.3818,31.3767,7.9,9.97,418.0,35.0,0.06,5.11
2021/12/07 00:00:00,白洋湾金墅水源地2,120.3818,31.3767,7.9,9.97,418.0,35.0,0.06,5.11
2021/12/07 06:00:00,白洋湾金墅水源地2,120.3818,31.3767,7.9,9.97,419.0,35.0,0.06,5.11
2021/12/07 12:00:00,白洋湾金墅水源地2,120.3818,31.3767,7.9,9.98,419.0,35.0,0.06,5.1
2021/12/07 18:00:00,白洋湾金墅水源地2,120.3818,31.3767,7.9,9.98,419.0,34.0,0.06,5.09
2021/12/08 00:00:00,白洋湾金墅水源地2,120.3818,31.3767,7.9,9.98,419.0,34.0,0.06,5.08
2021/12/08 06:00:00,白洋湾金墅水源地2,120.3818,31.3767,7.9,9.99,420.0,34.0,0.06,5.07
2021/12/08 12:00:00,白洋湾金墅水源地2,120.3818,31.3767,7.9,9.99,420.0,34.0,0.06,5.06
2021/12/08 18:00:00,白洋湾金墅水源地2,120.3818,31.3767,7.9,9.99,420.0,34.0,0.06,5.05
2021/12/09 00:00:00,白洋湾金墅水源地2,120.3818,31.3767,7.9,9.99,420.0,34.0,0.06,5.04
2021/12/09 06:00:00,白洋湾金墅水源地2,120.3818,31.3767,7.9,9.99,420.0,34.0,0.06,5.02
2021/12/09 12:00:00,白洋湾金墅水源地2,120.3818,31.3767,7.9,10.0,421.0,34.0,0.06,5.01
2021/12/09 18:00:00,白洋湾金墅水源地2,120.3818,31.3767,7.9,10.0,421.0,35.0,0.06,4.99
2021/12/10 00:00:00,白洋湾金墅水源地2,120.3818,31.3767,7.9,10.0,421.0,35.0,0.06,4.97
2021/12/10 06:00:00,白洋湾金墅水源地2,120.3818,31.3767,7.9,10.0,421.0,35.0,0.06,4.95
2021/12/10 12:00:00,白洋湾金墅水源地2,120.3818,31.3767,7.9,10.0,421.0,35.0,0.06,4.93
2021/12/10 18:00:00,白洋湾金墅水源地2,120.3818,31.3767,7.9,10.01,421.0,35.0,0.06,4.91
2021/12/11 00:00:00,白洋湾金墅水源地2,120.3818,31.3767,7.9,10.01,421.0,35.0,0.06,4.89
2021/12/11 06:00:00,白洋湾金墅水源地2,120.3818,31.3767,7.9,10.01,421.0,36.0,0.06,4.86
2021/12/11 12:00:00,白洋湾金墅水源地2,120.3818,31.3767,7.9,10.02,421.0,36.0,0.06,4.84
2021/12/11 18:00:00,白洋湾金墅水源地2,120.3818,31.3767,7.9,10.02,422.0,36.0,0.06,4.82
2021/12/12 00:00:00,白洋湾金墅水源地2,120.3818,31.3767,8.0,10.02,422.0,36.0,0.06,4.79
2021/12/12 06:00:00,白洋湾金墅水源地2,120.3818,31.3767,8.0,10.03,422.0,37.0,0.06,4.77
2021/12/12 12:00:00,白洋湾金墅水源地2,120.3818,31.3767,8.0,10.03,422.0,37.0,0.06,4.74
2021/12/12 18:00:00,白洋湾金墅水源地2,120.3818,31.3767,8.0,10.04,422.0,38.0,0.06,4.72
2021/12/13 00:00:00,白洋湾金墅水源地2,120.3818,31.3767,8.0,10.05,422.0,38.0,0.06,4.69
2021/12/13 06:00:00,白洋湾金墅水源地2,120.3818,31.3767,8.0,10.05,422.0,39.0,0.06,4.66
2021/12/13 12:00:00,白洋湾金墅水源地2,120.3818,31.3767,8.0,10.06,422.0,39.0,0.06,4.64
2021/12/13 18:00:00,白洋湾金墅水源地2,120.3818,31.3767,8.0,10.07,422.0,40.0,0.06,4.61
2021/12/14 00:00:00,白洋湾金墅水源地2,120.3818,31.3767,8.0,10.08,422.0,40.0,0.06,4.58
2021/12/14 06:00:00,白洋湾金墅水源地2,120.3818,31.3767,8.0,10.09,422.0,41.0,0.06,4.56
2021/12/14 12:00:00,白洋湾金墅水源地2,120.3818,31.3767,8.0,10.1,422.0,42.0,0.06,4.53
2021/12/14 18:00:00,白洋湾金墅水源地2,120.3818,31.3767,8.0,10.11,422.0,42.0,0.06,4.5
2021/12/15 00:00:00,白洋湾金墅水源地2,120.3818,31.3767,8.0,10.12,422.0,43.0,0.06,4.48
2021/12/15 06:00:00,白洋湾金墅水源地2,120.3818,31.3767,8.0,10.13,422.0,44.0,0.06,4.45
2021/12/15 12:00:00,白洋湾金墅水源地2,120.3818,31.3767,8.0,10.15,422.0,45.0,0.06,4.42
2021/12/15 18:00:00,白洋湾金墅水源地2,120.3818,31.3767,8.0,10.16,422.0,46.0,0.06,4.4
2021/12/16 00:00:00,白洋湾金墅水源地2,120.3818,31.3767,8.0,10.18,422.0,47.0,0.06,4.37
2021/12/16 06:00:00,白洋湾金墅水源地2,120.3818,31.3767,8.0,10.2,422.0,47.0,0.06,4.35
2021/12/16 12:00:00,白洋湾金墅水源地2,120.3818,31.3767,8.0,10.22,422.0,48.0,0.06,4.32
2021/12/16 18:00:00,白洋湾金墅水源地2,120.3818,31.3767,8.0,10.24,422.0,50.0,0.06,4.3
2021/12/17 00:00:00,白洋湾金墅水源地2,120.3818,31.3767,8.0,10.26,422.0,51.0,0.06,4.27
2021/12/17 06:00:00,白洋湾金墅水源地2,120.3818,31.3767,8.0,10.28,422.0,52.0,0.06,4.25
2021/12/17 12:00:00,白洋湾金墅水源地2,120.3818,31.3767,8.0,10.3,422.0,53.0,0.06,4.23
2021/12/17 18:00:00,白洋湾金墅水源地2,120.3818,31.3767,8.0,10.33,422.0,54.0,0.06,4.21
2021/12/18 00:00:00,白洋湾金墅水源地2,120.3818,31.3767,8.0,10.35,422.0,55.0,0.06,4.19
2021/12/18 06:00:00,白洋湾金墅水源地2,120.3818,31.3767,8.0,10.38,422.0,57.0,0.06,4.17
2021/12/18 12:00:00,白洋湾金墅水源地2,120.3818,31.3767,8.0,10.4,422.0,58.0,0.06,4.15
2021/12/18 18:00:00,白洋湾金墅水源地2,120.3818,31.3767,8.0,10.43,422.0,59.0,0.06,4.13
2021/12/19 00:00:00,白洋湾金墅水源地2,120.3818,31.3767,8.0,10.46,422.0,61.0,0.06,4.11
2021/12/19 06:00:00,白洋湾金墅水源地2,120.3818,31.3767,8.0,10.49,422.0,62.0,0.06,4.09
2021/12/19 12:00:00,白洋湾金墅水源地2,120.3818,31.3767,8.0,10.52,422.0,63.0,0.06,4.07
2021/12/19 18:00:00,白洋湾金墅水源地2,120.3818,31.3767,8.0,10.55,422.0,65.0,0.06,4.05
2021/12/20 00:00:00,白洋湾金墅水源地2,120.3818,31.3767,8.0,10.58,422.0,66.0,0.06,4.03
2021/12/20 06:00:00,白洋湾金墅水源地2,120.3818,31.3767,8.0,10.61,422.0,68.0,0.06,4.02
2021/12/20 12:00:00,白洋湾金墅水源地2,120.3818,31.3767,8.0,10.64,422.0,69.0,0.06,4.0
2021/12/20 18:00:00,白洋湾金墅水源地2,120.3818,31.3767,8.0,10.67,422.0,70.0,0.06,3.98
2021/12/21 00:00:00,白洋湾金墅水源地2,120.3818,31.3767,8.0,10.7,422.0,72.0,0.06,3.97
2021/12/21 06:00:00,白洋湾金墅水源地2,120.3818,31.3767,8.0,10.73,422.0,73.0,0.06,3.95
2021/12/21 12:00:00,白洋湾金墅水源地2,120.3818,31.3767,7.9,10.76,422.0,74.0,0.06,3.94
2021/12/21 18:00:00,白洋湾金墅水源地2,120.3818,31.3767,7.9,10.79,422.0,76.0,0.06,3.92
2021/12/22 00:00:00,白洋湾金墅水源地2,120.3818,31.3767,7.9,10.82,423.0,77.0,0.06,3.91
2021/12/22 06:00:00,白洋湾金墅水源地2,120.3818,31.3767,7.9,10.85,423.0,78.0,0.06,3.89
2021/12/22 12:00:00,白洋湾金墅水源地2,120.3818,31.3767,7.9,10.88,423.0,80.0,0.06,3.88
2021/12/22 18:00:00,白洋湾金墅水源地2,120.3818,31.3767,7.9,10.91,423.0,81.0,0.06,3.86
2021/12/23 00:00:00,白洋湾金墅水源地2,120.3818,31.3767,7.9,10.94,423.0,82.0,0.06,3.85
2021/12/23 06:00:00,白洋湾金墅水源地2,120.3818,31.3767,7.9,10.97,423.0,83.0,0.06,3.84
2021/12/23 12:00:00,白洋湾金墅水源地2,120.3818,31.3767,7.9,11.0,423.0,84.0,0.06,3.82
2021/12/23 18:00:00,白洋湾金墅水源地2,120.3818,31.3767,7.9,11.02,423.0,86.0,0.06,3.81
2021/12/24 00:00:00,白洋湾金墅水源地2,120.3818,31.3767,7.9,11.05,423.0,87.0,0.06,3.8
2021/12/24 06:00:00,白洋湾金墅水源地2,120.3818,31.3767,7.9,11.08,423.0,88.0,0.06,3.78
2021/12/24 12:00:00,白洋湾金墅水源地2,120.3818,31.3767,7.9,11.1,423.0,89.0,0.06,3.77
2021/12/24 18:00:00,白洋湾金墅水源地2,120.3818,31.3767,7.9,11.13,423.0,90.0,0.06,3.76
2021/12/25 00:00:00,白洋湾金墅水源地2,120.3818,31.3767,7.9,11.15,423.0,90.0,0.06,3.74
2021/12/25 06:00:00,白洋湾金墅水源地2,120.3818,31.3767,7.9,11.17,423.0,91.0,0.06,3.73
2021/12/25 12:00:00,白洋湾金墅水源地2,120.3818,31.3767,7.9,11.19,423.0,92.0,0.06,3.72
2021/12/25 18:00:00,白洋湾金墅水源地2,120.3818,31.3767,7.9,11.21,423.0,93.0,0.06,3.71
2021/12/26 00:00:00,白洋湾金墅水源地2,120.3818,31.3767,7.9,11.23,423.0,93.0,0.06,3.7
2021/12/26 06:00:00,白洋湾金墅水源地2,120.3818,31.3767,7.9,11.25,423.0,94.0,0.06,3.68
2021/12/26 12:00:00,白洋湾金墅水源地2,120.3818,31.3767,7.9,11.27,423.0,94.0,0.06,3.67
2021/12/26 18:00:00,白洋湾金墅水源地2,120.3818,31.3767,7.9,11.28,423.0,95.0,0.06,3.66
2021/12/27 00:00:00,白洋湾金墅水源地2,120.3818,31.3767,7.9,11.3,423.0,95.0,0.06,3.65
2021/12/27 06:00:00,白洋湾金墅水源地2,120.3818,31.3767,7.9,11.31,423.0,95.0,0.06,3.63
2021/12/27 12:00:00,白洋湾金墅水源地2,120.3818,31.3767,7.9,11.32,423.0,96.0,0.06,3.62
2021/12/27 18:00:00,白洋湾金墅水源地2,120.3818,31.3767,7.9,11.33,423.0,96.0,0.06,3.61
2021/12/28 00:00:00,白洋湾金墅水源地2,120.3818,31.3767,7.9,11.34,423.0,96.0,0.06,3.6
2021/12/28 06:00:00,白洋湾金墅水源地2,120.3818,31.3767,7.9,11.34,423.0,96.0,0.06,3.59
2021/12/28 12:00:00,白洋湾金墅水源地2,120.3818,31.3767,7.9,11.35,423.0,96.0,0.06,3.57
2021/12/28 18:00:00,白洋湾金墅水源地2,120.3818,31.3767,7.9,11.35,423.0,95.0,0.06,3.56
2021/12/29 00:00:00,白洋湾金墅水源地2,120.3818,31.3767,7.9,11.36,423.0,95.0,0.06,3.55
2021/12/29 06:00:00,白洋湾金墅水源地2,120.3818,31.3767,7.9,11.36,423.0,95.0,0.06,3.54
2021/12/29 12:00:00,白洋湾金墅水源地2,120.3818,31.3767,7.9,11.36,423.0,95.0,0.06,3.53
2021/12/29 18:00:00,白洋湾金墅水源地2,120.3818,31.3767,7.9,11.36,423.0,94.0,0.06,3.51
2021/12/30 00:00:00,白洋湾金墅水源地2,120.3818,31.3767,7.9,11.36,423.0,94.0,0.06,3.5
2021/12/30 06:00:00,白洋湾金墅水源地2,120.3818,31.3767,7.9,11.36,423.0,93.0,0.06,3.49
2021/12/30 12:00:00,白洋湾金墅水源地2,120.3818,31.3767,7.9,11.36,423.0,93.0,0.06,3.48
2021/12/30 18:00:00,白洋湾金墅水源地2,120.3818,31.3767,7.9,11.36,423.0,92.0,0.06,3.47
2021/12/31 00:00:00,白洋湾金墅水源地2,120.3818,31.3767,7.9,11.35,423.0,92.0,0.06,3.46
2021/12/31 06:00:00,白洋湾金墅水源地2,120.3818,31.3767,7.9,11.35,423.0,91.0,0.06,3.44
2021/12/31 12:00:00,白洋湾金墅水源地2,120.3818,31.3767,7.9,11.34,423.0,90.0,0.06,3.43
2021/12/31 18:00:00,白洋湾金墅水源地2,120.3818,31.3767,7.9,11.34,423.0,90.0,0.06,3.42
2022/01/01 00:00:00,白洋湾金墅水源地2,120.3818,31.3767,7.9,11.33,423.0,89.0,0.07,3.41
2022/01/01 06:00:00,白洋湾金墅水源地2,120.3818,31.3767,7.9,11.33,423.0,88.0,0.07,3.4
2022/01/01 12:00:00,白洋湾金墅水源地2,120.3818,31.3767,7.9,11.32,423.0,88.0,0.07,3.39
2022/01/01 18:00:00,白洋湾金墅水源地2,120.3818,31.3767,7.9,11.32,423.0,87.0,0.07,3.38
2022/01/02 00:00:00,白洋湾金墅水源地2,120.3818,31.3767,7.9,11.31,423.0,86.0,0.07,3.37
2022/01/02 06:00:00,白洋湾金墅水源地2,120.3818,31.3767,7.9,11.3,423.0,86.0,0.07,3.36
2022/01/02 12:00:00,白洋湾金墅水源地2,120.3818,31.3767,7.9,11.3,423.0,85.0,0.07,3.35
2022/01/02 18:00:00,白洋湾金墅水源地2,120.3818,31.3767,7.9,11.29,423.0,84.0,0.07,3.34
2022/01/03 00:00:00,白洋湾金墅水源地2,120.3818,31.3767,7.9,11.28,423.0,83.0,0.07,3.33
2022/01/03 06:00:00,白洋湾金墅水源地2,120.3818,31.3767,7.9,11.27,423.0,83.0,0.07,3.32
2022/01/03 12:00:00,白洋湾金墅水源地2,120.3818,31.3767,7.9,11.27,423.0,82.0,0.07,3.31
2022/01/03 18:00:00,白洋湾金墅水源地2,120.3818,31.3767,7.9,11.26,423.0,81.0,0.07,3.3
2022/01/04 00:00:00,白洋湾金墅水源地2,120.3818,31.3767,7.9,11.26,424.0,81.0,0.07,3.29
2022/01/04 06:00:00,白洋湾金墅水源地2,120.3818,31.3767,7.9,11.25,424.0,80.0,0.07,3.28
2022/01/04 12:00:00,白洋湾金墅水源地2,120.3818,31.3767,7.9,11.25,424.0,79.0,0.07,3.27
2022/01/04 18:00:00,白洋湾金墅水源地2,120.3818,31.3767,7.9,11.24,424.0,79.0,0.07,3.26
2022/01/05 00:00:00,白洋湾金墅水源地2,120.3818,31.3767,7.9,11.24,424.0,78.0,0.07,3.25
2022/01/05 06:00:00,白洋湾金墅水源地2,120.3818,31.3767,7.9,11.23,424.0,77.0,0.07,3.25
2022/01/05 12:00:00,白洋湾金墅水源地2,120.3818,31.3767,7.9,11.23,424.0,77.0,0.07,3.24
2022/01/05 18:00:00,白洋湾金墅水源地2,120.3818,31.3767,7.9,11.23,424.0,76.0,0.07,3.23
2022/01/06 00:00:00,白洋湾金墅水源地2,120.3818,31.3767,7.9,11.22,424.0,76.0,0.07,3.22
2022/01/06 06:00:00,白洋湾金墅水源地2,120.3818,31.3767,7.9,11.22,424.0,76.0,0.07,3.22
2022/01/06 12:00:00,白洋湾金墅水源地2,120.3818,31.3767,7.9,11.22,424.0,75.0,0.07,3.21
2022/01/06 18:00:00,白洋湾金墅水源地2,120.3818,31.3767,7.9,11.22,424.0,75.0,0.07,3.2
2022/01/07 00:00:00,白洋湾金墅水源地2,120.3818,31.3767,7.9,11.23,424.0,75.0,0.07,3.2
2022/01/07 06:00:00,白洋湾金墅水源地2,120.3818,31.3767,7.9,11.23,424.0,75.0,0.07,3.19
2022/01/07 12:00:00,白洋湾金墅水源地2,120.3818,31.3767,7.9,11.23,425.0,74.0,0.07,3.19
2022/01/07 18:00:00,白洋湾金墅水源地2,120.3818,31.3767,7.9,11.23,425.0,74.0,0.07,3.18
2022/01/08 00:00:00,白洋湾金墅水源地2,120.3818,31.3767,7.9,11.24,425.0,74.0,0.07,3.17
2022/01/08 06:00:00,白洋湾金墅水源地2,120.3818,31.3767,7.9,11.24,425.0,74.0,0.07,3.17
2022/01/08 12:00:00,白洋湾金墅水源地2,120.3818,31.3767,7.9,11.25,425.0,74.0,0.07,3.17
2022/01/08 18:00:00,白洋湾金墅水源地2,120.3818,31.3767,7.9,11.26,425.0,74.0,0.08,3.16
2022/01/09 00:00:00,白洋湾金墅水源地2,120.3818,31.3767,7.9,11.26,425.0,75.0,0.08,3.16
2022/01/09 06:00:00,白洋湾金墅水源地2,120.3818,31.3767,7.9,11.27,425.0,75.0,0.08,3.15
2022/01/09 12:00:00,白洋湾金墅水源地2,120.3818,31.3767,7.9,11.28,425.0,75.0,0.08,3.15
2022/01/09 18:00:00,白洋湾金墅水源地2,120.3818,31.3767,7.9,11.29,425.0,75.0,0.08,3.14
2022/01/10 00:00:00,白洋湾金墅水源地2,120.3818,31.3767,7.9,11.29,426.0,75.0,0.08,3.14
2022/01/10 06:00:00,白洋湾金墅水源地2,120.3818,31.3767,7.9,11.3,426.0,76.0,0.08,3.14
2022/01/10 12:00:00,白洋湾金墅水源地2,120.3818,31.3767,7.9,11.31,426.0,76.0,0.08,3.14
2022/01/10 18:00:00,白洋湾金墅水源地2,120.3818,31.3767,7.9,11.32,426.0,76.0,0.08,3.13
2022/01/11 00:00:00,白洋湾金墅水源地2,120.3818,31.3767,7.9,11.33,426.0,77.0,0.08,3.13
2022/01/11 06:00:00,白洋湾金墅水源地2,120.3818,31.3767,7.9,11.34,426.0,77.0,0.08,3.13
2022/01/11 12:00:00,白洋湾金墅水源地2,120.3818,31.3767,7.9,11.35,426.0,77.0,0.08,3.13
2022/01/11 18:00:00,白洋湾金墅水源地2,120.3818,31.3767,7.9,11.35,426.0,78.0,0.08,3.12
2022/01/12 00:00:00,白洋湾金墅水源地2,120.3818,31.3767,7.9,11.36,426.0,78.0,0.08,3.12
2022/01/12 06:00:00,白洋湾金墅水源地2,120.3818,31.3767,8.0,11.37,427.0,78.0,0.08,3.12
2022/01/12 12:00:00,白洋湾金墅水源地2,120.3818,31.3767,8.0,11.38,427.0,79.0,0.08,3.12
2022/01/12 18:00:00,白洋湾金墅水源地2,120.3818,31.3767,8.0,11.39,427.0,79.0,0.08,3.12
2022/01/13 00:00:00,白洋湾金墅水源地2,120.3818,31.3767,8.0,11.4,427.0,80.0,0.08,3.12
2022/01/13 06:00:00,白洋湾金墅水源地2,120.3818,31.3767,8.0,11.4,427.0,80.0,0.08,3.12
2022/01/13 12:00:00,白洋湾金墅水源地2,120.3818,31.3767,8.0,11.41,427.0,81.0,0.08,3.12
2022/01/13 18:00:00,白洋湾金墅水源地2,120.3818,31.3767,8.0,11.42,427.0,81.0,0.08,3.12
2022/01/14 00:00:00,白洋湾金墅水源地2,120.3818,31.3767,8.0,11.42,427.0,82.0,0.08,3.12
2022/01/14 06:00:00,白洋湾金墅水源地2,120.3818,31.3767,8.0,11.43,427.0,82.0,0.08,3.12
2022/01/14 12:00:00,白洋湾金墅水源地2,120.3818,31.3767,8.0,11.44,427.0,83.0,0.08,3.12
2022/01/14 18:00:00,白洋湾金墅水源地2,120.3818,31.3767,8.0,11.44,427.0,83.0,0.08,3.12
2022/01/15 00:00:00,白洋湾金墅水源地2,120.3818,31.3767,8.0,11.44,427.0,84.0,0.08,3.12
2022/01/15 06:00:00,白洋湾金墅水源地2,120.3818,31.3767,8.0,11.45,427.0,84.0,0.08,3.12
2022/01/15 12:00:00,白洋湾金墅水源地2,120.3818,31.3767,8.0,11.45,428.0,84.0,0.09,3.12
2022/01/15 18:00:00,白洋湾金墅水源地2,120.3818,31.3767,8.0,11.45,428.0,85.0,0.09,3.12
2022/01/16 00:00:00,白洋湾金墅水源地2,120.3818,31.3767,8.0,11.45,428.0,85.0,0.09,3.12
2022/01/16 06:00:00,白洋湾金墅水源地2,120.3818,31.3767,8.0,11.45,428.0,86.0,0.09,3.12
2022/01/16 12:00:00,白洋湾金墅水源地2,120.3818,31.3767,8.0,11.45,428.0,86.0,0.09,3.12
2022/01/16 18:00:00,白洋湾金墅水源地2,120.3818,31.3767,8.0,11.45,428.0,86.0,0.09,3.12
2022/01/17 00:00:00,白洋湾金墅水源地2,120.3818,31.3767,8.0,11.45,428.0,87.0,0.09,3.12
2022/01/17 06:00:00,白洋湾金墅水源地2,120.3818,31.3767,8.0,11.44,428.0,87.0,0.09,3.12
2022/01/17 12:00:00,白洋湾金墅水源地2,120.3818,31.3767,8.0,11.44,428.0,87.0,0.09,3.13
2022/01/17 18:00:00,白洋湾金墅水源地2,120.3818,31.3767,8.0,11.43,428.0,88.0,0.09,3.13
2022/01/18 00:00:00,白洋湾金墅水源地2,120.3818,31.3767,8.0,11.43,428.0,88.0,0.09,3.13
2022/01/18 06:00:00,白洋湾金墅水源地2,120.3818,31.3767,8.0,11.42,428.0,88.0,0.09,3.13
2022/01/18 12:00:00,白洋湾金墅水源地2,120.3818,31.3767,8.0,11.41,428.0,89.0,0.09,3.13
2022/01/18 18:00:00,白洋湾金墅水源地2,120.3818,31.3767,8.0,11.4,428.0,89.0,0.09,3.14
2022/01/19 00:00:00,白洋湾金墅水源地2,120.3818,31.3767,8.0,11.39,427.0,89.0,0.09,3.14
2022/01/19 06:00:00,白洋湾金墅水源地2,120.3818,31.3767,8.0,11.38,427.0,89.0,0.09,3.14
2022/01/19 12:00:00,白洋湾金墅水源地2,120.3818,31.3767,8.0,11.37,427.0,89.0,0.09,3.14
2022/01/19 18:00:00,白洋湾金墅水源地2,120.3818,31.3767,8.0,11.36,427.0,89.0,0.09,3.14
2022/01/20 00:00:00,白洋湾金墅水源地2,120.3818,31.3767,8.0,11.35,427.0,89.0,0.09,3.15
2022/01/20 06:00:00,白洋湾金墅水源地2,120.3818,31.3767,8.0,11.34,427.0,89.0,0.09,3.15
2022/01/20 12:00:00,白洋湾金墅水源地2,120.3818,31.3767,8.0,11.32,427.0,89.0,0.09,3.15
2022/01/20 18:00:00,白洋湾金墅水源地2,120.3818,31.3767,8.0,11.31,427.0,89.0,0.09,3.15
2022/01/21 00:00:00,白洋湾金墅水源地2,120.3818,31.3767,8.0,11.3,427.0,89.0,0.09,3.15
2022/01/21 06:00:00,白洋湾金墅水源地2,120.3818,31.3767,8.0,11.28,427.0,89.0,0.09,3.15
2022/01/21 12:00:00,白洋湾金墅水源地2,120.3818,31.3767,8.0,11.27,427.0,89.0,0.09,3.16
2022/01/21 18:00:00,白洋湾金墅水源地2,120.3818,31.3767,8.0,11.26,427.0,89.0,0.09,3.16
2022/01/22 00:00:00,白洋湾金墅水源地2,120.3818,31.3767,7.9,11.24,427.0,89.0,0.09,3.16
2022/01/22 06:00:00,白洋湾金墅水源地2,120.3818,31.3767,7.9,11.23,427.0,89.0,0.09,3.16
2022/01/22 12:00:00,白洋湾金墅水源地2,120.3818,31.3767,7.9,11.22,427.0,89.0,0.09,3.16
2022/01/22 18:00:00,白洋湾金墅水源地2,120.3818,31.3767,7.9,11.2,428.0,88.0,0.09,3.16
2022/01/23 00:00:00,白洋湾金墅水源地2,120.3818,31.3767,7.9,11.19,428.0,88.0,0.09,3.16
2022/01/23 06:00:00,白洋湾金墅水源地2,120.3818,31.3767,7.9,11.18,428.0,88.0,0.09,3.16
2022/01/23 12:00:00,白洋湾金墅水源地2,120.3818,31.3767,7.9,11.16,428.0,88.0,0.09,3.16
2022/01/23 18:00:00,白洋湾金墅水源地2,120.3818,31.3767,7.9,11.15,428.0,87.0,0.09,3.16
2022/01/24 00:00:00,白洋湾金墅水源地2,120.3818,31.3767,7.9,11.14,428.0,87.0,0.09,3.16
2022/01/24 06:00:00,白洋湾金墅水源地2,120.3818,31.3767,7.9,11.13,428.0,86.0,0.09,3.16
2022/01/24 12:00:00,白洋湾金墅水源地2,120.3818,31.3767,7.9,11.12,428.0,86.0,0.09,3.16
2022/01/24 18:00:00,白洋湾金墅水源地2,120.3818,31.3767,7.9,11.11,429.0,86.0,0.09,3.16
2022/01/25 00:00:00,白洋湾金墅水源地2,120.3818,31.3767,7.9,11.1,429.0,85.0,0.09,3.16
2022/01/25 06:00:00,白洋湾金墅水源地2,120.3818,31.3767,7.9,11.09,429.0,85.0,0.09,3.16
2022/01/25 12:00:00,白洋湾金墅水源地2,120.3818,31.3767,7.9,11.08,429.0,84.0,0.09,3.16
2022/01/25 18:00:00,白洋湾金墅水源地2,120.3818,31.3767,7.9,11.07,430.0,83.0,0.09,3.16
2022/01/26 00:00:00,白洋湾金墅水源地2,120.3818,31.3767,7.9,11.06,430.0,83.0,0.09,3.15
2022/01/26 06:00:00,白洋湾金墅水源地2,120.3818,31.3767,7.9,11.06,430.0,82.0,0.09,3.15
2022/01/26 12:00:00,白洋湾金墅水源地2,120.3818,31.3767,7.9,11.05,431.0,81.0,0.09,3.15
2022/01/26 18:00:00,白洋湾金墅水源地2,120.3818,31.3767,7.9,11.05,431.0,81.0,0.1,3.15
2022/01/27 00:00:00,白洋湾金墅水源地2,120.3818,31.3767,7.9,11.05,432.0,80.0,0.1,3.14
2022/01/27 06:00:00,白洋湾金墅水源地2,120.3818,31.3767,7.9,11.04,432.0,79.0,0.1,3.14
2022/01/27 12:00:00,白洋湾金墅水源地2,120.3818,31.3767,7.9,11.04,433.0,78.0,0.1,3.14
2022/01/27 18:00:00,白洋湾金墅水源地2,120.3818,31.3767,7.9,11.04,433.0,77.0,0.1,3.13
2022/01/28 00:00:00,白洋湾金墅水源地2,120.3818,31.3767,7.9,11.05,434.0,76.0,0.1,3.13
2022/01/28 06:00:00,白洋湾金墅水源地2,120.3818,31.3767,7.9,11.05,434.0,75.0,0.1,3.12
2022/01/28 12:00:00,白洋湾金墅水源地2,120.3818,31.3767,7.9,11.05,435.0,74.0,0.1,3.11
2022/01/28 18:00:00,白洋湾金墅水源地2,120.3818,31.3767,7.9,11.06,436.0,73.0,0.1,3.11
2022/01/29 00:00:00,白洋湾金墅水源地2,120.3818,31.3767,7.9,11.06,436.0,72.0,0.1,3.1
2022/01/29 06:00:00,白洋湾金墅水源地2,120.3818,31.3767,7.9,11.07,437.0,71.0,0.1,3.1
2022/01/29 12:00:00,白洋湾金墅水源地2,120.3818,31.3767,7.9,11.08,438.0,70.0,0.1,3.09
2022/01/29 18:00:00,白洋湾金墅水源地2,120.3818,31.3767,7.9,11.09,438.0,69.0,0.1,3.08
2022/01/30 00:00:00,白洋湾金墅水源地2,120.3818,31.3767,7.9,11.09,439.0,68.0,0.1,3.07
2022/01/30 06:00:00,白洋湾金墅水源地2,120.3818,31.3767,7.9,11.1,440.0,67.0,0.1,3.07
2022/01/30 12:00:00,白洋湾金墅水源地2,120.3818,31.3767,7.9,11.12,441.0,66.0,0.1,3.06
2022/01/30 18:00:00,白洋湾金墅水源地2,120.3818,31.3767,7.9,11.13,441.0,64.0,0.1,3.05
2022/01/31 00:00:00,白洋湾金墅水源地2,120.3818,31.3767,7.9,11.14,442.0,63.0,0.1,3.04
2022/01/31 06:00:00,白洋湾金墅水源地2,120.3818,31.3767,7.9,11.15,443.0,62.0,0.1,3.04
2022/01/31 12:00:00,白洋湾金墅水源地2,120.3818,31.3767,7.9,11.17,444.0,61.0,0.11,3.03
2022/01/31 18:00:00,白洋湾金墅水源地2,120.3818,31.3767,7.9,11.18,444.0,60.0,0.11,3.02
2022/02/01 00:00:00,白洋湾金墅水源地2,120.3818,31.3767,7.9,11.2,445.0,58.0,0.11,3.01
2022/02/01 06:00:00,白洋湾金墅水源地2,120.3818,31.3767,7.9,11.21,446.0,57.0,0.11,3.0
2022/02/01 12:00:00,白洋湾金墅水源地2,120.3818,31.3767,7.9,11.23,447.0,56.0,0.11,2.99
2022/02/01 18:00:00,白洋湾金墅水源地2,120.3818,31.3767,7.9,11.24,447.0,55.0,0.11,2.99
2022/02/02 00:00:00,白洋湾金墅水源地2,120.3818,31.3767,7.9,11.26,448.0,54.0,0.11,2.98
2022/02/02 06:00:00,白洋湾金墅水源地2,120.3818,31.3767,7.9,11.28,449.0,52.0,0.11,2.97
2022/02/02 12:00:00,白洋湾金墅水源地2,120.3818,31.3767,7.9,11.29,449.0,51.0,0.11,2.96
2022/02/02 18:00:00,白洋湾金墅水源地2,120.3818,31.3767,7.9,11.31,450.0,50.0,0.11,2.95
2022/02/03 00:00:00,白洋湾金墅水源地2,120.3818,31.3767,7.9,11.33,450.0,49.0,0.11,2.94
2022/02/03 06:00:00,白洋湾金墅水源地2,120.3818,31.3767,7.9,11.35,451.0,48.0,0.11,2.93
2022/02/03 12:00:00,白洋湾金墅水源地2,120.3818,31.3767,7.9,11.36,452.0,47.0,0.11,2.93
2022/02/03 18:00:00,白洋湾金墅水源地2,120.3818,31.3767,7.9,11.38,452.0,46.0,0.11,2.92
2022/02/04 00:00:00,白洋湾金墅水源地2,120.3818,31.3767,7.9,11.4,452.0,44.0,0.11,2.91
2022/02/04 06:00:00,白洋湾金墅水源地2,120.3818,31.3767,7.9,11.42,453.0,43.0,0.11,2.9
2022/02/04 12:00:00,白洋湾金墅水源地2,120.3818,31.3767,7.9,11.44,453.0,42.0,0.11,2.9
2022/02/04 18:00:00,白洋湾金墅水源地2,120.3818,31.3767,7.9,11.45,454.0,41.0,0.11,2.89
2022/02/05 00:00:00,白洋湾金墅水源地2,120.3818,31.3767,7.9,11.47,454.0,40.0,0.11,2.88
2022/02/05 06:00:00,白洋湾金墅水源地2,120.3818,31.3767,7.9,11.49,454.0,39.0,0.11,2.87
2022/02/05 12:00:00,白洋湾金墅水源地2,120.3818,31.3767,7.9,11.51,454.0,38.0,0.11,2.87
2022/02/05 18:00:00,白洋湾金墅水源地2,120.3818,31.3767,7.9,11.53,454.0,38.0,0.11,2.86
2022/02/06 00:00:00,白洋湾金墅水源地2,120.3818,31.3767,7.9,11.54,455.0,37.0,0.11,2.86
2022/02/06 06:00:00,白洋湾金墅水源地2,120.3818,31.3767,7.9,11.56,455.0,36.0,0.11,2.85
2022/02/06 12:00:00,白洋湾金墅水源地2,120.3818,31.3767,7.9,11.58,455.0,35.0,0.11,2.84
2022/02/06 18:00:00,白洋湾金墅水源地2,120.3818,31.3767,7.9,11.59,454.0,34.0,0.11,2.84
2022/02/07 00:00:00,白洋湾金墅水源地2,120.3818,31.3767,7.9,11.61,454.0,34.0,0.1,2.84
2022/02/07 06:00:00,白洋湾金墅水源地2,120.3818,31.3767,7.9,11.62,454.0,33.0,0.1,2.83
2022/02/07 12:00:00,白洋湾金墅水源地2,120.3818,31.3767,7.9,11.64,454.0,32.0,0.1,2.83
2022/02/07 18:00:00,白洋湾金墅水源地2,120.3818,31.3767,7.9,11.65,453.0,32.0,0.1,2.82
2022/02/08 00:00:00,白洋湾金墅水源地2,120.3818,31.3767,7.9,11.67,453.0,31.0,0.1,2.82
2022/02/08 06:00:00,白洋湾金墅水源地2,120.3818,31.3767,7.9,11.68,453.0,31.0,0.1,2.82
2022/02/08 12:00:00,白洋湾金墅水源地2,120.3818,31.3767,7.9,11.69,452.0,30.0,0.1,2.81
2022/02/08 18:00:00,白洋湾金墅水源地2,120.3818,31.3767,7.9,11.71,452.0,30.0,0.1,2.81
2022/02/09 00:00:00,白洋湾金墅水源地2,120.3818,31.3767,7.9,11.72,451.0,30.0,0.1,2.81
2022/02/09 06:00:00,白洋湾金墅水源地2,120.3818,31.3767,7.9,11.73,450.0,29.0,0.09,2.81
2022/02/09 12:00:00,白洋湾金墅水源地2,120.3818,31.3767,7.9,11.74,450.0,29.0,0.09,2.81
2022/02/09 18:00:00,白洋湾金墅水源地2,120.3818,31.3767,7.9,11.75,449.0,29.0,0.09,2.81
2022/02/10 00:00:00,白洋湾金墅水源地2,120.3818,31.3767,7.9,11.77,448.0,29.0,0.09,2.81
2022/02/10 06:00:00,白洋湾金墅水源地2,120.3818,31.3767,7.9,11.78,447.0,28.0,0.09,2.8
2022/02/10 12:00:00,白洋湾金墅水源地2,120.3818,31.3767,7.9,11.79,446.0,28.0,0.09,2.8
2022/02/10 18:00:00,白洋湾金墅水源地2,120.3818,31.3767,7.9,11.8,445.0,28.0,0.09,2.8
2022/02/11 00:00:00,白洋湾金墅水源地2,120.3818,31.3767,7.9,11.81,444.0,28.0,0.08,2.8
2022/02/11 06:00:00,白洋湾金墅水源地2,120.3818,31.3767,7.9,11.81,443.0,28.0,0.08,2.8
2022/02/11 12:00:00,白洋湾金墅水源地2,120.3818,31.3767,7.9,11.82,443.0,28.0,0.08,2.8
2022/02/11 18:00:00,白洋湾金墅水源地2,120.3818,31.3767,7.9,11.83,442.0,28.0,0.08,2.8
2022/02/12 00:00:00,白洋湾金墅水源地2,120.3818,31.3767,7.9,11.84,441.0,28.0,0.08,2.8
2022/02/12 06:00:00,白洋湾金墅水源地2,120.3818,31.3767,7.9,11.85,439.0,28.0,0.07,2.8
2022/02/12 12:00:00,白洋湾金墅水源地2,120.3818,31.3767,7.9,11.86,438.0,28.0,0.07,2.8
2022/02/12 18:00:00,白洋湾金墅水源地2,120.3818,31.3767,8.0,11.86,437.0,28.0,0.07,2.8
2022/02/13 00:00:00,白洋湾金墅水源地2,120.3818,31.3767,8.0,11.87,436.0,28.0,0.07,2.8
2022/02/13 06:00:00,白洋湾金墅水源地2,120.3818,31.3767,8.0,11.88,435.0,28.0,0.07,2.8
2022/02/13 12:00:00,白洋湾金墅水源地2,120.3818,31.3767,8.0,11.88,434.0,28.0,0.07,2.8
2022/02/13 18:00:00,白洋湾金墅水源地2,120.3818,31.3767,8.0,11.89,433.0,28.0,0.06,2.8
2022/02/14 00:00:00,白洋湾金墅水源地2,120.3818,31.3767,8.0,11.9,432.0,28.0,0.06,2.8
2022/02/14 06:00:00,白洋湾金墅水源地2,120.3818,31.3767,8.0,11.9,431.0,28.0,0.06,2.8
2022/02/14 12:00:00,白洋湾金墅水源地2,120.3818,31.3767,8.0,11.91,430.0,28.0,0.06,2.8
2022/02/14 18:00:00,白洋湾金墅水源地2,120.3818,31.3767,8.0,11.91,429.0,28.0,0.06,2.8
2022/02/15 00:00:00,白洋湾金墅水源地2,120.3818,31.3767,8.0,11.92,428.0,28.0,0.06,2.79
2022/02/15 06:00:00,白洋湾金墅水源地2,120.3818,31.3767,8.0,11.92,427.0,28.0,0.05,2.79
2022/02/15 12:00:00,白洋湾金墅水源地2,120.3818,31.3767,8.0,11.93,426.0,29.0,0.05,2.79
2022/02/15 18:00:00,白洋湾金墅水源地2,120.3818,31.3767,8.0,11.93,425.0,29.0,0.05,2.79
2022/02/16 00:00:00,白洋湾金墅水源地2,120.3818,31.3767,8.0,11.94,424.0,29.0,0.05,2.79
2022/02/16 06:00:00,白洋湾金墅水源地2,120.3818,31.3767,8.0,11.94,423.0,29.0,0.05,2.78
2022/02/16 12:00:00,白洋湾金墅水源地2,120.3818,31.3767,8.0,11.94,422.0,29.0,0.05,2.78
2022/02/16 18:00:00,白洋湾金墅水源地2,120.3818,31.3767,8.0,11.95,421.0,29.0,0.05,2.78
2022/02/17 00:00:00,白洋湾金墅水源地2,120.3818,31.3767,8.0,11.95,420.0,29.0,0.05,2.78
2022/02/17 06:00:00,白洋湾金墅水源地2,120.3818,31.3767,8.0,11.96,419.0,29.0,0.04,2.77
2022/02/17 12:00:00,白洋湾金墅水源地2,120.3818,31.3767,8.0,11.96,418.0,29.0,0.04,2.77
2022/02/17 18:00:00,白洋湾金墅水源地2,120.3818,31.3767,8.0,11.96,418.0,29.0,0.04,2.76
2022/02/18 00:00:00,白洋湾金墅水源地2,120.3818,31.3767,8.0,11.96,417.0,29.0,0.04,2.76
2022/02/18 06:00:00,白洋湾金墅水源地2,120.3818,31.3767,8.0,11.97,416.0,29.0,0.04,2.75
2022/02/18 12:00:00,白洋湾金墅水源地2,120.3818,31.3767,8.0,11.97,416.0,29.0,0.04,2.75
2022/02/18 18:00:00,白洋湾金墅水源地2,120.3818,31.3767,8.0,11.97,415.0,29.0,0.04,2.74
2022/02/19 00:00:00,白洋湾金墅水源地2,120.3818,31.3767,8.0,11.97,415.0,29.0,0.04,2.74
2022/02/19 06:00:00,白洋湾金墅水源地2,120.3818,31.3767,8.0,11.98,414.0,29.0,0.04,2.73
2022/02/19 12:00:00,白洋湾金墅水源地2,120.3818,31.3767,8.0,11.98,413.0,29.0,0.04,2.72
2022/02/19 18:00:00,白洋湾金墅水源地2,120.3818,31.3767,8.0,11.98,413.0,29.0,0.04,2.72
2022/02/20 00:00:00,白洋湾金墅水源地2,120.3818,31.3767,8.0,11.98,413.0,29.0,0.04,2.71
2022/02/20 06:00:00,白洋湾金墅水源地2,120.3818,31.3767,8.0,11.98,412.0,29.0,0.04,2.7
2022/02/20 12:00:00,白洋湾金墅水源地2,120.3818,31.3767,8.0,11.98,412.0,29.0,0.04,2.7
2022/02/20 18:00:00,白洋湾金墅水源地2,120.3818,31.3767,8.0,11.98,411.0,29.0,0.04,2.69
2022/02/21 00:00:00,白洋湾金墅水源地2,120.3818,31.3767,8.0,11.98,411.0,29.0,0.04,2.68
2022/02/21 06:00:00,白洋湾金墅水源地2,120.3818,31.3767,8.0,11.97,411.0,29.0,0.04,2.67
2022/02/21 12:00:00,白洋湾金墅水源地2,120.3818,31.3767,8.0,11.97,410.0,28.0,0.04,2.67
2022/02/21 18:00:00,白洋湾金墅水源地2,120.3818,31.3767,8.0,11.97,410.0,28.0,0.04,2.66
2022/02/22 00:00:00,白洋湾金墅水源地2,120.3818,31.3767,8.0,11.96,410.0,28.0,0.04,2.65
2022/02/22 06:00:00,白洋湾金墅水源地2,120.3818,31.3767,8.0,11.96,410.0,28.0,0.04,2.64
2022/02/22 12:00:00,白洋湾金墅水源地2,120.3818,31.3767,8.0,11.95,410.0,28.0,0.04,2.63
2022/02/22 18:00:00,白洋湾金墅水源地2,120.3818,31.3767,8.0,11.95,409.0,28.0,0.04,2.63
2022/02/23 00:00:00,白洋湾金墅水源地2,120.3818,31.3767,7.9,11.94,409.0,28.0,0.04,2.62
2022/02/23 06:00:00,白洋湾金墅水源地2,120.3818,31.3767,7.9,11.93,409.0,28.0,0.04,2.61
2022/02/23 12:00:00,白洋湾金墅水源地2,120.3818,31.3767,7.9,11.92,409.0,27.0,0.04,2.6
2022/02/23 18:00:00,白洋湾金墅水源地2,120.3818,31.3767,7.9,11.91,409.0,27.0,0.04,2.59
2022/02/24 00:00:00,白洋湾金墅水源地2,120.3818,31.3767,7.9,11.9,409.0,27.0,0.04,2.59
2022/02/24 06:00:00,白洋湾金墅水源地2,120.3818,31.3767,7.9,11.89,409.0,27.0,0.04,2.58
2022/02/24 12:00:00,白洋湾金墅水源地2,120.3818,31.3767,7.9,11.88,409.0,27.0,0.04,2.57
2022/02/24 18:00:00,白洋湾金墅水源地2,120.3818,31.3767,7.9,11.87,409.0,27.0,0.04,2.56
2022/02/25 00:00:00,白洋湾金墅水源地2,120.3818,31.3767,7.9,11.85,409.0,27.0,0.04,2.56
2022/02/25 06:00:00,白洋湾金墅水源地2,120.3818,31.3767,7.9,11.84,409.0,26.0,0.04,2.55
2022/02/25 12:00:00,白洋湾金墅水源地2,120.3818,31.3767,7.9,11.82,409.0,26.0,0.04,2.54
2022/02/25 18:00:00,白洋湾金墅水源地2,120.3818,31.3767,7.9,11.8,409.0,26.0,0.04,2.54
2022/02/26 00:00:00,白洋湾金墅水源地2,120.3818,31.3767,7.9,11.78,409.0,26.0,0.05,2.53
2022/02/26 06:00:00,白洋湾金墅水源地2,120.3818,31.3767,7.9,11.77,409.0,26.0,0.05,2.52
2022/02/26 12:00:00,白洋湾金墅水源地2,120.3818,31.3767,7.9,11.74,409.0,26.0,0.05,2.52
2022/02/26 18:00:00,白洋湾金墅水源地2,120.3818,31.3767,7.9,11.72,409.0,26.0,0.05,2.51
2022/02/27 00:00:00,白洋湾金墅水源地2,120.3818,31.3767,7.9,11.7,409.0,26.0,0.05,2.51
2022/02/27 06:00:00,白洋湾金墅水源地2,120.3818,31.3767,7.9,11.67,409.0,26.0,0.05,2.5
2022/02/27 12:00:00,白洋湾金墅水源地2,120.3818,31.3767,7.9,11.65,409.0,25.0,0.05,2.5
2022/02/27 18:00:00,白洋湾金墅水源地2,120.3818,31.3767,7.9,11.62,409.0,25.0,0.05,2.5
2022/02/28 00:00:00,白洋湾金墅水源地2,120.3818,31.3767,7.9,11.59,409.0,25.0,0.05,2.49
2022/02/28 06:00:00,白洋湾金墅水源地2,120.3818,31.3767,7.9,11.56,409.0,25.0,0.05,2.49
2022/02/28 12:00:00,白洋湾金墅水源地2,120.3818,31.3767,7.9,11.53,409.0,25.0,0.05,2.49
2022/02/28 18:00:00,白洋湾金墅水源地2,120.3818,31.3767,7.9,11.49,409.0,25.0,0.05,2.48
2022/03/01 00:00:00,白洋湾金墅水源地2,120.3818,31.3767,7.9,11.46,409.0,25.0,0.06,2.48
2022/03/01 06:00:00,白洋湾金墅水源地2,120.3818,31.3767,7.9,11.42,409.0,25.0,0.06,2.48
2022/03/01 12:00:00,白洋湾金墅水源地2,120.3818,31.3767,7.9,11.39,410.0,25.0,0.06,2.48
2022/03/01 18:00:00,白洋湾金墅水源地2,120.3818,31.3767,7.9,11.35,410.0,25.0,0.06,2.48
2022/03/02 00:00:00,白洋湾金墅水源地2,120.3818,31.3767,7.9,11.31,410.0,25.0,0.06,2.48
2022/03/02 06:00:00,白洋湾金墅水源地2,120.3818,31.3767,7.9,11.27,410.0,25.0,0.06,2.48
2022/03/02 12:00:00,白洋湾金墅水源地2,120.3818,31.3767,7.9,11.23,410.0,25.0,0.06,2.48
2022/03/02 18:00:00,白洋湾金墅水源地2,120.3818,31.3767,7.9,11.19,410.0,26.0,0.06,2.48
2022/03/03 00:00:00,白洋湾金墅水源地2,120.3818,31.3767,7.9,11.15,410.0,26.0,0.06,2.48
2022/03/03 06:00:00,白洋湾金墅水源地2,120.3818,31.3767,7.9,11.1,410.0,26.0,0.06,2.49
2022/03/03 12:00:00,白洋湾金墅水源地2,120.3818,31.3767,7.9,11.06,410.0,26.0,0.06,2.49
2022/03/03 18:00:00,白洋湾金墅水源地2,120.3818,31.3767,7.9,11.02,410.0,27.0,0.06,2.49
2022/03/04 00:00:00,白洋湾金墅水源地2,120.3818,31.3767,7.9,10.97,410.0,27.0,0.07,2.5
2022/03/04 06:00:00,白洋湾金墅水源地2,120.3818,31.3767,7.9,10.93,410.0,27.0,0.07,2.5
2022/03/04 12:00:00,白洋湾金墅水源地2,120.3818,31.3767,7.9,10.88,410.0,28.0,0.07,2.51
2022/03/04 18:00:00,白洋湾金墅水源地2,120.3818,31.3767,7.9,10.83,410.0,29.0,0.07,2.51
2022/03/05 00:00:00,白洋湾金墅水源地2,120.3818,31.3767,7.9,10.79,410.0,29.0,0.07,2.52
2022/03/05 06:00:00,白洋湾金墅水源地2,120.3818,31.3767,7.9,10.74,410.0,30.0,0.07,2.53
2022/03/05 12:00:00,白洋湾金墅水源地2,120.3818,31.3767,7.9,10.7,410.0,30.0,0.07,2.54
2022/03/05 18:00:00,白洋湾金墅水源地2,120.3818,31.3767,7.9,10.65,410.0,31.0,0.07,2.54
2022/03/06 00:00:00,白洋湾金墅水源地2,120.3818,31.3767,7.9,10.6,410.0,32.0,0.07,2.55
2022/03/06 06:00:00,白洋湾金墅水源地2,120.3818,31.3767,7.9,10.55,410.0,33.0,0.07,2.56
2022/03/06 12:00:00,白洋湾金墅水源地2,120.3818,31.3767,7.9,10.51,410.0,34.0,0.07,2.57
2022/03/06 18:00:00,白洋湾金墅水源地2,120.3818,31.3767,7.9,10.46,410.0,35.0,0.08,2.58
2022/03/07 00:00:00,白洋湾金墅水源地2,120.3818,31.3767,7.9,10.41,411.0,36.0,0.08,2.6
2022/03/07 06:00:00,白洋湾金墅水源地2,120.3818,31.3767,7.9,10.37,411.0,38.0,0.08,2.61
2022/03/07 12:00:00,白洋湾金墅水源地2,120.3818,31.3767,7.9,10.32,411.0,39.0,0.08,2.62
2022/03/07 18:00:00,白洋湾金墅水源地2,120.3818,31.3767,7.9,10.28,411.0,40.0,0.08,2.64
2022/03/08 00:00:00,白洋湾金墅水源地2,120.3818,31.3767,7.9,10.23,411.0,42.0,0.08,2.65
2022/03/08 06:00:00,白洋湾金墅水源地2,120.3818,31.3767,7.9,10.19,411.0,44.0,0.08,2.67
2022/03/08 12:00:00,白洋湾金墅水源地2,120.3818,31.3767,7.9,10.14,411.0,45.0,0.08,2.68
2022/03/08 18:00:00,白洋湾金墅水源地2,120.3818,31.3767,7.9,10.1,411.0,47.0,0.08,2.7
2022/03/09 00:00:00,白洋湾金墅水源地2,120.3818,31.3767,7.9,10.06,411.0,49.0,0.08,2.72
2022/03/09 06:00:00,白洋湾金墅水源地2,120.3818,31.3767,7.9,10.01,411.0,51.0,0.09,2.74
2022/03/09 12:00:00,白洋湾金墅水源地2,120.3818,31.3767,7.9,9.97,410.0,53.0,0.09,2.76
2022/03/09 18:00:00,白洋湾金墅水源地2,120.3818,31.3767,7.9,9.93,410.0,55.0,0.09,2.78
2022/03/10 00:00:00,白洋湾金墅水源地2,120.3818,31.3767,7.9,9.89,410.0,58.0,0.09,2.8
2022/03/10 06:00:00,白洋湾金墅水源地2,120.3818,31.3767,7.9,9.85,410.0,60.0,0.09,2.82
2022/03/10 12:00:00,白洋湾金墅水源地2,120.3818,31.3767,7.9,9.82,410.0,63.0,0.09,2.84
2022/03/10 18:00:00,白洋湾金墅水源地2,120.3818,31.3767,7.9,9.78,410.0,66.0,0.09,2.87
2022/03/11 00:00:00,白洋湾金墅水源地2,120.3818,31.3767,7.9,9.74,410.0,68.0,0.09,2.89
2022/03/11 06:00:00,白洋湾金墅水源地2,120.3818,31.3767,7.9,9.71,410.0,71.0,0.09,2.92
2022/03/11 12:00:00,白洋湾金墅水源地2,120.3818,31.3767,7.9,9.68,410.0,74.0,0.09,2.94
2022/03/11 18:00:00,白洋湾金墅水源地2,120.3818,31.3767,7.9,9.64,410.0,77.0,0.09,2.97
2022/03/12 00:00:00,白洋湾金墅水源地2,120.3818,31.3767,7.9,9.61,410.0,81.0,0.1,3.0
2022/03/12 06:00:00,白洋湾金墅水源地2,120.3818,31.3767,7.9,9.58,410.0,84.0,0.1,3.03
2022/03/12 12:00:00,白洋湾金墅水源地2,120.3818,31.3767,7.9,9.55,410.0,87.0,0.1,3.05
2022/03/12 18:00:00,白洋湾金墅水源地2,120.3818,31.3767,7.9,9.52,410.0,91.0,0.1,3.08
2022/03/13 00:00:00,白洋湾金墅水源地2,120.3818,31.3767,7.9,9.5,410.0,94.0,0.1,3.11
2022/03/13 06:00:00,白洋湾金墅水源地2,120.3818,31.3767,7.9,9.47,409.0,97.0,0.1,3.14
2022/03/13 12:00:00,白洋湾金墅水源地2,120.3818,31.3767,7.9,9.45,409.0,101.0,0.1,3.17
2022/03/13 18:00:00,白洋湾金墅水源地2,120.3818,31.3767,7.9,9.42,409.0,104.0,0.1,3.2
2022/03/14 00:00:00,白洋湾金墅水源地2,120.3818,31.3767,7.9,9.4,409.0,108.0,0.1,3.23
2022/03/14 06:00:00,白洋湾金墅水源地2,120.3818,31.3767,7.9,9.37,409.0,111.0,0.1,3.25
2022/03/14 12:00:00,白洋湾金墅水源地2,120.3818,31.3767,7.9,9.35,409.0,115.0,0.1,3.28
2022/03/14 18:00:00,白洋湾金墅水源地2,120.3818,31.3767,7.9,9.33,409.0,118.0,0.1,3.31
2022/03/15 00:00:00,白洋湾金墅水源地2,120.3818,31.3767,7.9,9.31,409.0,122.0,0.11,3.34
2022/03/15 06:00:00,白洋湾金墅水源地2,120.3818,31.3767,7.9,9.29,408.0,125.0,0.11,3.37
2022/03/15 12:00:00,白洋湾金墅水源地2,120.3818,31.3767,7.9,9.28,408.0,129.0,0.11,3.39
2022/03/15 18:00:00,白洋湾金墅水源地2,120.3818,31.3767,7.9,9.26,408.0,132.0,0.11,3.42
2022/03/16 00:00:00,白洋湾金墅水源地2,120.3818,31.3767,7.8,9.24,408.0,135.0,0.11,3.45
2022/03/16 06:00:00,白洋湾金墅水源地2,120.3818,31.3767,7.8,9.23,408.0,139.0,0.11,3.47
2022/03/16 12:00:00,白洋湾金墅水源地2,120.3818,31.3767,7.8,9.21,407.0,142.0,0.11,3.5
2022/03/16 18:00:00,白洋湾金墅水源地2,120.3818,31.3767,7.8,9.2,407.0,145.0,0.11,3.52
2022/03/17 00:00:00,白洋湾金墅水源地2,120.3818,31.3767,7.8,9.18,407.0,148.0,0.11,3.54
2022/03/17 06:00:00,白洋湾金墅水源地2,120.3818,31.3767,7.8,9.17,407.0,150.0,0.11,3.56
2022/03/17 12:00:00,白洋湾金墅水源地2,120.3818,31.3767,7.8,9.16,407.0,153.0,0.11,3.58
2022/03/17 18:00:00,白洋湾金墅水源地2,120.3818,31.3767,7.8,9.15,406.0,156.0,0.11,3.6
2022/03/18 00:00:00,白洋湾金墅水源地2,120.3818,31.3767,7.8,9.14,406.0,158.0,0.11,3.62
2022/03/18 06:00:00,白洋湾金墅水源地2,120.3818,31.3767,7.8,9.13,406.0,161.0,0.11,3.64
2022/03/18 12:00:00,白洋湾金墅水源地2,120.3818,31.3767,7.8,9.12,406.0,163.0,0.11,3.65
2022/03/18 18:00:00,白洋湾金墅水源地2,120.3818,31.3767,7.8,9.11,406.0,165.0,0.11,3.67
2022/03/19 00:00:00,白洋湾金墅水源地2,120.3818,31.3767,7.8,9.11,405.0,167.0,0.11,3.68
2022/03/19 06:00:00,白洋湾金墅水源地2,120.3818,31.3767,7.8,9.1,405.0,168.0,0.11,3.69
2022/03/19 12:00:00,白洋湾金墅水源地2,120.3818,31.3767,7.8,9.09,405.0,170.0,0.11,3.7
2022/03/19 18:00:00,白洋湾金墅水源地2,120.3818,31.3767,7.8,9.09,404.0,171.0,0.11,3.71
2022/03/20 00:00:00,白洋湾金墅水源地2,120.3818,31.3767,7.8,9.09,404.0,172.0,0.11,3.72
2022/03/20 06:00:00,白洋湾金墅水源地2,120.3818,31.3767,7.8,9.08,404.0,173.0,0.11,3.72
2022/03/20 12:00:00,白洋湾金墅水源地2,120.3818,31.3767,7.8,9.08,404.0,174.0,0.11,3.73
2022/03/20 18:00:00,白洋湾金墅水源地2,120.3818,31.3767,7.8,9.08,403.0,174.0,0.11,3.73
2022/03/21 00:00:00,白洋湾金墅水源地2,120.3818,31.3767,7.8,9.07,403.0,175.0,0.11,3.72
2022/03/21 06:00:00,白洋湾金墅水源地2,120.3818,31.3767,7.8,9.07,403.0,175.0,0.11,3.72
2022/03/21 12:00:00,白洋湾金墅水源地2,120.3818,31.3767,7.8,9.07,402.0,174.0,0.11,3.72
2022/03/21 18:00:00,白洋湾金墅水源地2,120.3818,31.3767,7.8,9.07,402.0,174.0,0.11,3.71
2022/03/22 00:00:00,白洋湾金墅水源地2,120.3818,31.3767,7.8,9.07,402.0,173.0,0.11,3.7
2022/03/22 06:00:00,白洋湾金墅水源地2,120.3818,31.3767,7.8,9.08,401.0,172.0,0.11,3.69
2022/03/22 12:00:00,白洋湾金墅水源地2,120.3818,31.3767,7.8,9.08,401.0,171.0,0.11,3.68
2022/03/22 18:00:00,白洋湾金墅水源地2,120.3818,31.3767,7.8,9.08,401.0,170.0,0.11,3.66
2022/03/23 00:00:00,白洋湾金墅水源地2,120.3818,31.3767,7.8,9.08,400.0,169.0,0.11,3.65
2022/03/23 06:00:00,白洋湾金墅水源地2,120.3818,31.3767,7.8,9.08,400.0,167.0,0.11,3.63
2022/03/23 12:00:00,白洋湾金墅水源地2,120.3818,31.3767,7.8,9.09,400.0,165.0,0.11,3.61
2022/03/23 18:00:00,白洋湾金墅水源地2,120.3818,31.3767,7.8,9.09,399.0,163.0,0.1,3.59
2022/03/24 00:00:00,白洋湾金墅水源地2,120.3818,31.3767,7.8,9.09,399.0,161.0,0.1,3.57
2022/03/24 06:00:00,白洋湾金墅水源地2,120.3818,31.3767,7.8,9.09,399.0,159.0,0.1,3.55
2022/03/24 12:00:00,白洋湾金墅水源地2,120.3818,31.3767,7.8,9.1,398.0,156.0,0.1,3.52
2022/03/24 18:00:00,白洋湾金墅水源地2,120.3818,31.3767,7.8,9.1,398.0,154.0,0.1,3.5
2022/03/25 00:00:00,白洋湾金墅水源地2,120.3818,31.3767,7.8,9.1,398.0,151.0,0.1,3.47
2022/03/25 06:00:00,白洋湾金墅水源地2,120.3818,31.3767,7.8,9.1,397.0,148.0,0.1,3.45
2022/03/25 12:00:00,白洋湾金墅水源地2,120.3818,31.3767,7.8,9.1,397.0,146.0,0.1,3.42
2022/03/25 18:00:00,白洋湾金墅水源地2,120.3818,31.3767,7.8,9.11,397.0,143.0,0.1,3.39
2022/03/26 00:00:00,白洋湾金墅水源地2,120.3818,31.3767,7.8,9.11,396.0,140.0,0.1,3.36
2022/03/26 06:00:00,白洋湾金墅水源地2,120.3818,31.3767,7.8,9.11,396.0,137.0,0.09,3.33
2022/03/26 12:00:00,白洋湾金墅水源地2,120.3818,31.3767,7.8,9.11,396.0,133.0,0.09,3.3
2022/03/26 18:00:00,白洋湾金墅水源地2,120.3818,31.3767,7.8,9.11,395.0,130.0,0.09,3.27
2022/03/27 00:00:00,白洋湾金墅水源地2,120.3818,31.3767,7.8,9.11,395.0,127.0,0.09,3.24
2022/03/27 06:00:00,白洋湾金墅水源地2,120.3818,31.3767,7.8,9.11,395.0,124.0,0.09,3.21
2022/03/27 12:00:00,白洋湾金墅水源地2,120.3818,31.3767,7.8,9.11,394.0,120.0,0.09,3.18
2022/03/27 18:00:00,白洋湾金墅水源地2,120.3818,31.3767,7.8,9.1,394.0,117.0,0.09,3.15
2022/03/28 00:00:00,白洋湾金墅水源地2,120.3818,31.3767,7.8,9.1,394.0,113.0,0.09,3.12
2022/03/28 06:00:00,白洋湾金墅水源地2,120.3818,31.3767,7.9,9.1,394.0,110.0,0.09,3.09
2022/03/28 12:00:00,白洋湾金墅水源地2,120.3818,31.3767,7.9,9.09,393.0,107.0,0.08,3.06
2022/03/28 18:00:00,白洋湾金墅水源地2,120.3818,31.3767,7.9,9.09,393.0,103.0,0.08,3.03
2022/03/29 00:00:00,白洋湾金墅水源地2,120.3818,31.3767,7.9,9.08,393.0,100.0,0.08,3.0
2022/03/29 06:00:00,白洋湾金墅水源地2,120.3818,31.3767,7.9,9.07,393.0,97.0,0.08,2.97
2022/03/29 12:00:00,白洋湾金墅水源地2,120.3818,31.3767,7.9,9.07,393.0,93.0,0.08,2.94
2022/03/29 18:00:00,白洋湾金墅水源地2,120.3818,31.3767,7.9,9.06,392.0,90.0,0.08,2.91
2022/03/30 00:00:00,白洋湾金墅水源地2,120.3818,31.3767,7.9,9.05,392.0,87.0,0.08,2.88
2022/03/30 06:00:00,白洋湾金墅水源地2,120.3818,31.3767,7.9,9.03,392.0,84.0,0.08,2.85
2022/03/30 12:00:00,白洋湾金墅水源地2,120.3818,31.3767,7.9,9.02,392.0,80.0,0.08,2.83
2022/03/30 18:00:00,白洋湾金墅水源地2,120.3818,31.3767,7.9,9.01,392.0,77.0,0.08,2.8
2022/03/31 00:00:00,白洋湾金墅水源地2,120.3818,31.3767,7.9,8.99,392.0,74.0,0.07,2.77
2022/03/31 06:00:00,白洋湾金墅水源地2,120.3818,31.3767,7.9,8.97,392.0,72.0,0.07,2.75
2022/03/31 12:00:00,白洋湾金墅水源地2,120.3818,31.3767,7.9,8.96,392.0,69.0,0.07,2.73
2022/03/31 18:00:00,白洋湾金墅水源地2,120.3818,31.3767,7.9,8.94,392.0,66.0,0.07,2.7
2022/04/01 00:00:00,白洋湾金墅水源地2,120.3818,31.3767,7.9,8.92,392.0,64.0,0.07,2.68
2022/04/01 06:00:00,白洋湾金墅水源地2,120.3818,31.3767,8.0,8.89,392.0,61.0,0.07,2.66
2022/04/01 12:00:00,白洋湾金墅水源地2,120.3818,31.3767,8.0,8.87,392.0,59.0,0.07,2.64
2022/04/01 18:00:00,白洋湾金墅水源地2,120.3818,31.3767,8.0,8.84,392.0,57.0,0.07,2.63
2022/04/02 00:00:00,白洋湾金墅水源地2,120.3818,31.3767,8.0,8.82,392.0,54.0,0.07,2.61
2022/04/02 06:00:00,白洋湾金墅水源地2,120.3818,31.3767,8.0,8.79,392.0,52.0,0.07,2.59
2022/04/02 12:00:00,白洋湾金墅水源地2,120.3818,31.3767,8.0,8.76,392.0,50.0,0.07,2.58
2022/04/02 18:00:00,白洋湾金墅水源地2,120.3818,31.3767,8.0,8.73,392.0,49.0,0.07,2.56
2022/04/03 00:00:00,白洋湾金墅水源地2,120.3818,31.3767,8.0,8.7,392.0,47.0,0.07,2.55
2022/04/03 06:00:00,白洋湾金墅水源地2,120.3818,31.3767,8.0,8.67,392.0,45.0,0.07,2.54
2022/04/03 12:00:00,白洋湾金墅水源地2,120.3818,31.3767,8.0,8.64,392.0,44.0,0.07,2.52
2022/04/03 18:00:00,白洋湾金墅水源地2,120.3818,31.3767,8.0,8.61,393.0,42.0,0.07,2.51
2022/04/04 00:00:00,白洋湾金墅水源地2,120.3818,31.3767,8.0,8.57,393.0,40.0,0.07,2.5
2022/04/04 06:00:00,白洋湾金墅水源地2,120.3818,31.3767,8.0,8.54,393.0,39.0,0.07,2.49
2022/04/04 12:00:00,白洋湾金墅水源地2,120.3818,31.3767,8.1,8.5,393.0,38.0,0.07,2.48
2022/04/04 18:00:00,白洋湾金墅水源地2,120.3818,31.3767,8.1,8.47,393.0,37.0,0.07,2.48
2022/04/05 00:00:00,白洋湾金墅水源地2,120.3818,31.3767,8.1,8.43,394.0,35.0,0.07,2.47
2022/04/05 06:00:00,白洋湾金墅水源地2,120.3818,31.3767,8.1,8.4,394.0,34.0,0.07,2.46
2022/04/05 12:00:00,白洋湾金墅水源地2,120.3818,31.3767,8.1,8.36,394.0,33.0,0.07,2.45
2022/04/05 18:00:00,白洋湾金墅水源地2,120.3818,31.3767,8.1,8.32,394.0,32.0,0.07,2.45
2022/04/06 00:00:00,白洋湾金墅水源地2,120.3818,31.3767,8.1,8.29,395.0,31.0,0.07,2.44
2022/04/06 06:00:00,白洋湾金墅水源地2,120.3818,31.3767,8.1,8.25,395.0,30.0,0.07,2.44
2022/04/06 12:00:00,白洋湾金墅水源地2,120.3818,31.3767,8.1,8.21,395.0,30.0,0.07,2.43
2022/04/06 18:00:00,白洋湾金墅水源地2,120.3818,31.3767,8.1,8.18,395.0,29.0,0.07,2.43
2022/04/07 00:00:00,白洋湾金墅水源地2,120.3818,31.3767,8.1,8.14,396.0,28.0,0.07,2.43
2022/04/07 06:00:00,白洋湾金墅水源地2,120.3818,31.3767,8.1,8.1,396.0,27.0,0.07,2.42
2022/04/07 12:00:00,白洋湾金墅水源地2,120.3818,31.3767,8.1,8.06,396.0,27.0,0.07,2.42
2022/04/07 18:00:00,白洋湾金墅水源地2,120.3818,31.3767,8.1,8.03,397.0,26.0,0.07,2.42
2022/04/08 00:00:00,白洋湾金墅水源地2,120.3818,31.3767,8.1,7.99,397.0,26.0,0.07,2.42
2022/04/08 06:00:00,白洋湾金墅水源地2,120.3818,31.3767,8.1,7.96,397.0,25.0,0.07,2.41
2022/04/08 12:00:00,白洋湾金墅水源地2,120.3818,31.3767,8.1,7.92,398.0,25.0,0.07,2.41
2022/04/08 18:00:00,白洋湾金墅水源地2,120.3818,31.3767,8.1,7.88,398.0,24.0,0.07,2.41
2022/04/09 00:00:00,白洋湾金墅水源地2,120.3818,31.3767,8.1,7.85,398.0,24.0,0.07,2.41
2022/04/09 06:00:00,白洋湾金墅水源地2,120.3818,31.3767,8.1,7.82,399.0,23.0,0.07,2.41
2022/04/09 12:00:00,白洋湾金墅水源地2,120.3818,31.3767,8.1,7.78,399.0,23.0,0.07,2.41
2022/04/09 18:00:00,白洋湾金墅水源地2,120.3818,31.3767,8.1,7.75,400.0,22.0,0.07,2.41
2022/04/10 00:00:00,白洋湾金墅水源地2,120.3818,31.3767,8.2,7.72,400.0,22.0,0.07,2.41
2022/04/10 06:00:00,白洋湾金墅水源地2,120.3818,31.3767,8.2,7.69,400.0,22.0,0.07,2.41
2022/04/10 12:00:00,白洋湾金墅水源地2,120.3818,31.3767,8.2,7.65,401.0,21.0,0.07,2.41
2022/04/10 18:00:00,白洋湾金墅水源地2,120.3818,31.3767,8.2,7.63,401.0,21.0,0.07,2.41
2022/04/11 00:00:00,白洋湾金墅水源地2,120.3818,31.3767,8.2,7.6,401.0,21.0,0.07,2.4
2022/04/11 06:00:00,白洋湾金墅水源地2,120.3818,31.3767,8.1,7.57,402.0,21.0,0.07,2.4
2022/04/11 12:00:00,白洋湾金墅水源地2,120.3818,31.3767,8.1,7.54,402.0,20.0,0.07,2.4
2022/04/11 18:00:00,白洋湾金墅水源地2,120.3818,31.3767,8.1,7.52,403.0,20.0,0.07,2.4
2022/04/12 00:00:00,白洋湾金墅水源地2,120.3818,31.3767,8.1,7.49,403.0,20.0,0.07,2.4
2022/04/12 06:00:00,白洋湾金墅水源地2,120.3818,31.3767,8.1,7.47,403.0,19.0,0.07,2.4
2022/04/12 12:00:00,白洋湾金墅水源地2,120.3818,31.3767,8.1,7.45,404.0,19.0,0.07,2.4
2022/04/12 18:00:00,白洋湾金墅水源地2,120.3818,31.3767,8.1,7.42,404.0,19.0,0.07,2.4
2022/04/13 00:00:00,白洋湾金墅水源地2,120.3818,31.3767,8.1,7.4,405.0,19.0,0.07,2.4
2022/04/13 06:00:00,白洋湾金墅水源地2,120.3818,31.3767,8.1,7.38,405.0,18.0,0.07,2.4
2022/04/13 12:00:00,白洋湾金墅水源地2,120.3818,31.3767,8.1,7.37,406.0,18.0,0.07,2.4
2022/04/13 18:00:00,白洋湾金墅水源地2,120.3818,31.3767,8.1,7.35,406.0,18.0,0.07,2.4
2022/04/14 00:00:00,白洋湾金墅水源地2,120.3818,31.3767,8.1,7.33,406.0,18.0,0.07,2.4
2022/04/14 06:00:00,白洋湾金墅水源地2,120.3818,31.3767,8.1,7.31,407.0,18.0,0.07,2.39
2022/04/14 12:00:00,白洋湾金墅水源地2,120.3818,31.3767,8.1,7.3,407.0,17.0,0.07,2.39
2022/04/14 18:00:00,白洋湾金墅水源地2,120.3818,31.3767,8.1,7.28,408.0,17.0,0.07,2.39
2022/04/15 00:00:00,白洋湾金墅水源地2,120.3818,31.3767,8.1,7.27,408.0,17.0,0.07,2.39
2022/04/15 06:00:00,白洋湾金墅水源地2,120.3818,31.3767,8.1,7.26,408.0,17.0,0.07,2.39
2022/04/15 12:00:00,白洋湾金墅水源地2,120.3818,31.3767,8.1,7.25,409.0,17.0,0.07,2.39
2022/04/15 18:00:00,白洋湾金墅水源地2,120.3818,31.3767,8.1,7.24,409.0,16.0,0.07,2.39
2022/04/16 00:00:00,白洋湾金墅水源地2,120.3818,31.3767,8.1,7.22,410.0,16.0,0.07,2.39
2022/04/16 06:00:00,白洋湾金墅水源地2,120.3818,31.3767,8.0,7.22,410.0,16.0,0.07,2.39
2022/04/16 12:00:00,白洋湾金墅水源地2,120.3818,31.3767,8.0,7.21,410.0,16.0,0.07,2.39
2022/04/16 18:00:00,白洋湾金墅水源地2,120.3818,31.3767,8.0,7.2,411.0,16.0,0.08,2.39
2022/04/17 00:00:00,白洋湾金墅水源地2,120.3818,31.3767,8.0,7.19,411.0,16.0,0.08,2.39
2022/04/17 06:00:00,白洋湾金墅水源地2,120.3818,31.3767,8.0,7.18,412.0,15.0,0.08,2.39
2022/04/17 12:00:00,白洋湾金墅水源地2,120.3818,31.3767,8.0,7.18,412.0,15.0,0.08,2.39
2022/04/17 18:00:00,白洋湾金墅水源地2,120.3818,31.3767,8.0,7.17,413.0,15.0,0.08,2.39
2022/04/18 00:00:00,白洋湾金墅水源地2,120.3818,31.3767,8.0,7.17,413.0,15.0,0.08,2.39
2022/04/18 06:00:00,白洋湾金墅水源地2,120.3818,31.3767,8.0,7.16,413.0,15.0,0.08,2.39
2022/04/18 12:00:00,白洋湾金墅水源地2,120.3818,31.3767,8.0,7.16,414.0,15.0,0.08,2.39
2022/04/18 18:00:00,白洋湾金墅水源地2,120.3818,31.3767,8.0,7.16,414.0,15.0,0.08,2.39
2022/04/19 00:00:00,白洋湾金墅水源地2,120.3818,31.3767,8.0,7.16,415.0,15.0,0.08,2.39
2022/04/19 06:00:00,白洋湾金墅水源地2,120.3818,31.3767,8.0,7.15,415.0,15.0,0.08,2.39
2022/04/19 12:00:00,白洋湾金墅水源地2,120.3818,31.3767,7.9,7.15,415.0,15.0,0.08,2.39
2022/04/19 18:00:00,白洋湾金墅水源地2,120.3818,31.3767,7.9,7.15,416.0,15.0,0.08,2.39
2022/04/20 00:00:00,白洋湾金墅水源地2,120.3818,31.3767,7.9,7.15,416.0,14.0,0.08,2.39
2022/04/20 06:00:00,白洋湾金墅水源地2,120.3818,31.3767,7.9,7.15,417.0,14.0,0.08,2.39
2022/04/20 12:00:00,白洋湾金墅水源地2,120.3818,31.3767,7.9,7.16,417.0,14.0,0.08,2.39
2022/04/20 18:00:00,白洋湾金墅水源地2,120.3818,31.3767,7.9,7.16,417.0,14.0,0.08,2.39
2022/04/21 00:00:00,白洋湾金墅水源地2,120.3818,31.3767,7.9,7.16,418.0,14.0,0.08,2.4
2022/04/21 06:00:00,白洋湾金墅水源地2,120.3818,31.3767,7.9,7.16,418.0,14.0,0.08,2.4
2022/04/21 12:00:00,白洋湾金墅水源地2,120.3818,31.3767,7.9,7.16,419.0,14.0,0.08,2.4
2022/04/21 18:00:00,白洋湾金墅水源地2,120.3818,31.3767,7.9,7.17,419.0,14.0,0.08,2.4
2022/04/22 00:00:00,白洋湾金墅水源地2,120.3818,31.3767,7.9,7.17,419.0,14.0,0.08,2.4
2022/04/22 06:00:00,白洋湾金墅水源地2,120.3818,31.3767,7.9,7.18,420.0,14.0,0.08,2.4
2022/04/22 12:00:00,白洋湾金墅水源地2,120.3818,31.3767,7.9,7.18,420.0,14.0,0.08,2.41
2022/04/22 18:00:00,白洋湾金墅水源地2,120.3818,31.3767,7.9,7.19,421.0,14.0,0.08,2.41
2022/04/23 00:00:00,白洋湾金墅水源地2,120.3818,31.3767,7.9,7.19,421.0,14.0,0.08,2.41
2022/04/23 06:00:00,白洋湾金墅水源地2,120.3818,31.3767,7.9,7.2,421.0,15.0,0.08,2.41
2022/04/23 12:00:00,白洋湾金墅水源地2,120.3818,31.3767,7.9,7.21,422.0,15.0,0.08,2.42
2022/04/23 18:00:00,白洋湾金墅水源地2,120.3818,31.3767,7.9,7.21,422.0,15.0,0.08,2.42
2022/04/24 00:00:00,白洋湾金墅水源地2,120.3818,31.3767,7.9,7.22,423.0,15.0,0.08,2.42
2022/04/24 06:00:00,白洋湾金墅水源地2,120.3818,31.3767,7.9,7.23,423.0,15.0,0.08,2.43
2022/04/24 12:00:00,白洋湾金墅水源地2,120.3818,31.3767,7.9,7.23,423.0,15.0,0.08,2.43
2022/04/24 18:00:00,白洋湾金墅水源地2,120.3818,31.3767,7.9,7.24,424.0,15.0,0.08,2.43
2022/04/25 00:00:00,白洋湾金墅水源地2,120.3818,31.3767,7.9,7.25,424.0,15.0,0.08,2.44
2022/04/25 06:00:00,白洋湾金墅水源地2,120.3818,31.3767,7.9,7.25,424.0,15.0,0.08,2.44
2022/04/25 12:00:00,白洋湾金墅水源地2,120.3818,31.3767,7.9,7.26,425.0,15.0,0.08,2.45
2022/04/25 18:00:00,白洋湾金墅水源地2,120.3818,31.3767,7.9,7.27,425.0,15.0,0.08,2.45
2022/04/26 00:00:00,白洋湾金墅水源地2,120.3818,31.3767,7.9,7.28,426.0,15.0,0.08,2.46
2022/04/26 06:00:00,白洋湾金墅水源地2,120.3818,31.3767,7.9,7.28,426.0,15.0,0.08,2.46
2022/04/26 12:00:00,白洋湾金墅水源地2,120.3818,31.3767,7.9,7.29,426.0,16.0,0.08,2.46
2022/04/26 18:00:00,白洋湾金墅水源地2,120.3818,31.3767,7.9,7.3,427.0,16.0,0.08,2.47
2022/04/27 00:00:00,白洋湾金墅水源地2,120.3818,31.3767,7.9,7.31,427.0,16.0,0.08,2.47
2022/04/27 06:00:00,白洋湾金墅水源地2,120.3818,31.3767,7.9,7.31,427.0,16.0,0.08,2.48
2022/04/27 12:00:00,白洋湾金墅水源地2,120.3818,31.3767,7.9,7.32,427.0,16.0,0.08,2.48
2022/04/27 18:00:00,白洋湾金墅水源地2,120.3818,31.3767,7.9,7.33,428.0,16.0,0.08,2.49
2022/04/28 00:00:00,白洋湾金墅水源地2,120.3818,31.3767,7.9,7.33,428.0,16.0,0.08,2.5
2022/04/28 06:00:00,白洋湾金墅水源地2,120.3818,31.3767,7.9,7.34,428.0,16.0,0.08,2.5
2022/04/28 12:00:00,白洋湾金墅水源地2,120.3818,31.3767,7.9,7.35,429.0,16.0,0.08,2.51
2022/04/28 18:00:00,白洋湾金墅水源地2,120.3818,31.3767,7.9,7.35,429.0,16.0,0.08,2.51
2022/04/29 00:00:00,白洋湾金墅水源地2,120.3818,31.3767,7.9,7.36,429.0,17.0,0.08,2.52
2022/04/29 06:00:00,白洋湾金墅水源地2,120.3818,31.3767,7.9,7.36,429.0,17.0,0.08,2.52
2022/04/29 12:00:00,白洋湾金墅水源地2,120.3818,31.3767,7.9,7.37,430.0,17.0,0.08,2.53
2022/04/29 18:00:00,白洋湾金墅水源地2,120.3818,31.3767,7.9,7.37,430.0,17.0,0.08,2.54
2022/04/30 00:00:00,白洋湾金墅水源地2,120.3818,31.3767,7.9,7.38,430.0,17.0,0.08,2.54
2022/04/30 06:00:00,白洋湾金墅水源地2,120.3818,31.3767,7.9,7.38,430.0,17.0,0.08,2.55
2022/04/30 12:00:00,白洋湾金墅水源地2,120.3818,31.3767,7.9,7.39,431.0,17.0,0.08,2.56
2022/04/30 18:00:00,白洋湾金墅水源地2,120.3818,31.3767,7.9,7.39,431.0,17.0,0.08,2.56
2022/05/01 00:00:00,白洋湾金墅水源地2,120.3818,31.3767,7.9,7.39,431.0,17.0,0.08,2.57
2022/05/01 06:00:00,白洋湾金墅水源地2,120.3818,31.3767,7.9,7.39,431.0,17.0,0.08,2.58
2022/05/01 12:00:00,白洋湾金墅水源地2,120.3818,31.3767,7.9,7.39,431.0,18.0,0.08,2.58
2022/05/01 18:00:00,白洋湾金墅水源地2,120.3818,31.3767,7.9,7.39,431.0,18.0,0.08,2.59
2022/05/02 00:00:00,白洋湾金墅水源地2,120.3818,31.3767,7.9,7.4,432.0,18.0,0.08,2.6
2022/05/02 06:00:00,白洋湾金墅水源地2,120.3818,31.3767,7.9,7.39,432.0,18.0,0.08,2.6
2022/05/02 12:00:00,白洋湾金墅水源地2,120.3818,31.3767,7.9,7.39,432.0,18.0,0.08,2.61
2022/05/02 18:00:00,白洋湾金墅水源地2,120.3818,31.3767,7.9,7.39,432.0,18.0,0.08,2.62
2022/05/03 00:00:00,白洋湾金墅水源地2,120.3818,31.3767,7.9,7.39,432.0,18.0,0.08,2.63
2022/05/03 06:00:00,白洋湾金墅水源地2,120.3818,31.3767,7.9,7.39,432.0,18.0,0.08,2.63
2022/05/03 12:00:00,白洋湾金墅水源地2,120.3818,31.3767,7.9,7.38,432.0,18.0,0.08,2.64
2022/05/03 18:00:00,白洋湾金墅水源地2,120.3818,31.3767,7.9,7.38,432.0,18.0,0.08,2.65
2022/05/04 00:00:00,白洋湾金墅水源地2,120.3818,31.3767,7.9,7.38,432.0,18.0,0.08,2.65
2022/05/04 06:00:00,白洋湾金墅水源地2,120.3818,31.3767,7.9,7.37,432.0,18.0,0.08,2.66
2022/05/04 12:00:00,白洋湾金墅水源地2,120.3818,31.3767,7.9,7.37,432.0,18.0,0.08,2.67
2022/05/04 18:00:00,白洋湾金墅水源地2,120.3818,31.3767,7.9,7.36,432.0,18.0,0.08,2.67
2022/05/05 00:00:00,白洋湾金墅水源地2,120.3818,31.3767,7.9,7.36,432.0,18.0,0.08,2.68
2022/05/05 06:00:00,白洋湾金墅水源地2,120.3818,31.3767,7.9,7.35,432.0,18.0,0.08,2.68
2022/05/05 12:00:00,白洋湾金墅水源地2,120.3818,31.3767,7.9,7.35,432.0,18.0,0.08,2.69
2022/05/05 18:00:00,白洋湾金墅水源地2,120.3818,31.3767,7.9,7.35,432.0,18.0,0.08,2.69
2022/05/06 00:00:00,白洋湾金墅水源地2,120.3818,31.3767,7.9,7.34,432.0,18.0,0.08,2.69
2022/05/06 06:00:00,白洋湾金墅水源地2,120.3818,31.3767,7.9,7.33,432.0,18.0,0.08,2.7
2022/05/06 12:00:00,白洋湾金墅水源地2,120.3818,31.3767,7.9,7.33,432.0,19.0,0.08,2.7
2022/05/06 18:00:00,白洋湾金墅水源地2,120.3818,31.3767,7.9,7.33,432.0,19.0,0.08,2.7
2022/05/07 00:00:00,白洋湾金墅水源地2,120.3818,31.3767,7.8,7.32,432.0,19.0,0.08,2.7
2022/05/07 06:00:00,白洋湾金墅水源地2,120.3818,31.3767,7.8,7.32,432.0,19.0,0.08,2.7
2022/05/07 12:00:00,白洋湾金墅水源地2,120.3818,31.3767,7.8,7.31,432.0,19.0,0.07,2.7
2022/05/07 18:00:00,白洋湾金墅水源地2,120.3818,31.3767,7.8,7.31,432.0,19.0,0.07,2.7
2022/05/08 00:00:00,白洋湾金墅水源地2,120.3818,31.3767,7.8,7.3,432.0,19.0,0.07,2.7
2022/05/08 06:00:00,白洋湾金墅水源地2,120.3818,31.3767,7.8,7.3,432.0,19.0,0.07,2.69
2022/05/08 12:00:00,白洋湾金墅水源地2,120.3818,31.3767,7.8,7.3,432.0,19.0,0.07,2.69
2022/05/08 18:00:00,白洋湾金墅水源地2,120.3818,31.3767,7.8,7.29,432.0,19.0,0.07,2.68
2022/05/09 00:00:00,白洋湾金墅水源地2,120.3818,31.3767,7.8,7.29,432.0,19.0,0.07,2.68
2022/05/09 06:00:00,白洋湾金墅水源地2,120.3818,31.3767,7.8,7.29,432.0,19.0,0.07,2.67
2022/05/09 12:00:00,白洋湾金墅水源地2,120.3818,31.3767,7.8,7.29,432.0,19.0,0.07,2.66
2022/05/09 18:00:00,白洋湾金墅水源地2,120.3818,31.3767,7.8,7.29,432.0,19.0,0.07,2.65
2022/05/10 00:00:00,白洋湾金墅水源地2,120.3818,31.3767,7.8,7.29,432.0,19.0,0.07,2.64
2022/05/10 06:00:00,白洋湾金墅水源地2,120.3818,31.3767,7.8,7.29,432.0,19.0,0.07,2.63
2022/05/10 12:00:00,白洋湾金墅水源地2,120.3818,31.3767,7.8,7.29,432.0,19.0,0.07,2.62
2022/05/10 18:00:00,白洋湾金墅水源地2,120.3818,31.3767,7.8,7.29,432.0,20.0,0.07,2.6
2022/05/11 00:00:00,白洋湾金墅水源地2,120.3818,31.3767,7.8,7.3,432.0,20.0,0.07,2.59
2022/05/11 06:00:00,白洋湾金墅水源地2,120.3818,31.3767,7.8,7.3,432.0,20.0,0.07,2.57
2022/05/11 12:00:00,白洋湾金墅水源地2,120.3818,31.3767,7.8,7.3,432.0,20.0,0.07,2.55
2022/05/11 18:00:00,白洋湾金墅水源地2,120.3818,31.3767,7.8,7.31,432.0,20.0,0.07,2.53
2022/05/12 00:00:00,白洋湾金墅水源地2,120.3818,31.3767,7.8,7.32,432.0,20.0,0.07,2.51
2022/05/12 06:00:00,白洋湾金墅水源地2,120.3818,31.3767,7.8,7.32,432.0,20.0,0.07,2.48
2022/05/12 12:00:00,白洋湾金墅水源地2,120.3818,31.3767,7.8,7.33,432.0,20.0,0.07,2.46
2022/05/12 18:00:00,白洋湾金墅水源地2,120.3818,31.3767,7.8,7.34,432.0,21.0,0.07,2.43
2022/05/13 00:00:00,白洋湾金墅水源地2,120.3818,31.3767,7.8,7.35,432.0,21.0,0.07,2.4
2022/05/13 06:00:00,白洋湾金墅水源地2,120.3818,31.3767,7.8,7.36,433.0,21.0,0.07,2.37
2022/05/13 12:00:00,白洋湾金墅水源地2,120.3818,31.3767,7.8,7.37,433.0,21.0,0.07,2.34
2022/05/13 18:00:00,白洋湾金墅水源地2,120.3818,31.3767,7.8,7.39,433.0,21.0,0.07,2.31
2022/05/14 00:00:00,白洋湾金墅水源地2,120.3818,31.3767,7.8,7.4,433.0,21.0,0.07,2.28
2022/05/14 06:00:00,白洋湾金墅水源地2,120.3818,31.3767,7.8,7.41,433.0,22.0,0.07,2.25
2022/05/14 12:00:00,白洋湾金墅水源地2,120.3818,31.3767,7.8,7.42,433.0,22.0,0.07,2.22
2022/05/14 18:00:00,白洋湾金墅水源地2,120.3818,31.3767,7.8,7.44,433.0,22.0,0.07,2.18
2022/05/15 00:00:00,白洋湾金墅水源地2,120.3818,31.3767,7.8,7.45,433.0,22.0,0.07,2.15
2022/05/15 06:00:00,白洋湾金墅水源地2,120.3818,31.3767,7.8,7.46,433.0,22.0,0.07,2.12
2022/05/15 12:00:00,白洋湾金墅水源地2,120.3818,31.3767,7.8,7.47,433.0,22.0,0.07,2.09
2022/05/15 18:00:00,白洋湾金墅水源地2,120.3818,31.3767,7.8,7.48,433.0,23.0,0.07,2.07
2022/05/16 00:00:00,白洋湾金墅水源地2,120.3818,31.3767,7.8,7.5,434.0,23.0,0.07,2.04
2022/05/16 06:00:00,白洋湾金墅水源地2,120.3818,31.3767,7.8,7.51,434.0,23.0,0.07,2.02
2022/05/16 12:00:00,白洋湾金墅水源地2,120.3818,31.3767,7.8,7.51,434.0,23.0,0.07,2.0
2022/05/16 18:00:00,白洋湾金墅水源地2,120.3818,31.3767,7.8,7.52,434.0,23.0,0.07,1.98
2022/05/17 00:00:00,白洋湾金墅水源地2,120.3818,31.3767,7.8,7.53,434.0,23.0,0.07,1.96
2022/05/17 06:00:00,白洋湾金墅水源地2,120.3818,31.3767,7.8,7.53,434.0,23.0,0.07,1.95
2022/05/17 12:00:00,白洋湾金墅水源地2,120.3818,31.3767,7.8,7.54,434.0,23.0,0.07,1.93
2022/05/17 18:00:00,白洋湾金墅水源地2,120.3818,31.3767,7.8,7.54,434.0,23.0,0.07,1.93
2022/05/18 00:00:00,白洋湾金墅水源地2,120.3818,31.3767,7.8,7.54,435.0,23.0,0.07,1.92
2022/05/18 06:00:00,白洋湾金墅水源地2,120.3818,31.3767,7.8,7.53,435.0,23.0,0.07,1.92
2022/05/18 12:00:00,白洋湾金墅水源地2,120.3818,31.3767,7.8,7.53,435.0,23.0,0.07,1.93
2022/05/18 18:00:00,白洋湾金墅水源地2,120.3818,31.3767,7.8,7.52,435.0,23.0,0.07,1.94
2022/05/19 00:00:00,白洋湾金墅水源地2,120.3818,31.3767,7.8,7.51,435.0,23.0,0.07,1.95
2022/05/19 06:00:00,白洋湾金墅水源地2,120.3818,31.3767,7.8,7.5,435.0,23.0,0.08,1.97
2022/05/19 12:00:00,白洋湾金墅水源地2,120.3818,31.3767,7.8,7.49,435.0,22.0,0.08,1.99
2022/05/19 18:00:00,白洋湾金墅水源地2,120.3818,31.3767,7.8,7.47,435.0,22.0,0.08,2.02
2022/05/20 00:00:00,白洋湾金墅水源地2,120.3818,31.3767,7.8,7.45,435.0,22.0,0.08,2.05
2022/05/20 06:00:00,白洋湾金墅水源地2,120.3818,31.3767,7.8,7.43,435.0,22.0,0.08,2.09
2022/05/20 12:00:00,白洋湾金墅水源地2,120.3818,31.3767,7.8,7.4,436.0,21.0,0.08,2.14
2022/05/20 18:00:00,白洋湾金墅水源地2,120.3818,31.3767,7.8,7.37,436.0,21.0,0.08,2.19
2022/05/21 00:00:00,白洋湾金墅水源地2,120.3818,31.3767,7.9,7.34,436.0,21.0,0.08,2.25
2022/05/21 06:00:00,白洋湾金墅水源地2,120.3818,31.3767,7.9,7.3,436.0,20.0,0.08,2.32
2022/05/21 12:00:00,白洋湾金墅水源地2,120.3818,31.3767,7.9,7.26,436.0,20.0,0.08,2.39
2022/05/21 18:00:00,白洋湾金墅水源地2,120.3818,31.3767,7.9,7.22,436.0,19.0,0.08,2.47
2022/05/22 00:00:00,白洋湾金墅水源地2,120.3818,31.3767,7.9,7.17,436.0,19.0,0.08,2.56
2022/05/22 06:00:00,白洋湾金墅水源地2,120.3818,31.3767,7.9,7.11,436.0,18.0,0.09,2.66
2022/05/22 12:00:00,白洋湾金墅水源地2,120.3818,31.3767,7.9,7.06,436.0,17.0,0.09,2.76
2022/05/22 18:00:00,白洋湾金墅水源地2,120.3818,31.3767,7.9,7.0,436.0,17.0,0.09,2.88
2022/05/23 00:00:00,白洋湾金墅水源地2,120.3818,31.3767,7.9,6.93,436.0,16.0,0.09,3.0
2021/06/21 00:00:00,白洋湾金墅水源地3,120.3838,31.3787,8.2,6.95,445.0,13.0,0.09,2.79
2021/06/21 06:00:00,白洋湾金墅水源地3,120.3838,31.3787,8.2,6.88,447.0,13.0,0.09,2.73
2021/06/21 12:00:00,白洋湾金墅水源地3,120.3838,31.3787,8.2,6.82,449.0,13.0,0.09,2.68
2021/06/21 18:00:00,白洋湾金墅水源地3,120.3838,31.3787,8.2,6.76,451.0,12.0,0.09,2.63
2021/06/22 00:00:00,白洋湾金墅水源地3,120.3838,31.3787,8.2,6.71,453.0,12.0,0.09,2.58
2021/06/22 06:00:00,白洋湾金墅水源地3,120.3838,31.3787,8.2,6.65,455.0,12.0,0.09,2.54
2021/06/22 12:00:00,白洋湾金墅水源地3,120.3838,31.3787,8.2,6.61,456.0,12.0,0.09,2.5
2021/06/22 18:00:00,白洋湾金墅水源地3,120.3838,31.3787,8.2,6.56,457.0,12.0,0.09,2.47
2021/06/23 00:00:00,白洋湾金墅水源地3,120.3838,31.3787,8.2,6.52,459.0,12.0,0.09,2.44
2021/06/23 06:00:00,白洋湾金墅水源地3,120.3838,31.3787,8.1,6.48,460.0,12.0,0.09,2.41
2021/06/23 12:00:00,白洋湾金墅水源地3,120.3838,31.3787,8.1,6.44,461.0,12.0,0.09,2.39
2021/06/23 18:00:00,白洋湾金墅水源地3,120.3838,31.3787,8.1,6.4,462.0,12.0,0.09,2.37
2021/06/24 00:00:00,白洋湾金墅水源地3,120.3838,31.3787,8.1,6.37,463.0,12.0,0.09,2.35
2021/06/24 06:00:00,白洋湾金墅水源地3,120.3838,31.3787,8.1,6.34,464.0,12.0,0.09,2.34
2021/06/24 12:00:00,白洋湾金墅水源地3,120.3838,31.3787,8.1,6.31,465.0,13.0,0.09,2.33
2021/06/24 18:00:00,白洋湾金墅水源地3,120.3838,31.3787,8.1,6.29,465.0,13.0,0.09,2.32
2021/06/25 00:00:00,白洋湾金墅水源地3,120.3838,31.3787,8.1,6.27,466.0,13.0,0.09,2.32
2021/06/25 06:00:00,白洋湾金墅水源地3,120.3838,31.3787,8.1,6.25,467.0,13.0,0.09,2.31
2021/06/25 12:00:00,白洋湾金墅水源地3,120.3838,31.3787,8.1,6.23,467.0,13.0,0.09,2.31
2021/06/25 18:00:00,白洋湾金墅水源地3,120.3838,31.3787,8.1,6.21,467.0,13.0,0.08,2.31
2021/06/26 00:00:00,白洋湾金墅水源地3,120.3838,31.3787,8.1,6.2,468.0,14.0,0.08,2.32
2021/06/26 06:00:00,白洋湾金墅水源地3,120.3838,31.3787,8.1,6.18,468.0,14.0,0.08,2.33
2021/06/26 12:00:00,白洋湾金墅水源地3,120.3838,31.3787,8.1,6.17,468.0,14.0,0.08,2.33
2021/06/26 18:00:00,白洋湾金墅水源地3,120.3838,31.3787,8.1,6.16,468.0,14.0,0.08,2.34
2021/06/27 00:00:00,白洋湾金墅水源地3,120.3838,31.3787,8.1,6.15,468.0,15.0,0.08,2.36
2021/06/27 06:00:00,白洋湾金墅水源地3,120.3838,31.3787,8.1,6.15,468.0,15.0,0.08,2.37
2021/06/27 12:00:00,白洋湾金墅水源地3,120.3838,31.3787,8.1,6.14,468.0,15.0,0.08,2.38
2021/06/27 18:00:00,白洋湾金墅水源地3,120.3838,31.3787,8.1,6.14,468.0,15.0,0.08,2.4
2021/06/28 00:00:00,白洋湾金墅水源地3,120.3838,31.3787,8.1,6.13,468.0,16.0,0.08,2.42
2021/06/28 06:00:00,白洋湾金墅水源地3,120.3838,31.3787,8.1,6.13,468.0,16.0,0.08,2.44
2021/06/28 12:00:00,白洋湾金墅水源地3,120.3838,31.3787,8.1,6.13,468.0,16.0,0.08,2.46
2021/06/28 18:00:00,白洋湾金墅水源地3,120.3838,31.3787,8.1,6.13,468.0,17.0,0.08,2.48
2021/06/29 00:00:00,白洋湾金墅水源地3,120.3838,31.3787,8.1,6.13,468.0,17.0,0.08,2.5
2021/06/29 06:00:00,白洋湾金墅水源地3,120.3838,31.3787,8.1,6.13,468.0,17.0,0.08,2.52
2021/06/29 12:00:00,白洋湾金墅水源地3,120.3838,31.3787,8.1,6.13,467.0,18.0,0.08,2.54
2021/06/29 18:00:00,白洋湾金墅水源地3,120.3838,31.3787,8.1,6.13,467.0,18.0,0.08,2.56
2021/06/30 00:00:00,白洋湾金墅水源地3,120.3838,31.3787,8.1,6.13,467.0,18.0,0.08,2.59
2021/06/30 06:00:00,白洋湾金墅水源地3,120.3838,31.3787,8.1,6.13,467.0,19.0,0.07,2.61
2021/06/30 12:00:00,白洋湾金墅水源地3,120.3838,31.3787,8.1,6.13,466.0,19.0,0.07,2.63
2021/06/30 18:00:00,白洋湾金墅水源地3,120.3838,31.3787,8.1,6.13,466.0,19.0,0.07,2.65
2021/07/01 00:00:00,白洋湾金墅水源地3,120.3838,31.3787,8.1,6.14,466.0,20.0,0.07,2.68
2021/07/01 06:00:00,白洋湾金墅水源地3,120.3838,31.3787,8.1,6.14,465.0,20.0,0.07,2.7
2021/07/01 12:00:00,白洋湾金墅水源地3,120.3838,31.3787,8.2,6.14,465.0,20.0,0.07,2.72
2021/07/01 18:00:00,白洋湾金墅水源地3,120.3838,31.3787,8.2,6.14,465.0,20.0,0.07,2.74
2021/07/02 00:00:00,白洋湾金墅水源地3,120.3838,31.3787,8.2,6.14,465.0,21.0,0.07,2.76
2021/07/02 06:00:00,白洋湾金墅水源地3,120.3838,31.3787,8.2,6.14,465.0,21.0,0.07,2.78
2021/07/02 12:00:00,白洋湾金墅水源地3,120.3838,31.3787,8.2,6.14,464.0,21.0,0.07,2.8
2021/07/02 18:00:00,白洋湾金墅水源地3,120.3838,31.3787,8.2,6.14,464.0,22.0,0.07,2.82
2021/07/03 00:00:00,白洋湾金墅水源地3,120.3838,31.3787,8.2,6.14,464.0,22.0,0.07,2.83
2021/07/03 06:00:00,白洋湾金墅水源地3,120.3838,31.3787,8.2,6.14,464.0,22.0,0.07,2.85
2021/07/03 12:00:00,白洋湾金墅水源地3,120.3838,31.3787,8.2,6.14,464.0,22.0,0.07,2.87
2021/07/03 18:00:00,白洋湾金墅水源地3,120.3838,31.3787,8.2,6.14,464.0,23.0,0.07,2.88
2021/07/04 00:00:00,白洋湾金墅水源地3,120.3838,31.3787,8.2,6.13,464.0,23.0,0.07,2.9
2021/07/04 06:00:00,白洋湾金墅水源地3,120.3838,31.3787,8.2,6.13,463.0,23.0,0.07,2.91
2021/07/04 12:00:00,白洋湾金墅水源地3,120.3838,31.3787,8.2,6.13,463.0,23.0,0.07,2.93
2021/07/04 18:00:00,白洋湾金墅水源地3,120.3838,31.3787,8.2,6.13,463.0,24.0,0.06,2.94
2021/07/05 00:00:00,白洋湾金墅水源地3,120.3838,31.3787,8.2,6.13,463.0,24.0,0.06,2.96
2021/07/05 06:00:00,白洋湾金墅水源地3,120.3838,31.3787,8.2,6.12,463.0,24.0,0.06,2.97
2021/07/05 12:00:00,白洋湾金墅水源地3,120.3838,31.3787,8.2,6.12,463.0,24.0,0.06,2.98
2021/07/05 18:00:00,白洋湾金墅水源地3,120.3838,31.3787,8.2,6.12,463.0,24.0,0.06,2.99
2021/07/06 00:00:00,白洋湾金墅水源地3,120.3838,31.3787,8.2,6.12,463.0,25.0,0.06,3.01
2021/07/06 06:00:00,白洋湾金墅水源地3,120.3838,31.3787,8.2,6.11,463.0,25.0,0.06,3.02
2021/07/06 12:00:00,白洋湾金墅水源地3,120.3838,31.3787,8.3,6.11,463.0,25.0,0.06,3.03
2021/07/06 18:00:00,白洋湾金墅水源地3,120.3838,31.3787,8.3,6.11,463.0,25.0,0.06,3.04
2021/07/07 00:00:00,白洋湾金墅水源地3,120.3838,31.3787,8.3,6.11,463.0,25.0,0.06,3.05
2021/07/07 06:00:00,白洋湾金墅水源地3,120.3838,31.3787,8.3,6.11,463.0,25.0,0.06,3.06
2021/07/07 12:00:00,白洋湾金墅水源地3,120.3838,31.3787,8.3,6.1,463.0,26.0,0.06,3.07
2021/07/07 18:00:00,白洋湾金墅水源地3,120.3838,31.3787,8.3,6.1,463.0,26.0,0.06,3.08
2021/07/08 00:00:00,白洋湾金墅水源地3,120.3838,31.3787,8.3,6.1,462.0,26.0,0.06,3.09
2021/07/08 06:00:00,白洋湾金墅水源地3,120.3838,31.3787,8.3,6.1,462.0,26.0,0.06,3.1
2021/07/08 12:00:00,白洋湾金墅水源地3,120.3838,31.3787,8.3,6.1,462.0,26.0,0.06,3.11
2021/07/08 18:00:00,白洋湾金墅水源地3,120.3838,31.3787,8.3,6.1,462.0,26.0,0.06,3.12
2021/07/09 00:00:00,白洋湾金墅水源地3,120.3838,31.3787,8.3,6.09,462.0,27.0,0.06,3.12
2021/07/09 06:00:00,白洋湾金墅水源地3,120.3838,31.3787,8.3,6.09,462.0,27.0,0.06,3.13
2021/07/09 12:00:00,白洋湾金墅水源地3,120.3838,31.3787,8.3,6.09,462.0,27.0,0.06,3.14
2021/07/09 18:00:00,白洋湾金墅水源地3,120.3838,31.3787,8.3,6.09,462.0,27.0,0.06,3.15
2021/07/10 00:00:00,白洋湾金墅水源地3,120.3838,31.3787,8.4,6.09,462.0,27.0,0.06,3.15
2021/07/10 06:00:00,白洋湾金墅水源地3,120.3838,31.3787,8.4,6.09,462.0,27.0,0.06,3.16
2021/07/10 12:00:00,白洋湾金墅水源地3,120.3838,31.3787,8.4,6.1,462.0,27.0,0.06,3.17
2021/07/10 18:00:00,白洋湾金墅水源地3,120.3838,31.3787,8.4,6.1,462.0,27.0,0.06,3.18
2021/07/11 00:00:00,白洋湾金墅水源地3,120.3838,31.3787,8.4,6.1,462.0,28.0,0.06,3.18
2021/07/11 06:00:00,白洋湾金墅水源地3,120.3838,31.3787,8.4,6.1,462.0,28.0,0.06,3.19
2021/07/11 12:00:00,白洋湾金墅水源地3,120.3838,31.3787,8.4,6.1,462.0,28.0,0.06,3.2
2021/07/11 18:00:00,白洋湾金墅水源地3,120.3838,31.3787,8.4,6.11,461.0,28.0,0.06,3.2
2021/07/12 00:00:00,白洋湾金墅水源地3,120.3838,31.3787,8.4,6.11,461.0,28.0,0.06,3.21
2021/07/12 06:00:00,白洋湾金墅水源地3,120.3838,31.3787,8.4,6.11,461.0,28.0,0.06,3.22
2021/07/12 12:00:00,白洋湾金墅水源地3,120.3838,31.3787,8.4,6.12,461.0,28.0,0.06,3.22
2021/07/12 18:00:00,白洋湾金墅水源地3,120.3838,31.3787,8.4,6.12,461.0,28.0,0.06,3.23
2021/07/13 00:00:00,白洋湾金墅水源地3,120.3838,31.3787,8.5,6.13,461.0,28.0,0.06,3.24
2021/07/13 06:00:00,白洋湾金墅水源地3,120.3838,31.3787,8.5,6.14,461.0,28.0,0.06,3.24
2021/07/13 12:00:00,白洋湾金墅水源地3,120.3838,31.3787,8.5,6.14,460.0,29.0,0.06,3.25
2021/07/13 18:00:00,白洋湾金墅水源地3,120.3838,31.3787,8.5,6.15,460.0,29.0,0.06,3.26
2021/07/14 00:00:00,白洋湾金墅水源地3,120.3838,31.3787,8.5,6.16,460.0,29.0,0.06,3.26
2021/07/14 06:00:00,白洋湾金墅水源地3,120.3838,31.3787,8.5,6.16,460.0,29.0,0.06,3.27
2021/07/14 12:00:00,白洋湾金墅水源地3,120.3838,31.3787,8.5,6.17,460.0,29.0,0.06,3.27
2021/07/14 18:00:00,白洋湾金墅水源地3,120.3838,31.3787,8.5,6.18,460.0,29.0,0.06,3.28
2021/07/15 00:00:00,白洋湾金墅水源地3,120.3838,31.3787,8.5,6.19,459.0,29.0,0.06,3.29
2021/07/15 06:00:00,白洋湾金墅水源地3,120.3838,31.3787,8.5,6.2,459.0,29.0,0.06,3.29
2021/07/15 12:00:00,白洋湾金墅水源地3,120.3838,31.3787,8.5,6.21,459.0,29.0,0.06,3.3
2021/07/15 18:00:00,白洋湾金墅水源地3,120.3838,31.3787,8.5,6.21,459.0,29.0,0.06,3.3
2021/07/16 00:00:00,白洋湾金墅水源地3,120.3838,31.3787,8.5,6.22,458.0,29.0,0.06,3.31
2021/07/16 06:00:00,白洋湾金墅水源地3,120.3838,31.3787,8.6,6.23,458.0,29.0,0.06,3.31
2021/07/16 12:00:00,白洋湾金墅水源地3,120.3838,31.3787,8.6,6.24,458.0,29.0,0.06,3.32
2021/07/16 18:00:00,白洋湾金墅水源地3,120.3838,31.3787,8.6,6.26,458.0,29.0,0.06,3.32
2021/07/17 00:00:00,白洋湾金墅水源地3,120.3838,31.3787,8.6,6.27,457.0,29.0,0.06,3.33
2021/07/17 06:00:00,白洋湾金墅水源地3,120.3838,31.3787,8.6,6.28,457.0,29.0,0.06,3.33
2021/07/17 12:00:00,白洋湾金墅水源地3,120.3838,31.3787,8.6,6.29,457.0,29.0,0.06,3.34
2021/07/17 18:00:00,白洋湾金墅水源地3,120.3838,31.3787,8.6,6.3,457.0,29.0,0.06,3.34
2021/07/18 00:00:00,白洋湾金墅水源地3,120.3838,31.3787,8.6,6.31,456.0,29.0,0.06,3.35
2021/07/18 06:00:00,白洋湾金墅水源地3,120.3838,31.3787,8.6,6.32,456.0,29.0,0.06,3.35
2021/07/18 12:00:00,白洋湾金墅水源地3,120.3838,31.3787,8.6,6.33,456.0,29.0,0.06,3.36
2021/07/18 18:00:00,白洋湾金墅水源地3,120.3838,31.3787,8.6,6.34,456.0,29.0,0.06,3.36
2021/07/19 00:00:00,白洋湾金墅水源地3,120.3838,31.3787,8.6,6.35,455.0,29.0,0.06,3.36
2021/07/19 06:00:00,白洋湾金墅水源地3,120.3838,31.3787,8.6,6.37,455.0,29.0,0.06,3.37
2021/07/19 12:00:00,白洋湾金墅水源地3,120.3838,31.3787,8.6,6.38,455.0,30.0,0.06,3.37
2021/07/19 18:00:00,白洋湾金墅水源地3,120.3838,31.3787,8.6,6.39,454.0,30.0,0.06,3.37
2021/07/20 00:00:00,白洋湾金墅水源地3,120.3838,31.3787,8.6,6.4,454.0,30.0,0.06,3.38
2021/07/20 06:00:00,白洋湾金墅水源地3,120.3838,31.3787,8.6,6.41,454.0,30.0,0.06,3.38
2021/07/20 12:00:00,白洋湾金墅水源地3,120.3838,31.3787,8.7,6.42,453.0,30.0,0.06,3.38
2021/07/20 18:00:00,白洋湾金墅水源地3,120.3838,31.3787,8.7,6.43,453.0,30.0,0.06,3.38
2021/07/21 00:00:00,白洋湾金墅水源地3,120.3838,31.3787,8.7,6.45,453.0,30.0,0.06,3.39
2021/07/21 06:00:00,白洋湾金墅水源地3,120.3838,31.3787,8.7,6.46,453.0,30.0,0.06,3.39
2021/07/21 12:00:00,白洋湾金墅水源地3,120.3838,31.3787,8.7,6.47,452.0,30.0,0.06,3.39
2021/07/21 18:00:00,白洋湾金墅水源地3,120.3838,31.3787,8.7,6.48,452.0,30.0,0.06,3.39
2021/07/22 00:00:00,白洋湾金墅水源地3,120.3838,31.3787,8.7,6.49,452.0,30.0,0.06,3.39
2021/07/22 06:00:00,白洋湾金墅水源地3,120.3838,31.3787,8.7,6.5,451.0,30.0,0.06,3.39
2021/07/22 12:00:00,白洋湾金墅水源地3,120.3838,31.3787,8.7,6.51,451.0,30.0,0.06,3.4
2021/07/22 18:00:00,白洋湾金墅水源地3,120.3838,31.3787,8.7,6.52,451.0,29.0,0.07,3.4
2021/07/23 00:00:00,白洋湾金墅水源地3,120.3838,31.3787,8.7,6.53,450.0,29.0,0.07,3.4
2021/07/23 06:00:00,白洋湾金墅水源地3,120.3838,31.3787,8.7,6.54,450.0,29.0,0.07,3.4
2021/07/23 12:00:00,白洋湾金墅水源地3,120.3838,31.3787,8.7,6.55,450.0,29.0,0.07,3.4
2021/07/23 18:00:00,白洋湾金墅水源地3,120.3838,31.3787,8.7,6.56,449.0,29.0,0.07,3.39
2021/07/24 00:00:00,白洋湾金墅水源地3,120.3838,31.3787,8.7,6.57,449.0,29.0,0.07,3.39
2021/07/24 06:00:00,白洋湾金墅水源地3,120.3838,31.3787,8.7,6.58,449.0,29.0,0.07,3.39
2021/07/24 12:00:00,白洋湾金墅水源地3,120.3838,31.3787,8.7,6.58,449.0,29.0,0.07,3.39
2021/07/24 18:00:00,白洋湾金墅水源地3,120.3838,31.3787,8.7,6.59,448.0,29.0,0.07,3.39
2021/07/25 00:00:00,白洋湾金墅水源地3,120.3838,31.3787,8.6,6.6,448.0,29.0,0.07,3.39
2021/07/25 06:00:00,白洋湾金墅水源地3,120.3838,31.3787,8.6,6.61,448.0,29.0,0.07,3.39
2021/07/25 12:00:00,白洋湾金墅水源地3,120.3838,31.3787,8.6,6.62,447.0,29.0,0.07,3.39
2021/07/25 18:00:00,白洋湾金墅水源地3,120.3838,31.3787,8.6,6.62,447.0,29.0,0.07,3.38
2021/07/26 00:00:00,白洋湾金墅水源地3,120.3838,31.3787,8.6,6.63,447.0,29.0,0.07,3.38
2021/07/26 06:00:00,白洋湾金墅水源地3,120.3838,31.3787,8.6,6.63,446.0,29.0,0.07,3.38
2021/07/26 12:00:00,白洋湾金墅水源地3,120.3838,31.3787,8.6,6.64,446.0,29.0,0.07,3.38
2021/07/26 18:00:00,白洋湾金墅水源地3,120.3838,31.3787,8.6,6.65,446.0,29.0,0.07,3.37
2021/07/27 00:00:00,白洋湾金墅水源地3,120.3838,31.3787,8.6,6.65,446.0,29.0,0.07,3.37
2021/07/27 06:00:00,白洋湾金墅水源地3,120.3838,31.3787,8.6,6.66,445.0,29.0,0.07,3.37
2021/07/27 12:00:00,白洋湾金墅水源地3,120.3838,31.3787,8.6,6.66,445.0,29.0,0.07,3.37
2021/07/27 18:00:00,白洋湾金墅水源地3,120.3838,31.3787,8.6,6.66,445.0,29.0,0.06,3.36
2021/07/28 00:00:00,白洋湾金墅水源地3,120.3838,31.3787,8.6,6.67,445.0,29.0,0.06,3.36
2021/07/28 06:00:00,白洋湾金墅水源地3,120.3838,31.3787,8.6,6.67,444.0,29.0,0.06,3.36
2021/07/28 12:00:00,白洋湾金墅水源地3,120.3838,31.3787,8.6,6.67,444.0,29.0,0.06,3.35
2021/07/28 18:00:00,白洋湾金墅水源地3,120.3838,31.3787,8.6,6.68,444.0,29.0,0.06,3.35
2021/07/29 00:00:00,白洋湾金墅水源地3,120.3838,31.3787,8.6,6.68,443.0,29.0,0.06,3.35
2021/07/29 06:00:00,白洋湾金墅水源地3,120.3838,31.3787,8.6,6.68,443.0,29.0,0.06,3.34
2021/07/29 12:00:00,白洋湾金墅水源地3,120.3838,31.3787,8.5,6.68,443.0,29.0,0.06,3.34
2021/07/29 18:00:00,白洋湾金墅水源地3,120.3838,31.3787,8.5,6.68,443.0,29.0,0.06,3.34
2021/07/30 00:00:00,白洋湾金墅水源地3,120.3838,31.3787,8.5,6.68,443.0,29.0,0.06,3.33
2021/07/30 06:00:00,白洋湾金墅水源地3,120.3838,31.3787,8.5,6.68,442.0,29.0,0.06,3.33
2021/07/30 12:00:00,白洋湾金墅水源地3,120.3838,31.3787,8.5,6.68,442.0,29.0,0.06,3.33
2021/07/30 18:00:00,白洋湾金墅水源地3,120.3838,31.3787,8.5,6.68,442.0,29.0,0.06,3.32
2021/07/31 00:00:00,白洋湾金墅水源地3,120.3838,31.3787,8.5,6.67,442.0,28.0,0.06,3.32
2021/07/31 06:00:00,白洋湾金墅水源地3,120.3838,31.3787,8.5,6.67,441.0,28.0,0.06,3.32
2021/07/31 12:00:00,白洋湾金墅水源地3,120.3838,31.3787,8.5,6.67,441.0,28.0,0.06,3.31
2021/07/31 18:00:00,白洋湾金墅水源地3,120.3838,31.3787,8.5,6.66,441.0,28.0,0.06,3.31
2021/08/01 00:00:00,白洋湾金墅水源地3,120.3838,31.3787,8.5,6.66,441.0,28.0,0.06,3.31
2021/08/01 06:00:00,白洋湾金墅水源地3,120.3838,31.3787,8.5,6.65,441.0,28.0,0.06,3.3
2021/08/01 12:00:00,白洋湾金墅水源地3,120.3838,31.3787,8.5,6.65,440.0,28.0,0.06,3.3
2021/08/01 18:00:00,白洋湾金墅水源地3,120.3838,31.3787,8.5,6.64,440.0,28.0,0.06,3.3
2021/08/02 00:00:00,白洋湾金墅水源地3,120.3838,31.3787,8.5,6.64,440.0,28.0,0.06,3.3
2021/08/02 06:00:00,白洋湾金墅水源地3,120.3838,31.3787,8.5,6.63,440.0,28.0,0.07,3.29
2021/08/02 12:00:00,白洋湾金墅水源地3,120.3838,31.3787,8.5,6.62,440.0,28.0,0.07,3.29
2021/08/02 18:00:00,白洋湾金墅水源地3,120.3838,31.3787,8.5,6.61,440.0,28.0,0.07,3.29
2021/08/03 00:00:00,白洋湾金墅水源地3,120.3838,31.3787,8.4,6.6,440.0,28.0,0.07,3.28
2021/08/03 06:00:00,白洋湾金墅水源地3,120.3838,31.3787,8.4,6.59,439.0,28.0,0.07,3.28
2021/08/03 12:00:00,白洋湾金墅水源地3,120.3838,31.3787,8.4,6.58,439.0,28.0,0.07,3.28
2021/08/03 18:00:00,白洋湾金墅水源地3,120.3838,31.3787,8.4,6.57,439.0,28.0,0.07,3.28
2021/08/04 00:00:00,白洋湾金墅水源地3,120.3838,31.3787,8.4,6.56,439.0,28.0,0.07,3.27
2021/08/04 06:00:00,白洋湾金墅水源地3,120.3838,31.3787,8.4,6.55,439.0,28.0,0.07,3.27
2021/08/04 12:00:00,白洋湾金墅水源地3,120.3838,31.3787,8.4,6.54,439.0,28.0,0.07,3.27
2021/08/04 18:00:00,白洋湾金墅水源地3,120.3838,31.3787,8.4,6.52,439.0,28.0,0.07,3.27
2021/08/05 00:00:00,白洋湾金墅水源地3,120.3838,31.3787,8.4,6.51,439.0,28.0,0.07,3.27
2021/08/05 06:00:00,白洋湾金墅水源地3,120.3838,31.3787,8.4,6.5,439.0,28.0,0.07,3.26
2021/08/05 12:00:00,白洋湾金墅水源地3,120.3838,31.3787,8.4,6.48,439.0,28.0,0.07,3.26
2021/08/05 18:00:00,白洋湾金墅水源地3,120.3838,31.3787,8.4,6.47,438.0,28.0,0.07,3.26
2021/08/06 00:00:00,白洋湾金墅水源地3,120.3838,31.3787,8.4,6.46,438.0,28.0,0.07,3.26
2021/08/06 06:00:00,白洋湾金墅水源地3,120.3838,31.3787,8.4,6.44,438.0,28.0,0.07,3.26
2021/08/06 12:00:00,白洋湾金墅水源地3,120.3838,31.3787,8.4,6.43,438.0,28.0,0.07,3.26
2021/08/06 18:00:00,白洋湾金墅水源地3,120.3838,31.3787,8.4,6.41,438.0,28.0,0.07,3.25
2021/08/07 00:00:00,白洋湾金墅水源地3,120.3838,31.3787,8.4,6.4,438.0,28.0,0.07,3.25
2021/08/07 06:00:00,白洋湾金墅水源地3,120.3838,31.3787,8.4,6.39,438.0,28.0,0.07,3.25
2021/08/07 12:00:00,白洋湾金墅水源地3,120.3838,31.3787,8.4,6.37,438.0,28.0,0.07,3.25
2021/08/07 18:00:00,白洋湾金墅水源地3,120.3838,31.3787,8.4,6.36,438.0,28.0,0.07,3.25
2021/08/08 00:00:00,白洋湾金墅水源地3,120.3838,31.3787,8.4,6.34,438.0,28.0,0.07,3.25
2021/08/08 06:00:00,白洋湾金墅水源地3,120.3838,31.3787,8.4,6.33,437.0,28.0,0.07,3.25
2021/08/08 12:00:00,白洋湾金墅水源地3,120.3838,31.3787,8.4,6.31,437.0,28.0,0.07,3.25
2021/08/08 18:00:00,白洋湾金墅水源地3,120.3838,31.3787,8.4,6.3,437.0,28.0,0.07,3.25
2021/08/09 00:00:00,白洋湾金墅水源地3,120.3838,31.3787,8.4,6.28,437.0,28.0,0.07,3.25
2021/08/09 06:00:00,白洋湾金墅水源地3,120.3838,31.3787,8.4,6.27,437.0,28.0,0.07,3.25
2021/08/09 12:00:00,白洋湾金墅水源地3,120.3838,31.3787,8.4,6.25,437.0,28.0,0.07,3.25
2021/08/09 18:00:00,白洋湾金墅水源地3,120.3838,31.3787,8.4,6.24,437.0,28.0,0.07,3.25
2021/08/10 00:00:00,白洋湾金墅水源地3,120.3838,31.3787,8.4,6.23,437.0,28.0,0.07,3.25
2021/08/10 06:00:00,白洋湾金墅水源地3,120.3838,31.3787,8.4,6.21,436.0,28.0,0.07,3.25
2021/08/10 12:00:00,白洋湾金墅水源地3,120.3838,31.3787,8.4,6.2,436.0,28.0,0.07,3.25
2021/08/10 18:00:00,白洋湾金墅水源地3,120.3838,31.3787,8.4,6.19,436.0,28.0,0.07,3.25
2021/08/11 00:00:00,白洋湾金墅水源地3,120.3838,31.3787,8.4,6.17,436.0,28.0,0.08,3.25
2021/08/11 06:00:00,白洋湾金墅水源地3,120.3838,31.3787,8.4,6.16,436.0,28.0,0.08,3.25
2021/08/11 12:00:00,白洋湾金墅水源地3,120.3838,31.3787,8.4,6.15,436.0,29.0,0.08,3.25
2021/08/11 18:00:00,白洋湾金墅水源地3,120.3838,31.3787,8.4,6.14,435.0,29.0,0.08,3.25
2021/08/12 00:00:00,白洋湾金墅水源地3,120.3838,31.3787,8.4,6.13,435.0,29.0,0.08,3.25
2021/08/12 06:00:00,白洋湾金墅水源地3,120.3838,31.3787,8.4,6.12,435.0,29.0,0.08,3.25
2021/08/12 12:00:00,白洋湾金墅水源地3,120.3838,31.3787,8.4,6.11,435.0,29.0,0.08,3.25
2021/08/12 18:00:00,白洋湾金墅水源地3,120.3838,31.3787,8.3,6.1,435.0,29.0,0.08,3.25
2021/08/13 00:00:00,白洋湾金墅水源地3,120.3838,31.3787,8.3,6.09,434.0,29.0,0.08,3.25
2021/08/13 06:00:00,白洋湾金墅水源地3,120.3838,31.3787,8.3,6.08,434.0,29.0,0.08,3.26
2021/08/13 12:00:00,白洋湾金墅水源地3,120.3838,31.3787,8.3,6.07,434.0,30.0,0.08,3.26
2021/08/13 18:00:00,白洋湾金墅水源地3,120.3838,31.3787,8.3,6.06,434.0,30.0,0.08,3.26
2021/08/14 00:00:00,白洋湾金墅水源地3,120.3838,31.3787,8.3,6.06,433.0,30.0,0.08,3.26
2021/08/14 06:00:00,白洋湾金墅水源地3,120.3838,31.3787,8.3,6.05,433.0,30.0,0.08,3.26
2021/08/14 12:00:00,白洋湾金墅水源地3,120.3838,31.3787,8.3,6.04,433.0,30.0,0.08,3.26
2021/08/14 18:00:00,白洋湾金墅水源地3,120.3838,31.3787,8.3,6.04,432.0,30.0,0.08,3.27
2021/08/15 00:00:00,白洋湾金墅水源地3,120.3838,31.3787,8.3,6.03,432.0,30.0,0.08,3.27
2021/08/15 06:00:00,白洋湾金墅水源地3,120.3838,31.3787,8.3,6.03,432.0,31.0,0.08,3.27
2021/08/15 12:00:00,白洋湾金墅水源地3,120.3838,31.3787,8.3,6.02,431.0,31.0,0.08,3.28
2021/08/15 18:00:00,白洋湾金墅水源地3,120.3838,31.3787,8.3,6.02,431.0,31.0,0.08,3.28
2021/08/16 00:00:00,白洋湾金墅水源地3,120.3838,31.3787,8.3,6.01,431.0,31.0,0.08,3.28
2021/08/16 06:00:00,白洋湾金墅水源地3,120.3838,31.3787,8.3,6.01,430.0,31.0,0.08,3.29
2021/08/16 12:00:00,白洋湾金墅水源地3,120.3838,31.3787,8.3,6.0,430.0,31.0,0.08,3.29
2021/08/16 18:00:00,白洋湾金墅水源地3,120.3838,31.3787,8.3,6.0,430.0,32.0,0.08,3.29
2021/08/17 00:00:00,白洋湾金墅水源地3,120.3838,31.3787,8.3,6.0,429.0,32.0,0.08,3.3
2021/08/17 06:00:00,白洋湾金墅水源地3,120.3838,31.3787,8.3,6.0,429.0,32.0,0.08,3.3
2021/08/17 12:00:00,白洋湾金墅水源地3,120.3838,31.3787,8.3,6.0,428.0,32.0,0.08,3.31
2021/08/17 18:00:00,白洋湾金墅水源地3,120.3838,31.3787,8.3,5.99,428.0,32.0,0.08,3.31
2021/08/18 00:00:00,白洋湾金墅水源地3,120.3838,31.3787,8.2,5.99,427.0,33.0,0.08,3.32
2021/08/18 06:00:00,白洋湾金墅水源地3,120.3838,31.3787,8.2,5.99,427.0,33.0,0.08,3.32
2021/08/18 12:00:00,白洋湾金墅水源地3,120.3838,31.3787,8.2,5.99,427.0,33.0,0.08,3.33
2021/08/18 18:00:00,白洋湾金墅水源地3,120.3838,31.3787,8.2,5.99,426.0,33.0,0.08,3.34
2021/08/19 00:00:00,白洋湾金墅水源地3,120.3838,31.3787,8.2,5.99,426.0,33.0,0.08,3.34
2021/08/19 06:00:00,白洋湾金墅水源地3,120.3838,31.3787,8.2,5.99,425.0,33.0,0.08,3.35
2021/08/19 12:00:00,白洋湾金墅水源地3,120.3838,31.3787,8.2,5.99,425.0,33.0,0.08,3.36
2021/08/19 18:00:00,白洋湾金墅水源地3,120.3838,31.3787,8.2,5.99,424.0,34.0,0.08,3.37
2021/08/20 00:00:00,白洋湾金墅水源地3,120.3838,31.3787,8.2,5.99,424.0,34.0,0.08,3.38
2021/08/20 06:00:00,白洋湾金墅水源地3,120.3838,31.3787,8.2,6.0,423.0,34.0,0.08,3.39
2021/08/20 12:00:00,白洋湾金墅水源地3,120.3838,31.3787,8.2,6.0,423.0,34.0,0.08,3.39
2021/08/20 18:00:00,白洋湾金墅水源地3,120.3838,31.3787,8.2,6.0,422.0,34.0,0.08,3.4
2021/08/21 00:00:00,白洋湾金墅水源地3,120.3838,31.3787,8.2,6.0,422.0,34.0,0.08,3.41
2021/08/21 06:00:00,白洋湾金墅水源地3,120.3838,31.3787,8.2,6.0,421.0,34.0,0.08,3.43
2021/08/21 12:00:00,白洋湾金墅水源地3,120.3838,31.3787,8.2,6.01,421.0,34.0,0.08,3.44
2021/08/21 18:00:00,白洋湾金墅水源地3,120.3838,31.3787,8.2,6.01,420.0,35.0,0.08,3.45
2021/08/22 00:00:00,白洋湾金墅水源地3,120.3838,31.3787,8.2,6.01,420.0,35.0,0.08,3.46
2021/08/22 06:00:00,白洋湾金墅水源地3,120.3838,31.3787,8.2,6.02,419.0,35.0,0.08,3.47
2021/08/22 12:00:00,白洋湾金墅水源地3,120.3838,31.3787,8.2,6.02,418.0,35.0,0.08,3.49
2021/08/22 18:00:00,白洋湾金墅水源地3,120.3838,31.3787,8.2,6.02,418.0,35.0,0.08,3.5
2021/08/23 00:00:00,白洋湾金墅水源地3,120.3838,31.3787,8.2,6.03,417.0,35.0,0.08,3.51
2021/08/23 06:00:00,白洋湾金墅水源地3,120.3838,31.3787,8.2,6.03,417.0,35.0,0.08,3.53
2021/08/23 12:00:00,白洋湾金墅水源地3,120.3838,31.3787,8.2,6.03,416.0,35.0,0.08,3.54
2021/08/23 18:00:00,白洋湾金墅水源地3,120.3838,31.3787,8.2,6.04,416.0,35.0,0.08,3.56
2021/08/24 00:00:00,白洋湾金墅水源地3,120.3838,31.3787,8.2,6.04,415.0,35.0,0.08,3.57
2021/08/24 06:00:00,白洋湾金墅水源地3,120.3838,31.3787,8.2,6.05,414.0,35.0,0.08,3.59
2021/08/24 12:00:00,白洋湾金墅水源地3,120.3838,31.3787,8.2,6.05,414.0,35.0,0.08,3.61
2021/08/24 18:00:00,白洋湾金墅水源地3,120.3838,31.3787,8.2,6.06,413.0,35.0,0.08,3.63
2021/08/25 00:00:00,白洋湾金墅水源地3,120.3838,31.3787,8.2,6.06,413.0,35.0,0.08,3.64
2021/08/25 06:00:00,白洋湾金墅水源地3,120.3838,31.3787,8.2,6.07,412.0,35.0,0.08,3.66
2021/08/25 12:00:00,白洋湾金墅水源地3,120.3838,31.3787,8.2,6.07,411.0,35.0,0.08,3.68
2021/08/25 18:00:00,白洋湾金墅水源地3,120.3838,31.3787,8.2,6.08,411.0,35.0,0.08,3.7
2021/08/26 00:00:00,白洋湾金墅水源地3,120.3838,31.3787,8.2,6.08,410.0,35.0,0.08,3.72
2021/08/26 06:00:00,白洋湾金墅水源地3,120.3838,31.3787,8.2,6.09,410.0,34.0,0.08,3.74
2021/08/26 12:00:00,白洋湾金墅水源地3,120.3838,31.3787,8.2,6.09,409.0,34.0,0.08,3.76
2021/08/26 18:00:00,白洋湾金墅水源地3,120.3838,31.3787,8.2,6.1,408.0,34.0,0.08,3.79
2021/08/27 00:00:00,白洋湾金墅水源地3,120.3838,31.3787,8.2,6.1,408.0,34.0,0.08,3.81
2021/08/27 06:00:00,白洋湾金墅水源地3,120.3838,31.3787,8.2,6.11,407.0,34.0,0.08,3.83
2021/08/27 12:00:00,白洋湾金墅水源地3,120.3838,31.3787,8.2,6.11,406.0,34.0,0.08,3.85
2021/08/27 18:00:00,白洋湾金墅水源地3,120.3838,31.3787,8.2,6.12,406.0,34.0,0.08,3.88
2021/08/28 00:00:00,白洋湾金墅水源地3,120.3838,31.3787,8.2,6.13,405.0,34.0,0.08,3.9
2021/08/28 06:00:00,白洋湾金墅水源地3,120.3838,31.3787,8.2,6.13,405.0,34.0,0.08,3.92
2021/08/28 12:00:00,白洋湾金墅水源地3,120.3838,31.3787,8.2,6.14,404.0,33.0,0.08,3.95
2021/08/28 18:00:00,白洋湾金墅水源地3,120.3838,31.3787,8.2,6.14,403.0,33.0,0.08,3.98
2021/08/29 00:00:00,白洋湾金墅水源地3,120.3838,31.3787,8.2,6.15,403.0,33.0,0.08,4.0
2021/08/29 06:00:00,白洋湾金墅水源地3,120.3838,31.3787,8.2,6.15,402.0,33.0,0.08,4.03
2021/08/29 12:00:00,白洋湾金墅水源地3,120.3838,31.3787,8.2,6.16,401.0,33.0,0.08,4.05
2021/08/29 18:00:00,白洋湾金墅水源地3,120.3838,31.3787,8.2,6.17,401.0,33.0,0.08,4.08
2021/08/30 00:00:00,白洋湾金墅水源地3,120.3838,31.3787,8.2,6.17,400.0,32.0,0.08,4.11
2021/08/30 06:00:00,白洋湾金墅水源地3,120.3838,31.3787,8.2,6.18,400.0,32.0,0.08,4.14
2021/08/30 12:00:00,白洋湾金墅水源地3,120.3838,31.3787,8.2,6.18,399.0,32.0,0.08,4.17
2021/08/30 18:00:00,白洋湾金墅水源地3,120.3838,31.3787,8.2,6.19,398.0,32.0,0.08,4.2
2021/08/31 00:00:00,白洋湾金墅水源地3,120.3838,31.3787,8.2,6.19,398.0,32.0,0.08,4.23
2021/08/31 06:00:00,白洋湾金墅水源地3,120.3838,31.3787,8.2,6.2,397.0,32.0,0.08,4.26
2021/08/31 12:00:00,白洋湾金墅水源地3,120.3838,31.3787,8.2,6.2,397.0,31.0,0.08,4.29
2021/08/31 18:00:00,白洋湾金墅水源地3,120.3838,31.3787,8.2,6.21,396.0,31.0,0.08,4.32
2021/09/01 00:00:00,白洋湾金墅水源地3,120.3838,31.3787,8.2,6.21,396.0,31.0,0.08,4.35
2021/09/01 06:00:00,白洋湾金墅水源地3,120.3838,31.3787,8.2,6.22,395.0,31.0,0.08,4.38
2021/09/01 12:00:00,白洋湾金墅水源地3,120.3838,31.3787,8.3,6.22,394.0,31.0,0.08,4.41
2021/09/01 18:00:00,白洋湾金墅水源地3,120.3838,31.3787,8.3,6.23,394.0,30.0,0.08,4.45
2021/09/02 00:00:00,白洋湾金墅水源地3,120.3838,31.3787,8.3,6.23,393.0,30.0,0.08,4.48
2021/09/02 06:00:00,白洋湾金墅水源地3,120.3838,31.3787,8.3,6.24,393.0,30.0,0.08,4.51
2021/09/02 12:00:00,白洋湾金墅水源地3,120.3838,31.3787,8.3,6.24,392.0,30.0,0.08,4.55
2021/09/02 18:00:00,白洋湾金墅水源地3,120.3838,31.3787,8.3,6.25,392.0,29.0,0.08,4.58
2021/09/03 00:00:00,白洋湾金墅水源地3,120.3838,31.3787,8.3,6.25,391.0,29.0,0.08,4.62
2021/09/03 06:00:00,白洋湾金墅水源地3,120.3838,31.3787,8.3,6.26,391.0,29.0,0.08,4.65
2021/09/03 12:00:00,白洋湾金墅水源地3,120.3838,31.3787,8.3,6.26,390.0,29.0,0.08,4.69
2021/09/03 18:00:00,白洋湾金墅水源地3,120.3838,31.3787,8.3,6.26,390.0,29.0,0.08,4.72
2021/09/04 00:00:00,白洋湾金墅水源地3,120.3838,31.3787,8.3,6.27,389.0,28.0,0.08,4.76
2021/09/04 06:00:00,白洋湾金墅水源地3,120.3838,31.3787,8.3,6.27,389.0,28.0,0.07,4.79
2021/09/04 12:00:00,白洋湾金墅水源地3,120.3838,31.3787,8.4,6.28,388.0,28.0,0.07,4.83
2021/09/04 18:00:00,白洋湾金墅水源地3,120.3838,31.3787,8.4,6.28,388.0,28.0,0.07,4.87
2021/09/05 00:00:00,白洋湾金墅水源地3,120.3838,31.3787,8.4,6.28,387.0,27.0,0.07,4.9
2021/09/05 06:00:00,白洋湾金墅水源地3,120.3838,31.3787,8.4,6.29,387.0,27.0,0.07,4.94
2021/09/05 12:00:00,白洋湾金墅水源地3,120.3838,31.3787,8.4,6.29,386.0,27.0,0.07,4.97
2021/09/05 18:00:00,白洋湾金墅水源地3,120.3838,31.3787,8.4,6.29,386.0,27.0,0.07,5.01
2021/09/06 00:00:00,白洋湾金墅水源地3,120.3838,31.3787,8.4,6.3,385.0,27.0,0.07,5.04
2021/09/06 06:00:00,白洋湾金墅水源地3,120.3838,31.3787,8.4,6.3,385.0,26.0,0.07,5.08
2021/09/06 12:00:00,白洋湾金墅水源地3,120.3838,31.3787,8.4,6.3,385.0,26.0,0.07,5.11
2021/09/06 18:00:00,白洋湾金墅水源地3,120.3838,31.3787,8.5,6.31,384.0,26.0,0.07,5.15
2021/09/07 00:00:00,白洋湾金墅水源地3,120.3838,31.3787,8.5,6.31,384.0,26.0,0.07,5.18
2021/09/07 06:00:00,白洋湾金墅水源地3,120.3838,31.3787,8.5,6.31,384.0,26.0,0.07,5.22
2021/09/07 12:00:00,白洋湾金墅水源地3,120.3838,31.3787,8.5,6.31,383.0,25.0,0.07,5.25
2021/09/07 18:00:00,白洋湾金墅水源地3,120.3838,31.3787,8.5,6.32,383.0,25.0,0.07,5.28
2021/09/08 00:00:00,白洋湾金墅水源地3,120.3838,31.3787,8.5,6.32,383.0,25.0,0.07,5.31
2021/09/08 06:00:00,白洋湾金墅水源地3,120.3838,31.3787,8.5,6.32,382.0,25.0,0.07,5.34
2021/09/08 12:00:00,白洋湾金墅水源地3,120.3838,31.3787,8.5,6.33,382.0,25.0,0.07,5.37
2021/09/08 18:00:00,白洋湾金墅水源地3,120.3838,31.3787,8.5,6.33,382.0,24.0,0.07,5.4
2021/09/09 00:00:00,白洋湾金墅水源地3,120.3838,31.3787,8.6,6.33,381.0,24.0,0.07,5.43
2021/09/09 06:00:00,白洋湾金墅水源地3,120.3838,31.3787,8.6,6.33,381.0,24.0,0.07,5.46
2021/09/09 12:00:00,白洋湾金墅水源地3,120.3838,31.3787,8.6,6.34,381.0,24.0,0.07,5.48
2021/09/09 18:00:00,白洋湾金墅水源地3,120.3838,31.3787,8.6,6.34,381.0,24.0,0.07,5.51
2021/09/10 00:00:00,白洋湾金墅水源地3,120.3838,31.3787,8.6,6.34,381.0,24.0,0.07,5.53
2021/09/10 06:00:00,白洋湾金墅水源地3,120.3838,31.3787,8.6,6.34,380.0,23.0,0.07,5.56
2021/09/10 12:00:00,白洋湾金墅水源地3,120.3838,31.3787,8.6,6.35,380.0,23.0,0.07,5.58
2021/09/10 18:00:00,白洋湾金墅水源地3,120.3838,31.3787,8.6,6.35,380.0,23.0,0.07,5.6
2021/09/11 00:00:00,白洋湾金墅水源地3,120.3838,31.3787,8.6,6.35,380.0,23.0,0.07,5.62
2021/09/11 06:00:00,白洋湾金墅水源地3,120.3838,31.3787,8.6,6.35,380.0,23.0,0.07,5.63
2021/09/11 12:00:00,白洋湾金墅水源地3,120.3838,31.3787,8.7,6.36,380.0,23.0,0.07,5.65
2021/09/11 18:00:00,白洋湾金墅水源地3,120.3838,31.3787,8.7,6.36,379.0,23.0,0.07,5.67
2021/09/12 00:00:00,白洋湾金墅水源地3,120.3838,31.3787,8.7,6.36,379.0,22.0,0.07,5.68
2021/09/12 06:00:00,白洋湾金墅水源地3,120.3838,31.3787,8.7,6.36,379.0,22.0,0.07,5.69
2021/09/12 12:00:00,白洋湾金墅水源地3,120.3838,31.3787,8.7,6.37,379.0,22.0,0.07,5.7
2021/09/12 18:00:00,白洋湾金墅水源地3,120.3838,31.3787,8.7,6.37,379.0,22.0,0.07,5.71
2021/09/13 00:00:00,白洋湾金墅水源地3,120.3838,31.3787,8.7,6.37,379.0,22.0,0.06,5.72
2021/09/13 06:00:00,白洋湾金墅水源地3,120.3838,31.3787,8.7,6.38,379.0,22.0,0.06,5.72
2021/09/13 12:00:00,白洋湾金墅水源地3,120.3838,31.3787,8.7,6.38,379.0,22.0,0.06,5.73
2021/09/13 18:00:00,白洋湾金墅水源地3,120.3838,31.3787,8.7,6.38,379.0,22.0,0.06,5.73
2021/09/14 00:00:00,白洋湾金墅水源地3,120.3838,31.3787,8.7,6.39,379.0,22.0,0.06,5.73
2021/09/14 06:00:00,白洋湾金墅水源地3,120.3838,31.3787,8.7,6.39,379.0,22.0,0.06,5.73
2021/09/14 12:00:00,白洋湾金墅水源地3,120.3838,31.3787,8.7,6.39,379.0,22.0,0.06,5.72
2021/09/14 18:00:00,白洋湾金墅水源地3,120.3838,31.3787,8.7,6.4,379.0,21.0,0.06,5.72
2021/09/15 00:00:00,白洋湾金墅水源地3,120.3838,31.3787,8.7,6.4,380.0,21.0,0.06,5.72
2021/09/15 06:00:00,白洋湾金墅水源地3,120.3838,31.3787,8.7,6.4,380.0,21.0,0.06,5.71
2021/09/15 12:00:00,白洋湾金墅水源地3,120.3838,31.3787,8.8,6.41,380.0,21.0,0.06,5.71
2021/09/15 18:00:00,白洋湾金墅水源地3,120.3838,31.3787,8.8,6.41,380.0,21.0,0.06,5.7
2021/09/16 00:00:00,白洋湾金墅水源地3,120.3838,31.3787,8.8,6.42,380.0,21.0,0.06,5.69
2021/09/16 06:00:00,白洋湾金墅水源地3,120.3838,31.3787,8.8,6.42,380.0,21.0,0.06,5.69
2021/09/16 12:00:00,白洋湾金墅水源地3,120.3838,31.3787,8.8,6.43,380.0,21.0,0.06,5.68
2021/09/16 18:00:00,白洋湾金墅水源地3,120.3838,31.3787,8.8,6.44,380.0,21.0,0.06,5.67
2021/09/17 00:00:00,白洋湾金墅水源地3,120.3838,31.3787,8.8,6.44,381.0,21.0,0.06,5.66
2021/09/17 06:00:00,白洋湾金墅水源地3,120.3838,31.3787,8.8,6.45,381.0,21.0,0.06,5.66
2021/09/17 12:00:00,白洋湾金墅水源地3,120.3838,31.3787,8.8,6.46,381.0,21.0,0.06,5.65
2021/09/17 18:00:00,白洋湾金墅水源地3,120.3838,31.3787,8.8,6.47,381.0,21.0,0.07,5.64
2021/09/18 00:00:00,白洋湾金墅水源地3,120.3838,31.3787,8.8,6.48,381.0,21.0,0.07,5.63
2021/09/18 06:00:00,白洋湾金墅水源地3,120.3838,31.3787,8.8,6.49,381.0,21.0,0.07,5.63
2021/09/18 12:00:00,白洋湾金墅水源地3,120.3838,31.3787,8.8,6.5,381.0,21.0,0.07,5.62
2021/09/18 18:00:00,白洋湾金墅水源地3,120.3838,31.3787,8.8,6.51,382.0,21.0,0.07,5.62
2021/09/19 00:00:00,白洋湾金墅水源地3,120.3838,31.3787,8.8,6.52,382.0,22.0,0.07,5.61
2021/09/19 06:00:00,白洋湾金墅水源地3,120.3838,31.3787,8.8,6.53,382.0,22.0,0.07,5.61
2021/09/19 12:00:00,白洋湾金墅水源地3,120.3838,31.3787,8.8,6.55,382.0,22.0,0.07,5.61
2021/09/19 18:00:00,白洋湾金墅水源地3,120.3838,31.3787,8.8,6.56,382.0,22.0,0.07,5.61
2021/09/20 00:00:00,白洋湾金墅水源地3,120.3838,31.3787,8.7,6.58,382.0,22.0,0.07,5.61
2021/09/20 06:00:00,白洋湾金墅水源地3,120.3838,31.3787,8.7,6.59,382.0,22.0,0.07,5.61
2021/09/20 12:00:00,白洋湾金墅水源地3,120.3838,31.3787,8.7,6.61,382.0,22.0,0.07,5.62
2021/09/20 18:00:00,白洋湾金墅水源地3,120.3838,31.3787,8.7,6.63,383.0,22.0,0.07,5.62
2021/09/21 00:00:00,白洋湾金墅水源地3,120.3838,31.3787,8.7,6.64,383.0,22.0,0.07,5.63
2021/09/21 06:00:00,白洋湾金墅水源地3,120.3838,31.3787,8.7,6.66,383.0,22.0,0.07,5.64
2021/09/21 12:00:00,白洋湾金墅水源地3,120.3838,31.3787,8.7,6.69,383.0,22.0,0.07,5.65
2021/09/21 18:00:00,白洋湾金墅水源地3,120.3838,31.3787,8.7,6.71,383.0,22.0,0.07,5.66
2021/09/22 00:00:00,白洋湾金墅水源地3,120.3838,31.3787,8.7,6.73,383.0,23.0,0.07,5.68
2021/09/22 06:00:00,白洋湾金墅水源地3,120.3838,31.3787,8.7,6.75,383.0,23.0,0.07,5.7
2021/09/22 12:00:00,白洋湾金墅水源地3,120.3838,31.3787,8.7,6.78,383.0,23.0,0.07,5.72
2021/09/22 18:00:00,白洋湾金墅水源地3,120.3838,31.3787,8.7,6.8,383.0,23.0,0.07,5.74
2021/09/23 00:00:00,白洋湾金墅水源地3,120.3838,31.3787,8.7,6.83,383.0,23.0,0.07,5.77
2021/09/23 06:00:00,白洋湾金墅水源地3,120.3838,31.3787,8.6,6.86,383.0,23.0,0.07,5.8
2021/09/23 12:00:00,白洋湾金墅水源地3,120.3838,31.3787,8.6,6.89,382.0,23.0,0.07,5.83
2021/09/23 18:00:00,白洋湾金墅水源地3,120.3838,31.3787,8.6,6.92,382.0,23.0,0.07,5.86
2021/09/24 00:00:00,白洋湾金墅水源地3,120.3838,31.3787,8.6,6.95,382.0,24.0,0.07,5.9
2021/09/24 06:00:00,白洋湾金墅水源地3,120.3838,31.3787,8.6,6.98,382.0,24.0,0.07,5.94
2021/09/24 12:00:00,白洋湾金墅水源地3,120.3838,31.3787,8.6,7.02,382.0,24.0,0.07,5.99
2021/09/24 18:00:00,白洋湾金墅水源地3,120.3838,31.3787,8.6,7.05,382.0,24.0,0.07,6.03
2021/09/25 00:00:00,白洋湾金墅水源地3,120.3838,31.3787,8.6,7.09,382.0,24.0,0.07,6.08
2021/09/25 06:00:00,白洋湾金墅水源地3,120.3838,31.3787,8.5,7.13,381.0,24.0,0.07,6.13
2021/09/25 12:00:00,白洋湾金墅水源地3,120.3838,31.3787,8.5,7.16,381.0,25.0,0.07,6.18
2021/09/25 18:00:00,白洋湾金墅水源地3,120.3838,31.3787,8.5,7.2,381.0,25.0,0.07,6.23
2021/09/26 00:00:00,白洋湾金墅水源地3,120.3838,31.3787,8.5,7.24,381.0,25.0,0.07,6.29
2021/09/26 06:00:00,白洋湾金墅水源地3,120.3838,31.3787,8.5,7.28,380.0,25.0,0.07,6.35
2021/09/26 12:00:00,白洋湾金墅水源地3,120.3838,31.3787,8.5,7.32,380.0,25.0,0.07,6.4
2021/09/26 18:00:00,白洋湾金墅水源地3,120.3838,31.3787,8.4,7.36,380.0,26.0,0.07,6.46
2021/09/27 00:00:00,白洋湾金墅水源地3,120.3838,31.3787,8.4,7.4,379.0,26.0,0.07,6.52
2021/09/27 06:00:00,白洋湾金墅水源地3,120.3838,31.3787,8.4,7.44,379.0,26.0,0.07,6.58
2021/09/27 12:00:00,白洋湾金墅水源地3,120.3838,31.3787,8.4,7.48,379.0,26.0,0.07,6.64
2021/09/27 18:00:00,白洋湾金墅水源地3,120.3838,31.3787,8.4,7.52,379.0,26.0,0.07,6.71
2021/09/28 00:00:00,白洋湾金墅水源地3,120.3838,31.3787,8.4,7.56,378.0,27.0,0.07,6.77
2021/09/28 06:00:00,白洋湾金墅水源地3,120.3838,31.3787,8.3,7.6,378.0,27.0,0.07,6.83
2021/09/28 12:00:00,白洋湾金墅水源地3,120.3838,31.3787,8.3,7.64,378.0,27.0,0.07,6.89
2021/09/28 18:00:00,白洋湾金墅水源地3,120.3838,31.3787,8.3,7.68,377.0,27.0,0.07,6.95
2021/09/29 00:00:00,白洋湾金墅水源地3,120.3838,31.3787,8.3,7.72,377.0,28.0,0.06,7.01
2021/09/29 06:00:00,白洋湾金墅水源地3,120.3838,31.3787,8.3,7.76,377.0,28.0,0.06,7.07
2021/09/29 12:00:00,白洋湾金墅水源地3,120.3838,31.3787,8.2,7.8,376.0,28.0,0.06,7.13
2021/09/29 18:00:00,白洋湾金墅水源地3,120.3838,31.3787,8.2,7.84,376.0,28.0,0.06,7.19
2021/09/30 00:00:00,白洋湾金墅水源地3,120.3838,31.3787,8.2,7.88,376.0,29.0,0.06,7.25
2021/09/30 06:00:00,白洋湾金墅水源地3,120.3838,31.3787,8.2,7.91,376.0,29.0,0.06,7.31
2021/09/30 12:00:00,白洋湾金墅水源地3,120.3838,31.3787,8.2,7.95,375.0,29.0,0.06,7.36
2021/09/30 18:00:00,白洋湾金墅水源地3,120.3838,31.3787,8.2,7.98,375.0,29.0,0.06,7.41
2021/10/01 00:00:00,白洋湾金墅水源地3,120.3838,31.3787,8.1,8.02,375.0,30.0,0.06,7.46
2021/10/01 06:00:00,白洋湾金墅水源地3,120.3838,31.3787,8.1,8.05,375.0,30.0,0.06,7.51
2021/10/01 12:00:00,白洋湾金墅水源地3,120.3838,31.3787,8.1,8.08,375.0,30.0,0.06,7.56
2021/10/01 18:00:00,白洋湾金墅水源地3,120.3838,31.3787,8.1,8.11,374.0,30.0,0.06,7.61
2021/10/02 00:00:00,白洋湾金墅水源地3,120.3838,31.3787,8.1,8.14,374.0,31.0,0.06,7.65
2021/10/02 06:00:00,白洋湾金墅水源地3,120.3838,31.3787,8.1,8.17,374.0,31.0,0.06,7.69
2021/10/02 12:00:00,白洋湾金墅水源地3,120.3838,31.3787,8.0,8.2,374.0,31.0,0.06,7.72
2021/10/02 18:00:00,白洋湾金墅水源地3,120.3838,31.3787,8.0,8.23,374.0,31.0,0.06,7.76
2021/10/03 00:00:00,白洋湾金墅水源地3,120.3838,31.3787,8.0,8.25,374.0,32.0,0.06,7.79
2021/10/03 06:00:00,白洋湾金墅水源地3,120.3838,31.3787,8.0,8.27,374.0,32.0,0.06,7.82
2021/10/03 12:00:00,白洋湾金墅水源地3,120.3838,31.3787,8.0,8.29,374.0,32.0,0.06,7.84
2021/10/03 18:00:00,白洋湾金墅水源地3,120.3838,31.3787,8.0,8.31,374.0,33.0,0.06,7.86
2021/10/04 00:00:00,白洋湾金墅水源地3,120.3838,31.3787,8.0,8.33,374.0,33.0,0.06,7.88
2021/10/04 06:00:00,白洋湾金墅水源地3,120.3838,31.3787,8.0,8.35,374.0,33.0,0.06,7.89
2021/10/04 12:00:00,白洋湾金墅水源地3,120.3838,31.3787,7.9,8.36,374.0,34.0,0.06,7.9
2021/10/04 18:00:00,白洋湾金墅水源地3,120.3838,31.3787,7.9,8.37,374.0,34.0,0.06,7.9
2021/10/05 00:00:00,白洋湾金墅水源地3,120.3838,31.3787,7.9,8.38,375.0,34.0,0.06,7.91
2021/10/05 06:00:00,白洋湾金墅水源地3,120.3838,31.3787,7.9,8.39,375.0,35.0,0.06,7.9
2021/10/05 12:00:00,白洋湾金墅水源地3,120.3838,31.3787,7.9,8.4,375.0,35.0,0.06,7.9
2021/10/05 18:00:00,白洋湾金墅水源地3,120.3838,31.3787,7.9,8.4,375.0,35.0,0.06,7.89
2021/10/06 00:00:00,白洋湾金墅水源地3,120.3838,31.3787,7.9,8.41,375.0,36.0,0.06,7.88
2021/10/06 06:00:00,白洋湾金墅水源地3,120.3838,31.3787,7.9,8.41,376.0,36.0,0.06,7.86
2021/10/06 12:00:00,白洋湾金墅水源地3,120.3838,31.3787,7.9,8.41,376.0,36.0,0.06,7.84
2021/10/06 18:00:00,白洋湾金墅水源地3,120.3838,31.3787,7.9,8.41,376.0,36.0,0.06,7.82
2021/10/07 00:00:00,白洋湾金墅水源地3,120.3838,31.3787,7.9,8.41,377.0,37.0,0.06,7.8
2021/10/07 06:00:00,白洋湾金墅水源地3,120.3838,31.3787,7.9,8.41,377.0,37.0,0.06,7.77
2021/10/07 12:00:00,白洋湾金墅水源地3,120.3838,31.3787,7.9,8.41,378.0,37.0,0.06,7.75
2021/10/07 18:00:00,白洋湾金墅水源地3,120.3838,31.3787,7.8,8.4,378.0,38.0,0.06,7.72
2021/10/08 00:00:00,白洋湾金墅水源地3,120.3838,31.3787,7.8,8.4,379.0,38.0,0.06,7.68
2021/10/08 06:00:00,白洋湾金墅水源地3,120.3838,31.3787,7.8,8.39,379.0,38.0,0.06,7.65
2021/10/08 12:00:00,白洋湾金墅水源地3,120.3838,31.3787,7.8,8.38,379.0,39.0,0.06,7.61
2021/10/08 18:00:00,白洋湾金墅水源地3,120.3838,31.3787,7.8,8.38,380.0,39.0,0.07,7.57
2021/10/09 00:00:00,白洋湾金墅水源地3,120.3838,31.3787,7.8,8.37,381.0,39.0,0.07,7.53
2021/10/09 06:00:00,白洋湾金墅水源地3,120.3838,31.3787,7.8,8.36,381.0,39.0,0.07,7.49
2021/10/09 12:00:00,白洋湾金墅水源地3,120.3838,31.3787,7.8,8.35,382.0,40.0,0.07,7.44
2021/10/09 18:00:00,白洋湾金墅水源地3,120.3838,31.3787,7.8,8.34,382.0,40.0,0.07,7.4
2021/10/10 00:00:00,白洋湾金墅水源地3,120.3838,31.3787,7.8,8.33,383.0,40.0,0.07,7.35
2021/10/10 06:00:00,白洋湾金墅水源地3,120.3838,31.3787,7.8,8.32,383.0,40.0,0.07,7.3
2021/10/10 12:00:00,白洋湾金墅水源地3,120.3838,31.3787,7.8,8.31,384.0,40.0,0.07,7.25
2021/10/10 18:00:00,白洋湾金墅水源地3,120.3838,31.3787,7.8,8.3,385.0,41.0,0.07,7.2
2021/10/11 00:00:00,白洋湾金墅水源地3,120.3838,31.3787,7.8,8.28,385.0,41.0,0.07,7.15
2021/10/11 06:00:00,白洋湾金墅水源地3,120.3838,31.3787,7.8,8.27,386.0,41.0,0.07,7.1
2021/10/11 12:00:00,白洋湾金墅水源地3,120.3838,31.3787,7.8,8.26,386.0,41.0,0.07,7.05
2021/10/11 18:00:00,白洋湾金墅水源地3,120.3838,31.3787,7.8,8.25,387.0,41.0,0.07,7.0
2021/10/12 00:00:00,白洋湾金墅水源地3,120.3838,31.3787,7.8,8.24,388.0,41.0,0.07,6.94
2021/10/12 06:00:00,白洋湾金墅水源地3,120.3838,31.3787,7.8,8.23,388.0,41.0,0.07,6.89
2021/10/12 12:00:00,白洋湾金墅水源地3,120.3838,31.3787,7.8,8.22,389.0,42.0,0.07,6.84
2021/10/12 18:00:00,白洋湾金墅水源地3,120.3838,31.3787,7.8,8.2,390.0,42.0,0.07,6.79
2021/10/13 00:00:00,白洋湾金墅水源地3,120.3838,31.3787,7.9,8.19,390.0,42.0,0.07,6.73
2021/10/13 06:00:00,白洋湾金墅水源地3,120.3838,31.3787,7.9,8.18,391.0,42.0,0.07,6.68
2021/10/13 12:00:00,白洋湾金墅水源地3,120.3838,31.3787,7.9,8.17,392.0,42.0,0.07,6.63
2021/10/13 18:00:00,白洋湾金墅水源地3,120.3838,31.3787,7.9,8.17,392.0,42.0,0.07,6.57
2021/10/14 00:00:00,白洋湾金墅水源地3,120.3838,31.3787,7.9,8.16,393.0,42.0,0.07,6.52
2021/10/14 06:00:00,白洋湾金墅水源地3,120.3838,31.3787,7.9,8.15,394.0,42.0,0.07,6.47
2021/10/14 12:00:00,白洋湾金墅水源地3,120.3838,31.3787,7.9,8.14,394.0,41.0,0.07,6.42
2021/10/14 18:00:00,白洋湾金墅水源地3,120.3838,31.3787,7.9,8.14,395.0,41.0,0.07,6.37
2021/10/15 00:00:00,白洋湾金墅水源地3,120.3838,31.3787,7.9,8.13,396.0,41.0,0.07,6.32
2021/10/15 06:00:00,白洋湾金墅水源地3,120.3838,31.3787,7.9,8.12,396.0,41.0,0.07,6.28
2021/10/15 12:00:00,白洋湾金墅水源地3,120.3838,31.3787,7.9,8.12,397.0,41.0,0.07,6.23
2021/10/15 18:00:00,白洋湾金墅水源地3,120.3838,31.3787,7.9,8.12,398.0,41.0,0.07,6.19
2021/10/16 00:00:00,白洋湾金墅水源地3,120.3838,31.3787,7.9,8.11,398.0,41.0,0.07,6.14
2021/10/16 06:00:00,白洋湾金墅水源地3,120.3838,31.3787,7.9,8.11,399.0,41.0,0.07,6.1
2021/10/16 12:00:00,白洋湾金墅水源地3,120.3838,31.3787,7.9,8.11,400.0,40.0,0.07,6.06
2021/10/16 18:00:00,白洋湾金墅水源地3,120.3838,31.3787,7.9,8.11,400.0,40.0,0.07,6.02
2021/10/17 00:00:00,白洋湾金墅水源地3,120.3838,31.3787,8.0,8.11,401.0,40.0,0.07,5.98
2021/10/17 06:00:00,白洋湾金墅水源地3,120.3838,31.3787,8.0,8.11,401.0,40.0,0.07,5.94
2021/10/17 12:00:00,白洋湾金墅水源地3,120.3838,31.3787,8.0,8.11,402.0,40.0,0.07,5.9
2021/10/17 18:00:00,白洋湾金墅水源地3,120.3838,31.3787,8.0,8.12,403.0,39.0,0.07,5.87
2021/10/18 00:00:00,白洋湾金墅水源地3,120.3838,31.3787,8.0,8.12,403.0,39.0,0.07,5.84
2021/10/18 06:00:00,白洋湾金墅水源地3,120.3838,31.3787,8.0,8.12,404.0,39.0,0.07,5.8
2021/10/18 12:00:00,白洋湾金墅水源地3,120.3838,31.3787,8.0,8.13,404.0,39.0,0.07,5.77
2021/10/18 18:00:00,白洋湾金墅水源地3,120.3838,31.3787,8.0,8.13,405.0,39.0,0.07,5.75
2021/10/19 00:00:00,白洋湾金墅水源地3,120.3838,31.3787,8.0,8.14,405.0,39.0,0.07,5.72
2021/10/19 06:00:00,白洋湾金墅水源地3,120.3838,31.3787,8.0,8.15,406.0,39.0,0.08,5.69
2021/10/19 12:00:00,白洋湾金墅水源地3,120.3838,31.3787,8.0,8.15,406.0,39.0,0.08,5.67
2021/10/19 18:00:00,白洋湾金墅水源地3,120.3838,31.3787,8.0,8.16,407.0,39.0,0.08,5.65
2021/10/20 00:00:00,白洋湾金墅水源地3,120.3838,31.3787,8.0,8.17,407.0,39.0,0.08,5.63
2021/10/20 06:00:00,白洋湾金墅水源地3,120.3838,31.3787,8.1,8.18,408.0,39.0,0.08,5.61
2021/10/20 12:00:00,白洋湾金墅水源地3,120.3838,31.3787,8.1,8.19,408.0,39.0,0.08,5.59
2021/10/20 18:00:00,白洋湾金墅水源地3,120.3838,31.3787,8.1,8.2,409.0,39.0,0.08,5.58
2021/10/21 00:00:00,白洋湾金墅水源地3,120.3838,31.3787,8.1,8.21,409.0,39.0,0.08,5.57
2021/10/21 06:00:00,白洋湾金墅水源地3,120.3838,31.3787,8.1,8.22,409.0,39.0,0.08,5.55
2021/10/21 12:00:00,白洋湾金墅水源地3,120.3838,31.3787,8.1,8.23,410.0,39.0,0.08,5.55
2021/10/21 18:00:00,白洋湾金墅水源地3,120.3838,31.3787,8.1,8.24,410.0,39.0,0.08,5.54
2021/10/22 00:00:00,白洋湾金墅水源地3,120.3838,31.3787,8.1,8.26,410.0,40.0,0.08,5.54
2021/10/22 06:00:00,白洋湾金墅水源地3,120.3838,31.3787,8.1,8.27,411.0,40.0,0.08,5.53
2021/10/22 12:00:00,白洋湾金墅水源地3,120.3838,31.3787,8.1,8.28,411.0,41.0,0.08,5.53
2021/10/22 18:00:00,白洋湾金墅水源地3,120.3838,31.3787,8.1,8.3,411.0,41.0,0.08,5.54
2021/10/23 00:00:00,白洋湾金墅水源地3,120.3838,31.3787,8.1,8.31,411.0,42.0,0.08,5.54
2021/10/23 06:00:00,白洋湾金墅水源地3,120.3838,31.3787,8.1,8.33,411.0,42.0,0.08,5.55
2021/10/23 12:00:00,白洋湾金墅水源地3,120.3838,31.3787,8.1,8.35,412.0,43.0,0.08,5.56
2021/10/23 18:00:00,白洋湾金墅水源地3,120.3838,31.3787,8.1,8.36,412.0,43.0,0.08,5.57
2021/10/24 00:00:00,白洋湾金墅水源地3,120.3838,31.3787,8.1,8.38,412.0,44.0,0.09,5.58
2021/10/24 06:00:00,白洋湾金墅水源地3,120.3838,31.3787,8.1,8.4,412.0,45.0,0.09,5.6
2021/10/24 12:00:00,白洋湾金墅水源地3,120.3838,31.3787,8.1,8.42,412.0,46.0,0.09,5.62
2021/10/24 18:00:00,白洋湾金墅水源地3,120.3838,31.3787,8.1,8.43,412.0,47.0,0.09,5.64
2021/10/25 00:00:00,白洋湾金墅水源地3,120.3838,31.3787,8.1,8.45,412.0,48.0,0.09,5.66
2021/10/25 06:00:00,白洋湾金墅水源地3,120.3838,31.3787,8.1,8.47,412.0,49.0,0.09,5.69
2021/10/25 12:00:00,白洋湾金墅水源地3,120.3838,31.3787,8.1,8.49,412.0,50.0,0.09,5.72
2021/10/25 18:00:00,白洋湾金墅水源地3,120.3838,31.3787,8.1,8.51,412.0,52.0,0.09,5.75
2021/10/26 00:00:00,白洋湾金墅水源地3,120.3838,31.3787,8.1,8.53,412.0,53.0,0.09,5.79
2021/10/26 06:00:00,白洋湾金墅水源地3,120.3838,31.3787,8.1,8.55,412.0,54.0,0.09,5.82
2021/10/26 12:00:00,白洋湾金墅水源地3,120.3838,31.3787,8.1,8.58,411.0,56.0,0.09,5.86
2021/10/26 18:00:00,白洋湾金墅水源地3,120.3838,31.3787,8.1,8.6,411.0,57.0,0.09,5.9
2021/10/27 00:00:00,白洋湾金墅水源地3,120.3838,31.3787,8.1,8.62,411.0,59.0,0.1,5.94
2021/10/27 06:00:00,白洋湾金墅水源地3,120.3838,31.3787,8.1,8.64,411.0,60.0,0.1,5.98
2021/10/27 12:00:00,白洋湾金墅水源地3,120.3838,31.3787,8.1,8.66,410.0,62.0,0.1,6.03
2021/10/27 18:00:00,白洋湾金墅水源地3,120.3838,31.3787,8.1,8.69,410.0,64.0,0.1,6.07
2021/10/28 00:00:00,白洋湾金墅水源地3,120.3838,31.3787,8.1,8.71,410.0,65.0,0.1,6.12
2021/10/28 06:00:00,白洋湾金墅水源地3,120.3838,31.3787,8.1,8.73,410.0,67.0,0.1,6.16
2021/10/28 12:00:00,白洋湾金墅水源地3,120.3838,31.3787,8.1,8.75,409.0,69.0,0.1,6.21
2021/10/28 18:00:00,白洋湾金墅水源地3,120.3838,31.3787,8.1,8.78,409.0,71.0,0.1,6.26
2021/10/29 00:00:00,白洋湾金墅水源地3,120.3838,31.3787,8.1,8.8,408.0,72.0,0.1,6.3
2021/10/29 06:00:00,白洋湾金墅水源地3,120.3838,31.3787,8.1,8.82,408.0,74.0,0.1,6.35
2021/10/29 12:00:00,白洋湾金墅水源地3,120.3838,31.3787,8.1,8.84,408.0,76.0,0.11,6.39
2021/10/29 18:00:00,白洋湾金墅水源地3,120.3838,31.3787,8.1,8.87,407.0,77.0,0.11,6.44
2021/10/30 00:00:00,白洋湾金墅水源地3,120.3838,31.3787,8.1,8.89,407.0,79.0,0.11,6.48
2021/10/30 06:00:00,白洋湾金墅水源地3,120.3838,31.3787,8.0,8.91,406.0,81.0,0.11,6.53
2021/10/30 12:00:00,白洋湾金墅水源地3,120.3838,31.3787,8.0,8.93,406.0,83.0,0.11,6.57
2021/10/30 18:00:00,白洋湾金墅水源地3,120.3838,31.3787,8.0,8.95,406.0,84.0,0.11,6.61
2021/10/31 00:00:00,白洋湾金墅水源地3,120.3838,31.3787,8.0,8.97,405.0,86.0,0.11,6.65
2021/10/31 06:00:00,白洋湾金墅水源地3,120.3838,31.3787,8.0,9.0,405.0,87.0,0.11,6.69
2021/10/31 12:00:00,白洋湾金墅水源地3,120.3838,31.3787,8.0,9.02,404.0,89.0,0.11,6.73
2021/10/31 18:00:00,白洋湾金墅水源地3,120.3838,31.3787,8.0,9.04,404.0,90.0,0.11,6.77
2021/11/01 00:00:00,白洋湾金墅水源地3,120.3838,31.3787,8.0,9.06,403.0,92.0,0.11,6.8
2021/11/01 06:00:00,白洋湾金墅水源地3,120.3838,31.3787,8.0,9.08,403.0,93.0,0.12,6.83
2021/11/01 12:00:00,白洋湾金墅水源地3,120.3838,31.3787,8.0,9.1,402.0,94.0,0.12,6.86
2021/11/01 18:00:00,白洋湾金墅水源地3,120.3838,31.3787,8.0,9.11,402.0,96.0,0.12,6.89
2021/11/02 00:00:00,白洋湾金墅水源地3,120.3838,31.3787,8.0,9.13,402.0,97.0,0.12,6.91
2021/11/02 06:00:00,白洋湾金墅水源地3,120.3838,31.3787,8.0,9.15,401.0,98.0,0.12,6.93
2021/11/02 12:00:00,白洋湾金墅水源地3,120.3838,31.3787,8.0,9.17,401.0,99.0,0.12,6.95
2021/11/02 18:00:00,白洋湾金墅水源地3,120.3838,31.3787,8.0,9.18,400.0,100.0,0.12,6.96
2021/11/03 00:00:00,白洋湾金墅水源地3,120.3838,31.3787,8.0,9.2,400.0,101.0,0.12,6.97
2021/11/03 06:00:00,白洋湾金墅水源地3,120.3838,31.3787,8.0,9.21,399.0,102.0,0.12,6.98
2021/11/03 12:00:00,白洋湾金墅水源地3,120.3838,31.3787,7.9,9.23,399.0,102.0,0.12,6.98
2021/11/03 18:00:00,白洋湾金墅水源地3,120.3838,31.3787,7.9,9.24,399.0,103.0,0.12,6.98
2021/11/04 00:00:00,白洋湾金墅水源地3,120.3838,31.3787,7.9,9.25,398.0,103.0,0.12,6.98
2021/11/04 06:00:00,白洋湾金墅水源地3,120.3838,31.3787,7.9,9.27,398.0,104.0,0.12,6.97
2021/11/04 12:00:00,白洋湾金墅水源地3,120.3838,31.3787,7.9,9.28,397.0,104.0,0.12,6.96
2021/11/04 18:00:00,白洋湾金墅水源地3,120.3838,31.3787,7.9,9.29,397.0,104.0,0.12,6.94
2021/11/05 00:00:00,白洋湾金墅水源地3,120.3838,31.3787,7.9,9.3,397.0,104.0,0.12,6.92
2021/11/05 06:00:00,白洋湾金墅水源地3,120.3838,31.3787,7.9,9.31,397.0,104.0,0.12,6.89
2021/11/05 12:00:00,白洋湾金墅水源地3,120.3838,31.3787,7.9,9.32,396.0,104.0,0.12,6.86
2021/11/05 18:00:00,白洋湾金墅水源地3,120.3838,31.3787,7.9,9.32,396.0,103.0,0.12,6.83
2021/11/06 00:00:00,白洋湾金墅水源地3,120.3838,31.3787,7.9,9.33,396.0,103.0,0.12,6.79
2021/11/06 06:00:00,白洋湾金墅水源地3,120.3838,31.3787,7.9,9.33,395.0,102.0,0.12,6.75
2021/11/06 12:00:00,白洋湾金墅水源地3,120.3838,31.3787,7.9,9.34,395.0,102.0,0.12,6.7
2021/11/06 18:00:00,白洋湾金墅水源地3,120.3838,31.3787,7.9,9.34,395.0,101.0,0.12,6.65
2021/11/07 00:00:00,白洋湾金墅水源地3,120.3838,31.3787,7.9,9.35,395.0,100.0,0.12,6.6
2021/11/07 06:00:00,白洋湾金墅水源地3,120.3838,31.3787,7.9,9.35,395.0,99.0,0.12,6.55
2021/11/07 12:00:00,白洋湾金墅水源地3,120.3838,31.3787,7.9,9.35,394.0,98.0,0.12,6.49
2021/11/07 18:00:00,白洋湾金墅水源地3,120.3838,31.3787,7.9,9.36,394.0,97.0,0.12,6.43
2021/11/08 00:00:00,白洋湾金墅水源地3,120.3838,31.3787,7.9,9.36,394.0,96.0,0.11,6.37
2021/11/08 06:00:00,白洋湾金墅水源地3,120.3838,31.3787,7.9,9.36,394.0,95.0,0.11,6.3
2021/11/08 12:00:00,白洋湾金墅水源地3,120.3838,31.3787,7.9,9.36,394.0,94.0,0.11,6.24
2021/11/08 18:00:00,白洋湾金墅水源地3,120.3838,31.3787,7.9,9.36,394.0,92.0,0.11,6.17
2021/11/09 00:00:00,白洋湾金墅水源地3,120.3838,31.3787,7.9,9.36,393.0,91.0,0.11,6.1
2021/11/09 06:00:00,白洋湾金墅水源地3,120.3838,31.3787,7.9,9.36,393.0,90.0,0.11,6.03
2021/11/09 12:00:00,白洋湾金墅水源地3,120.3838,31.3787,7.9,9.36,393.0,88.0,0.11,5.96
2021/11/09 18:00:00,白洋湾金墅水源地3,120.3838,31.3787,8.0,9.36,393.0,87.0,0.11,5.88
2021/11/10 00:00:00,白洋湾金墅水源地3,120.3838,31.3787,8.0,9.35,393.0,86.0,0.11,5.81
2021/11/10 06:00:00,白洋湾金墅水源地3,120.3838,31.3787,8.0,9.35,393.0,84.0,0.11,5.73
2021/11/10 12:00:00,白洋湾金墅水源地3,120.3838,31.3787,8.0,9.35,393.0,83.0,0.11,5.66
2021/11/10 18:00:00,白洋湾金墅水源地3,120.3838,31.3787,8.0,9.35,393.0,81.0,0.1,5.58
2021/11/11 00:00:00,白洋湾金墅水源地3,120.3838,31.3787,8.0,9.34,393.0,80.0,0.1,5.5
2021/11/11 06:00:00,白洋湾金墅水源地3,120.3838,31.3787,8.0,9.34,393.0,78.0,0.1,5.42
2021/11/11 12:00:00,白洋湾金墅水源地3,120.3838,31.3787,8.0,9.34,393.0,77.0,0.1,5.35
2021/11/11 18:00:00,白洋湾金墅水源地3,120.3838,31.3787,8.0,9.33,392.0,75.0,0.1,5.27
2021/11/12 00:00:00,白洋湾金墅水源地3,120.3838,31.3787,8.0,9.33,392.0,74.0,0.1,5.19
2021/11/12 06:00:00,白洋湾金墅水源地3,120.3838,31.3787,8.0,9.33,392.0,72.0,0.1,5.12
2021/11/12 12:00:00,白洋湾金墅水源地3,120.3838,31.3787,8.0,9.32,392.0,71.0,0.1,5.04
2021/11/12 18:00:00,白洋湾金墅水源地3,120.3838,31.3787,8.0,9.32,392.0,69.0,0.1,4.97
2021/11/13 00:00:00,白洋湾金墅水源地3,120.3838,31.3787,8.0,9.31,392.0,68.0,0.1,4.9
2021/11/13 06:00:00,白洋湾金墅水源地3,120.3838,31.3787,8.0,9.31,392.0,67.0,0.09,4.82
2021/11/13 12:00:00,白洋湾金墅水源地3,120.3838,31.3787,8.0,9.31,392.0,65.0,0.09,4.75
2021/11/13 18:00:00,白洋湾金墅水源地3,120.3838,31.3787,8.0,9.3,392.0,64.0,0.09,4.68
2021/11/14 00:00:00,白洋湾金墅水源地3,120.3838,31.3787,8.0,9.3,392.0,63.0,0.09,4.62
2021/11/14 06:00:00,白洋湾金墅水源地3,120.3838,31.3787,8.0,9.29,392.0,62.0,0.09,4.55
2021/11/14 12:00:00,白洋湾金墅水源地3,120.3838,31.3787,8.0,9.29,392.0,61.0,0.09,4.49
2021/11/14 18:00:00,白洋湾金墅水源地3,120.3838,31.3787,8.0,9.29,392.0,59.0,0.09,4.43
2021/11/15 00:00:00,白洋湾金墅水源地3,120.3838,31.3787,8.0,9.28,392.0,58.0,0.09,4.37
2021/11/15 06:00:00,白洋湾金墅水源地3,120.3838,31.3787,8.0,9.28,392.0,58.0,0.09,4.31
2021/11/15 12:00:00,白洋湾金墅水源地3,120.3838,31.3787,8.0,9.28,392.0,57.0,0.09,4.26
2021/11/15 18:00:00,白洋湾金墅水源地3,120.3838,31.3787,8.0,9.27,392.0,56.0,0.09,4.21
2021/11/16 00:00:00,白洋湾金墅水源地3,120.3838,31.3787,8.0,9.27,392.0,55.0,0.09,4.16
2021/11/16 06:00:00,白洋湾金墅水源地3,120.3838,31.3787,8.0,9.27,392.0,55.0,0.08,4.12
2021/11/16 12:00:00,白洋湾金墅水源地3,120.3838,31.3787,8.0,9.27,392.0,54.0,0.08,4.07
2021/11/16 18:00:00,白洋湾金墅水源地3,120.3838,31.3787,8.0,9.27,392.0,53.0,0.08,4.03
2021/11/17 00:00:00,白洋湾金墅水源地3,120.3838,31.3787,8.0,9.26,392.0,53.0,0.08,3.99
2021/11/17 06:00:00,白洋湾金墅水源地3,120.3838,31.3787,8.0,9.26,392.0,52.0,0.08,3.96
2021/11/17 12:00:00,白洋湾金墅水源地3,120.3838,31.3787,8.0,9.26,392.0,52.0,0.08,3.92
2021/11/17 18:00:00,白洋湾金墅水源地3,120.3838,31.3787,8.0,9.26,392.0,52.0,0.08,3.89
2021/11/18 00:00:00,白洋湾金墅水源地3,120.3838,31.3787,7.9,9.26,392.0,51.0,0.08,3.86
2021/11/18 06:00:00,白洋湾金墅水源地3,120.3838,31.3787,7.9,9.26,392.0,51.0,0.08,3.83
2021/11/18 12:00:00,白洋湾金墅水源地3,120.3838,31.3787,7.9,9.26,392.0,51.0,0.08,3.8
2021/11/18 18:00:00,白洋湾金墅水源地3,120.3838,31.3787,7.9,9.26,392.0,51.0,0.08,3.78
2021/11/19 00:00:00,白洋湾金墅水源地3,120.3838,31.3787,7.9,9.26,392.0,50.0,0.08,3.75
2021/11/19 06:00:00,白洋湾金墅水源地3,120.3838,31.3787,7.9,9.26,392.0,50.0,0.08,3.73
2021/11/19 12:00:00,白洋湾金墅水源地3,120.3838,31.3787,7.9,9.26,392.0,50.0,0.08,3.71
2021/11/19 18:00:00,白洋湾金墅水源地3,120.3838,31.3787,7.9,9.26,392.0,50.0,0.08,3.69
2021/11/20 00:00:00,白洋湾金墅水源地3,120.3838,31.3787,7.9,9.27,393.0,50.0,0.08,3.67
2021/11/20 06:00:00,白洋湾金墅水源地3,120.3838,31.3787,7.9,9.27,393.0,50.0,0.08,3.66
2021/11/20 12:00:00,白洋湾金墅水源地3,120.3838,31.3787,7.9,9.27,393.0,50.0,0.08,3.64
2021/11/20 18:00:00,白洋湾金墅水源地3,120.3838,31.3787,7.9,9.28,393.0,50.0,0.08,3.63
2021/11/21 00:00:00,白洋湾金墅水源地3,120.3838,31.3787,7.9,9.28,393.0,50.0,0.08,3.61
2021/11/21 06:00:00,白洋湾金墅水源地3,120.3838,31.3787,7.9,9.28,393.0,50.0,0.08,3.6
2021/11/21 12:00:00,白洋湾金墅水源地3,120.3838,31.3787,7.9,9.29,393.0,50.0,0.08,3.59
2021/11/21 18:00:00,白洋湾金墅水源地3,120.3838,31.3787,7.9,9.29,393.0,50.0,0.07,3.58
2021/11/22 00:00:00,白洋湾金墅水源地3,120.3838,31.3787,7.9,9.3,393.0,50.0,0.07,3.57
2021/11/22 06:00:00,白洋湾金墅水源地3,120.3838,31.3787,7.9,9.31,394.0,50.0,0.07,3.56
2021/11/22 12:00:00,白洋湾金墅水源地3,120.3838,31.3787,7.8,9.31,394.0,51.0,0.07,3.55
2021/11/22 18:00:00,白洋湾金墅水源地3,120.3838,31.3787,7.8,9.32,394.0,51.0,0.07,3.55
2021/11/23 00:00:00,白洋湾金墅水源地3,120.3838,31.3787,7.8,9.33,394.0,51.0,0.07,3.54
2021/11/23 06:00:00,白洋湾金墅水源地3,120.3838,31.3787,7.8,9.33,394.0,51.0,0.07,3.53
2021/11/23 12:00:00,白洋湾金墅水源地3,120.3838,31.3787,7.8,9.34,395.0,51.0,0.07,3.53
2021/11/23 18:00:00,白洋湾金墅水源地3,120.3838,31.3787,7.8,9.35,395.0,51.0,0.07,3.52
2021/11/24 00:00:00,白洋湾金墅水源地3,120.3838,31.3787,7.8,9.36,395.0,51.0,0.07,3.52
2021/11/24 06:00:00,白洋湾金墅水源地3,120.3838,31.3787,7.8,9.37,395.0,51.0,0.07,3.51
2021/11/24 12:00:00,白洋湾金墅水源地3,120.3838,31.3787,7.8,9.38,396.0,51.0,0.07,3.51
2021/11/24 18:00:00,白洋湾金墅水源地3,120.3838,31.3787,7.8,9.39,396.0,51.0,0.07,3.5
2021/11/25 00:00:00,白洋湾金墅水源地3,120.3838,31.3787,7.8,9.41,396.0,51.0,0.07,3.5
2021/11/25 06:00:00,白洋湾金墅水源地3,120.3838,31.3787,7.8,9.42,396.0,51.0,0.07,3.49
2021/11/25 12:00:00,白洋湾金墅水源地3,120.3838,31.3787,7.8,9.43,397.0,51.0,0.07,3.49
2021/11/25 18:00:00,白洋湾金墅水源地3,120.3838,31.3787,7.8,9.45,397.0,51.0,0.07,3.48
2021/11/26 00:00:00,白洋湾金墅水源地3,120.3838,31.3787,7.8,9.46,398.0,51.0,0.07,3.48
2021/11/26 06:00:00,白洋湾金墅水源地3,120.3838,31.3787,7.8,9.47,398.0,50.0,0.07,3.47
2021/11/26 12:00:00,白洋湾金墅水源地3,120.3838,31.3787,7.8,9.49,398.0,50.0,0.07,3.47
2021/11/26 18:00:00,白洋湾金墅水源地3,120.3838,31.3787,7.8,9.51,399.0,50.0,0.07,3.46
2021/11/27 00:00:00,白洋湾金墅水源地3,120.3838,31.3787,7.8,9.52,399.0,50.0,0.07,3.45
2021/11/27 06:00:00,白洋湾金墅水源地3,120.3838,31.3787,7.8,9.54,400.0,50.0,0.07,3.45
2021/11/27 12:00:00,白洋湾金墅水源地3,120.3838,31.3787,7.8,9.56,400.0,49.0,0.07,3.44
2021/11/27 18:00:00,白洋湾金墅水源地3,120.3838,31.3787,7.8,9.57,401.0,49.0,0.07,3.44
2021/11/28 00:00:00,白洋湾金墅水源地3,120.3838,31.3787,7.8,9.59,401.0,49.0,0.07,3.43
2021/11/28 06:00:00,白洋湾金墅水源地3,120.3838,31.3787,7.8,9.61,401.0,48.0,0.07,3.42
2021/11/28 12:00:00,白洋湾金墅水源地3,120.3838,31.3787,7.8,9.63,402.0,48.0,0.07,3.42
2021/11/28 18:00:00,白洋湾金墅水源地3,120.3838,31.3787,7.8,9.65,402.0,48.0,0.07,3.41
2021/11/29 00:00:00,白洋湾金墅水源地3,120.3838,31.3787,7.8,9.66,403.0,47.0,0.07,3.41
2021/11/29 06:00:00,白洋湾金墅水源地3,120.3838,31.3787,7.8,9.68,403.0,47.0,0.07,3.4
2021/11/29 12:00:00,白洋湾金墅水源地3,120.3838,31.3787,7.8,9.7,404.0,47.0,0.07,3.4
2021/11/29 18:00:00,白洋湾金墅水源地3,120.3838,31.3787,7.8,9.72,404.0,46.0,0.07,3.39
2021/11/30 00:00:00,白洋湾金墅水源地3,120.3838,31.3787,7.8,9.74,405.0,46.0,0.07,3.39
2021/11/30 06:00:00,白洋湾金墅水源地3,120.3838,31.3787,7.8,9.76,405.0,45.0,0.07,3.38
2021/11/30 12:00:00,白洋湾金墅水源地3,120.3838,31.3787,7.8,9.78,406.0,45.0,0.07,3.38
2021/11/30 18:00:00,白洋湾金墅水源地3,120.3838,31.3787,7.8,9.8,407.0,45.0,0.07,3.37
2021/12/01 00:00:00,白洋湾金墅水源地3,120.3838,31.3787,7.8,9.82,407.0,44.0,0.07,3.37
2021/12/01 06:00:00,白洋湾金墅水源地3,120.3838,31.3787,7.8,9.83,408.0,44.0,0.07,3.36
2021/12/01 12:00:00,白洋湾金墅水源地3,120.3838,31.3787,7.8,9.85,408.0,43.0,0.08,3.36
2021/12/01 18:00:00,白洋湾金墅水源地3,120.3838,31.3787,7.8,9.87,409.0,43.0,0.08,3.35
2021/12/02 00:00:00,白洋湾金墅水源地3,120.3838,31.3787,7.8,9.89,409.0,42.0,0.08,3.35
2021/12/02 06:00:00,白洋湾金墅水源地3,120.3838,31.3787,7.8,9.91,410.0,42.0,0.08,3.35
2021/12/02 12:00:00,白洋湾金墅水源地3,120.3838,31.3787,7.8,9.92,410.0,42.0,0.08,3.34
2021/12/02 18:00:00,白洋湾金墅水源地3,120.3838,31.3787,7.8,9.94,411.0,41.0,0.08,3.34
2021/12/03 00:00:00,白洋湾金墅水源地3,120.3838,31.3787,7.8,9.96,411.0,41.0,0.08,3.34
2021/12/03 06:00:00,白洋湾金墅水源地3,120.3838,31.3787,7.8,9.97,412.0,40.0,0.08,3.34
2021/12/03 12:00:00,白洋湾金墅水源地3,120.3838,31.3787,7.8,9.99,412.0,40.0,0.08,3.34
2021/12/03 18:00:00,白洋湾金墅水源地3,120.3838,31.3787,7.8,10.0,413.0,39.0,0.08,3.34
2021/12/04 00:00:00,白洋湾金墅水源地3,120.3838,31.3787,7.8,10.02,413.0,39.0,0.08,3.34
2021/12/04 06:00:00,白洋湾金墅水源地3,120.3838,31.3787,7.8,10.03,414.0,39.0,0.08,3.34
2021/12/04 12:00:00,白洋湾金墅水源地3,120.3838,31.3787,7.9,10.05,414.0,38.0,0.08,3.34
2021/12/04 18:00:00,白洋湾金墅水源地3,120.3838,31.3787,7.9,10.06,414.0,38.0,0.08,3.34
2021/12/05 00:00:00,白洋湾金墅水源地3,120.3838,31.3787,7.9,10.07,415.0,37.0,0.08,3.34
2021/12/05 06:00:00,白洋湾金墅水源地3,120.3838,31.3787,7.9,10.08,415.0,37.0,0.08,3.34
2021/12/05 12:00:00,白洋湾金墅水源地3,120.3838,31.3787,7.9,10.09,416.0,37.0,0.08,3.34
2021/12/05 18:00:00,白洋湾金墅水源地3,120.3838,31.3787,7.9,10.1,416.0,36.0,0.08,3.35
2021/12/06 00:00:00,白洋湾金墅水源地3,120.3838,31.3787,7.9,10.11,416.0,36.0,0.08,3.35
2021/12/06 06:00:00,白洋湾金墅水源地3,120.3838,31.3787,7.9,10.12,417.0,36.0,0.07,3.35
2021/12/06 12:00:00,白洋湾金墅水源地3,120.3838,31.3787,7.9,10.13,417.0,35.0,0.07,3.36
2021/12/06 18:00:00,白洋湾金墅水源地3,120.3838,31.3787,7.9,10.14,418.0,35.0,0.07,3.36
2021/12/07 00:00:00,白洋湾金墅水源地3,120.3838,31.3787,7.9,10.14,418.0,35.0,0.07,3.37
2021/12/07 06:00:00,白洋湾金墅水源地3,120.3838,31.3787,7.9,10.15,418.0,35.0,0.07,3.38
2021/12/07 12:00:00,白洋湾金墅水源地3,120.3838,31.3787,7.9,10.15,418.0,34.0,0.07,3.38
2021/12/07 18:00:00,白洋湾金墅水源地3,120.3838,31.3787,7.9,10.16,419.0,34.0,0.07,3.39
2021/12/08 00:00:00,白洋湾金墅水源地3,120.3838,31.3787,7.9,10.16,419.0,34.0,0.07,3.4
2021/12/08 06:00:00,白洋湾金墅水源地3,120.3838,31.3787,7.9,10.16,419.0,34.0,0.07,3.41
2021/12/08 12:00:00,白洋湾金墅水源地3,120.3838,31.3787,7.9,10.17,419.0,34.0,0.07,3.42
2021/12/08 18:00:00,白洋湾金墅水源地3,120.3838,31.3787,7.9,10.17,420.0,34.0,0.07,3.42
2021/12/09 00:00:00,白洋湾金墅水源地3,120.3838,31.3787,7.9,10.17,420.0,34.0,0.07,3.43
2021/12/09 06:00:00,白洋湾金墅水源地3,120.3838,31.3787,7.9,10.17,420.0,34.0,0.07,3.44
2021/12/09 12:00:00,白洋湾金墅水源地3,120.3838,31.3787,7.9,10.18,420.0,34.0,0.07,3.45
2021/12/09 18:00:00,白洋湾金墅水源地3,120.3838,31.3787,7.9,10.18,420.0,34.0,0.07,3.46
2021/12/10 00:00:00,白洋湾金墅水源地3,120.3838,31.3787,7.9,10.18,421.0,34.0,0.07,3.47
2021/12/10 06:00:00,白洋湾金墅水源地3,120.3838,31.3787,7.9,10.18,421.0,34.0,0.07,3.48
2021/12/10 12:00:00,白洋湾金墅水源地3,120.3838,31.3787,7.9,10.18,421.0,34.0,0.07,3.49
2021/12/10 18:00:00,白洋湾金墅水源地3,120.3838,31.3787,7.9,10.19,421.0,34.0,0.07,3.5
2021/12/11 00:00:00,白洋湾金墅水源地3,120.3838,31.3787,7.9,10.19,421.0,34.0,0.07,3.51
2021/12/11 06:00:00,白洋湾金墅水源地3,120.3838,31.3787,7.9,10.19,421.0,34.0,0.07,3.52
2021/12/11 12:00:00,白洋湾金墅水源地3,120.3838,31.3787,7.9,10.19,421.0,35.0,0.07,3.53
2021/12/11 18:00:00,白洋湾金墅水源地3,120.3838,31.3787,7.9,10.19,421.0,35.0,0.07,3.54
2021/12/12 00:00:00,白洋湾金墅水源地3,120.3838,31.3787,7.9,10.2,422.0,35.0,0.07,3.55
2021/12/12 06:00:00,白洋湾金墅水源地3,120.3838,31.3787,7.9,10.2,422.0,35.0,0.07,3.56
2021/12/12 12:00:00,白洋湾金墅水源地3,120.3838,31.3787,7.9,10.2,422.0,36.0,0.07,3.57
2021/12/12 18:00:00,白洋湾金墅水源地3,120.3838,31.3787,7.9,10.21,422.0,36.0,0.07,3.58
2021/12/13 00:00:00,白洋湾金墅水源地3,120.3838,31.3787,7.9,10.21,422.0,36.0,0.07,3.59
2021/12/13 06:00:00,白洋湾金墅水源地3,120.3838,31.3787,7.9,10.22,422.0,37.0,0.07,3.6
2021/12/13 12:00:00,白洋湾金墅水源地3,120.3838,31.3787,7.9,10.22,422.0,37.0,0.07,3.61
2021/12/13 18:00:00,白洋湾金墅水源地3,120.3838,31.3787,7.9,10.23,422.0,38.0,0.07,3.61
2021/12/14 00:00:00,白洋湾金墅水源地3,120.3838,31.3787,7.9,10.23,422.0,38.0,0.07,3.62
2021/12/14 06:00:00,白洋湾金墅水源地3,120.3838,31.3787,7.9,10.24,422.0,39.0,0.07,3.63
2021/12/14 12:00:00,白洋湾金墅水源地3,120.3838,31.3787,7.9,10.25,422.0,40.0,0.07,3.64
2021/12/14 18:00:00,白洋湾金墅水源地3,120.3838,31.3787,7.9,10.26,422.0,40.0,0.07,3.64
2021/12/15 00:00:00,白洋湾金墅水源地3,120.3838,31.3787,7.9,10.27,422.0,41.0,0.06,3.65
2021/12/15 06:00:00,白洋湾金墅水源地3,120.3838,31.3787,7.9,10.28,422.0,42.0,0.06,3.66
2021/12/15 12:00:00,白洋湾金墅水源地3,120.3838,31.3787,7.9,10.29,422.0,43.0,0.06,3.66
2021/12/15 18:00:00,白洋湾金墅水源地3,120.3838,31.3787,7.9,10.3,422.0,44.0,0.06,3.67
2021/12/16 00:00:00,白洋湾金墅水源地3,120.3838,31.3787,7.9,10.32,422.0,44.0,0.06,3.67
2021/12/16 06:00:00,白洋湾金墅水源地3,120.3838,31.3787,7.9,10.33,422.0,45.0,0.06,3.67
2021/12/16 12:00:00,白洋湾金墅水源地3,120.3838,31.3787,7.9,10.35,422.0,46.0,0.06,3.68
2021/12/16 18:00:00,白洋湾金墅水源地3,120.3838,31.3787,7.9,10.37,422.0,47.0,0.06,3.68
2021/12/17 00:00:00,白洋湾金墅水源地3,120.3838,31.3787,7.9,10.39,422.0,48.0,0.06,3.68
2021/12/17 06:00:00,白洋湾金墅水源地3,120.3838,31.3787,7.9,10.41,422.0,50.0,0.06,3.68
2021/12/17 12:00:00,白洋湾金墅水源地3,120.3838,31.3787,7.9,10.43,421.0,51.0,0.06,3.68
2021/12/17 18:00:00,白洋湾金墅水源地3,120.3838,31.3787,7.9,10.45,421.0,52.0,0.06,3.68
2021/12/18 00:00:00,白洋湾金墅水源地3,120.3838,31.3787,7.9,10.47,421.0,53.0,0.06,3.68
2021/12/18 06:00:00,白洋湾金墅水源地3,120.3838,31.3787,7.9,10.49,421.0,54.0,0.06,3.67
2021/12/18 12:00:00,白洋湾金墅水源地3,120.3838,31.3787,7.9,10.52,421.0,56.0,0.06,3.67
2021/12/18 18:00:00,白洋湾金墅水源地3,120.3838,31.3787,7.9,10.54,421.0,57.0,0.06,3.67
2021/12/19 00:00:00,白洋湾金墅水源地3,120.3838,31.3787,7.9,10.57,421.0,58.0,0.06,3.67
2021/12/19 06:00:00,白洋湾金墅水源地3,120.3838,31.3787,7.9,10.6,421.0,59.0,0.06,3.66
2021/12/19 12:00:00,白洋湾金墅水源地3,120.3838,31.3787,7.9,10.62,421.0,61.0,0.06,3.66
2021/12/19 18:00:00,白洋湾金墅水源地3,120.3838,31.3787,7.9,10.65,421.0,62.0,0.06,3.65
2021/12/20 00:00:00,白洋湾金墅水源地3,120.3838,31.3787,7.9,10.68,421.0,63.0,0.06,3.65
2021/12/20 06:00:00,白洋湾金墅水源地3,120.3838,31.3787,7.9,10.71,421.0,65.0,0.06,3.64
2021/12/20 12:00:00,白洋湾金墅水源地3,120.3838,31.3787,7.9,10.73,421.0,66.0,0.06,3.63
2021/12/20 18:00:00,白洋湾金墅水源地3,120.3838,31.3787,7.9,10.76,420.0,67.0,0.06,3.63
2021/12/21 00:00:00,白洋湾金墅水源地3,120.3838,31.3787,7.9,10.79,420.0,69.0,0.06,3.62
2021/12/21 06:00:00,白洋湾金墅水源地3,120.3838,31.3787,7.9,10.82,420.0,70.0,0.06,3.61
2021/12/21 12:00:00,白洋湾金墅水源地3,120.3838,31.3787,7.9,10.85,420.0,71.0,0.06,3.61
2021/12/21 18:00:00,白洋湾金墅水源地3,120.3838,31.3787,7.9,10.88,420.0,73.0,0.06,3.6
2021/12/22 00:00:00,白洋湾金墅水源地3,120.3838,31.3787,7.9,10.91,420.0,74.0,0.06,3.59
2021/12/22 06:00:00,白洋湾金墅水源地3,120.3838,31.3787,7.9,10.93,420.0,75.0,0.06,3.58
2021/12/22 12:00:00,白洋湾金墅水源地3,120.3838,31.3787,7.9,10.96,420.0,76.0,0.06,3.57
2021/12/22 18:00:00,白洋湾金墅水源地3,120.3838,31.3787,7.8,10.99,420.0,78.0,0.06,3.56
2021/12/23 00:00:00,白洋湾金墅水源地3,120.3838,31.3787,7.8,11.02,420.0,79.0,0.06,3.55
2021/12/23 06:00:00,白洋湾金墅水源地3,120.3838,31.3787,7.8,11.04,420.0,80.0,0.06,3.54
2021/12/23 12:00:00,白洋湾金墅水源地3,120.3838,31.3787,7.8,11.07,420.0,81.0,0.06,3.53
2021/12/23 18:00:00,白洋湾金墅水源地3,120.3838,31.3787,7.8,11.1,419.0,82.0,0.06,3.52
2021/12/24 00:00:00,白洋湾金墅水源地3,120.3838,31.3787,7.8,11.12,419.0,83.0,0.06,3.51
2021/12/24 06:00:00,白洋湾金墅水源地3,120.3838,31.3787,7.8,11.15,419.0,84.0,0.06,3.5
2021/12/24 12:00:00,白洋湾金墅水源地3,120.3838,31.3787,7.8,11.17,419.0,85.0,0.06,3.49
2021/12/24 18:00:00,白洋湾金墅水源地3,120.3838,31.3787,7.8,11.19,419.0,86.0,0.06,3.48
2021/12/25 00:00:00,白洋湾金墅水源地3,120.3838,31.3787,7.8,11.22,419.0,87.0,0.06,3.47
2021/12/25 06:00:00,白洋湾金墅水源地3,120.3838,31.3787,7.8,11.24,419.0,88.0,0.06,3.46
2021/12/25 12:00:00,白洋湾金墅水源地3,120.3838,31.3787,7.8,11.26,419.0,88.0,0.06,3.45
2021/12/25 18:00:00,白洋湾金墅水源地3,120.3838,31.3787,7.8,11.28,419.0,89.0,0.06,3.44
2021/12/26 00:00:00,白洋湾金墅水源地3,120.3838,31.3787,7.8,11.29,419.0,89.0,0.06,3.42
2021/12/26 06:00:00,白洋湾金墅水源地3,120.3838,31.3787,7.8,11.31,419.0,90.0,0.06,3.41
2021/12/26 12:00:00,白洋湾金墅水源地3,120.3838,31.3787,7.8,11.33,419.0,90.0,0.06,3.4
2021/12/26 18:00:00,白洋湾金墅水源地3,120.3838,31.3787,7.8,11.34,419.0,91.0,0.06,3.39
2021/12/27 00:00:00,白洋湾金墅水源地3,120.3838,31.3787,7.8,11.35,419.0,91.0,0.06,3.38
2021/12/27 06:00:00,白洋湾金墅水源地3,120.3838,31.3787,7.9,11.36,419.0,91.0,0.06,3.37
2021/12/27 12:00:00,白洋湾金墅水源地3,120.3838,31.3787,7.9,11.37,419.0,91.0,0.06,3.36
2021/12/27 18:00:00,白洋湾金墅水源地3,120.3838,31.3787,7.9,11.38,419.0,91.0,0.06,3.35
2021/12/28 00:00:00,白洋湾金墅水源地3,120.3838,31.3787,7.9,11.39,419.0,91.0,0.06,3.34
2021/12/28 06:00:00,白洋湾金墅水源地3,120.3838,31.3787,7.9,11.4,419.0,91.0,0.06,3.33
2021/12/28 12:00:00,白洋湾金墅水源地3,120.3838,31.3787,7.9,11.4,419.0,91.0,0.06,3.32
2021/12/28 18:00:00,白洋湾金墅水源地3,120.3838,31.3787,7.9,11.41,419.0,91.0,0.07,3.31
2021/12/29 00:00:00,白洋湾金墅水源地3,120.3838,31.3787,7.9,11.41,419.0,91.0,0.07,3.3
2021/12/29 06:00:00,白洋湾金墅水源地3,120.3838,31.3787,7.9,11.41,419.0,90.0,0.07,3.28
2021/12/29 12:00:00,白洋湾金墅水源地3,120.3838,31.3787,7.9,11.41,419.0,90.0,0.07,3.27
2021/12/29 18:00:00,白洋湾金墅水源地3,120.3838,31.3787,7.9,11.41,419.0,89.0,0.07,3.27
2021/12/30 00:00:00,白洋湾金墅水源地3,120.3838,31.3787,7.9,11.41,419.0,89.0,0.07,3.26
2021/12/30 06:00:00,白洋湾金墅水源地3,120.3838,31.3787,7.9,11.41,420.0,88.0,0.07,3.25
2021/12/30 12:00:00,白洋湾金墅水源地3,120.3838,31.3787,7.9,11.41,420.0,88.0,0.07,3.24
2021/12/30 18:00:00,白洋湾金墅水源地3,120.3838,31.3787,7.9,11.4,420.0,87.0,0.07,3.23
2021/12/31 00:00:00,白洋湾金墅水源地3,120.3838,31.3787,7.9,11.4,420.0,87.0,0.07,3.22
2021/12/31 06:00:00,白洋湾金墅水源地3,120.3838,31.3787,7.9,11.39,420.0,86.0,0.07,3.21
2021/12/31 12:00:00,白洋湾金墅水源地3,120.3838,31.3787,7.9,11.39,420.0,85.0,0.07,3.2
2021/12/31 18:00:00,白洋湾金墅水源地3,120.3838,31.3787,7.9,11.38,420.0,85.0,0.07,3.19
2022/01/01 00:00:00,白洋湾金墅水源地3,120.3838,31.3787,7.9,11.38,420.0,84.0,0.07,3.18
2022/01/01 06:00:00,白洋湾金墅水源地3,120.3838,31.3787,7.9,11.37,420.0,83.0,0.07,3.17
2022/01/01 12:00:00,白洋湾金墅水源地3,120.3838,31.3787,7.9,11.36,420.0,82.0,0.07,3.17
2022/01/01 18:00:00,白洋湾金墅水源地3,120.3838,31.3787,7.9,11.36,421.0,82.0,0.07,3.16
2022/01/02 00:00:00,白洋湾金墅水源地3,120.3838,31.3787,7.9,11.35,421.0,81.0,0.07,3.15
2022/01/02 06:00:00,白洋湾金墅水源地3,120.3838,31.3787,7.9,11.34,421.0,80.0,0.07,3.14
2022/01/02 12:00:00,白洋湾金墅水源地3,120.3838,31.3787,7.9,11.33,421.0,79.0,0.07,3.14
2022/01/02 18:00:00,白洋湾金墅水源地3,120.3838,31.3787,7.9,11.33,421.0,78.0,0.07,3.13
2022/01/03 00:00:00,白洋湾金墅水源地3,120.3838,31.3787,7.9,11.32,421.0,78.0,0.07,3.12
2022/01/03 06:00:00,白洋湾金墅水源地3,120.3838,31.3787,7.9,11.31,421.0,77.0,0.07,3.12
2022/01/03 12:00:00,白洋湾金墅水源地3,120.3838,31.3787,7.9,11.3,421.0,76.0,0.07,3.11
2022/01/03 18:00:00,白洋湾金墅水源地3,120.3838,31.3787,7.9,11.3,422.0,76.0,0.07,3.1
2022/01/04 00:00:00,白洋湾金墅水源地3,120.3838,31.3787,7.9,11.29,422.0,75.0,0.07,3.1
2022/01/04 06:00:00,白洋湾金墅水源地3,120.3838,31.3787,7.9,11.28,422.0,74.0,0.07,3.09
2022/01/04 12:00:00,白洋湾金墅水源地3,120.3838,31.3787,7.9,11.28,422.0,73.0,0.07,3.09
2022/01/04 18:00:00,白洋湾金墅水源地3,120.3838,31.3787,7.9,11.27,422.0,73.0,0.07,3.08
2022/01/05 00:00:00,白洋湾金墅水源地3,120.3838,31.3787,8.0,11.26,422.0,72.0,0.08,3.08
2022/01/05 06:00:00,白洋湾金墅水源地3,120.3838,31.3787,8.0,11.26,423.0,72.0,0.08,3.07
2022/01/05 12:00:00,白洋湾金墅水源地3,120.3838,31.3787,8.0,11.25,423.0,71.0,0.08,3.07
2022/01/05 18:00:00,白洋湾金墅水源地3,120.3838,31.3787,8.0,11.25,423.0,71.0,0.08,3.07
2022/01/06 00:00:00,白洋湾金墅水源地3,120.3838,31.3787,8.0,11.25,423.0,70.0,0.08,3.06
2022/01/06 06:00:00,白洋湾金墅水源地3,120.3838,31.3787,8.0,11.24,423.0,70.0,0.08,3.06
2022/01/06 12:00:00,白洋湾金墅水源地3,120.3838,31.3787,8.0,11.24,423.0,70.0,0.08,3.06
2022/01/06 18:00:00,白洋湾金墅水源地3,120.3838,31.3787,8.0,11.24,424.0,69.0,0.08,3.06
2022/01/07 00:00:00,白洋湾金墅水源地3,120.3838,31.3787,8.0,11.24,424.0,69.0,0.08,3.05
2022/01/07 06:00:00,白洋湾金墅水源地3,120.3838,31.3787,8.0,11.24,424.0,69.0,0.08,3.05
2022/01/07 12:00:00,白洋湾金墅水源地3,120.3838,31.3787,8.0,11.24,424.0,69.0,0.08,3.05
2022/01/07 18:00:00,白洋湾金墅水源地3,120.3838,31.3787,8.0,11.24,424.0,69.0,0.08,3.05
2022/01/08 00:00:00,白洋湾金墅水源地3,120.3838,31.3787,8.0,11.24,424.0,69.0,0.08,3.05
2022/01/08 06:00:00,白洋湾金墅水源地3,120.3838,31.3787,8.0,11.24,425.0,69.0,0.08,3.05
2022/01/08 12:00:00,白洋湾金墅水源地3,120.3838,31.3787,8.0,11.25,425.0,69.0,0.08,3.05
2022/01/08 18:00:00,白洋湾金墅水源地3,120.3838,31.3787,8.0,11.25,425.0,69.0,0.08,3.05
2022/01/09 00:00:00,白洋湾金墅水源地3,120.3838,31.3787,8.0,11.25,425.0,69.0,0.08,3.05
2022/01/09 06:00:00,白洋湾金墅水源地3,120.3838,31.3787,8.0,11.26,425.0,70.0,0.08,3.05
2022/01/09 12:00:00,白洋湾金墅水源地3,120.3838,31.3787,8.0,11.26,425.0,70.0,0.08,3.05
2022/01/09 18:00:00,白洋湾金墅水源地3,120.3838,31.3787,8.0,11.27,426.0,70.0,0.08,3.05
2022/01/10 00:00:00,白洋湾金墅水源地3,120.3838,31.3787,8.0,11.27,426.0,70.0,0.08,3.05
2022/01/10 06:00:00,白洋湾金墅水源地3,120.3838,31.3787,8.0,11.28,426.0,71.0,0.08,3.05
2022/01/10 12:00:00,白洋湾金墅水源地3,120.3838,31.3787,8.0,11.28,426.0,71.0,0.08,3.05
2022/01/10 18:00:00,白洋湾金墅水源地3,120.3838,31.3787,8.0,11.29,426.0,71.0,0.08,3.06
2022/01/11 00:00:00,白洋湾金墅水源地3,120.3838,31.3787,8.0,11.29,426.0,72.0,0.08,3.06
2022/01/11 06:00:00,白洋湾金墅水源地3,120.3838,31.3787,8.0,11.3,426.0,72.0,0.08,3.06
2022/01/11 12:00:00,白洋湾金墅水源地3,120.3838,31.3787,8.0,11.31,427.0,73.0,0.08,3.06
2022/01/11 18:00:00,白洋湾金墅水源地3,120.3838,31.3787,8.0,11.31,427.0,73.0,0.08,3.06
2022/01/12 00:00:00,白洋湾金墅水源地3,120.3838,31.3787,8.0,11.32,427.0,74.0,0.08,3.06
2022/01/12 06:00:00,白洋湾金墅水源地3,120.3838,31.3787,8.0,11.32,427.0,74.0,0.08,3.07
2022/01/12 12:00:00,白洋湾金墅水源地3,120.3838,31.3787,8.0,11.33,427.0,75.0,0.08,3.07
2022/01/12 18:00:00,白洋湾金墅水源地3,120.3838,31.3787,8.0,11.33,427.0,75.0,0.08,3.07
2022/01/13 00:00:00,白洋湾金墅水源地3,120.3838,31.3787,8.0,11.34,427.0,76.0,0.08,3.07
2022/01/13 06:00:00,白洋湾金墅水源地3,120.3838,31.3787,8.0,11.34,427.0,76.0,0.08,3.08
2022/01/13 12:00:00,白洋湾金墅水源地3,120.3838,31.3787,8.0,11.35,428.0,77.0,0.08,3.08
2022/01/13 18:00:00,白洋湾金墅水源地3,120.3838,31.3787,8.0,11.35,428.0,77.0,0.08,3.08
2022/01/14 00:00:00,白洋湾金墅水源地3,120.3838,31.3787,8.0,11.36,428.0,78.0,0.08,3.08
2022/01/14 06:00:00,白洋湾金墅水源地3,120.3838,31.3787,8.0,11.36,428.0,78.0,0.08,3.09
2022/01/14 12:00:00,白洋湾金墅水源地3,120.3838,31.3787,8.0,11.36,428.0,79.0,0.08,3.09
2022/01/14 18:00:00,白洋湾金墅水源地3,120.3838,31.3787,8.0,11.37,428.0,79.0,0.08,3.09
2022/01/15 00:00:00,白洋湾金墅水源地3,120.3838,31.3787,8.0,11.37,428.0,80.0,0.08,3.1
2022/01/15 06:00:00,白洋湾金墅水源地3,120.3838,31.3787,8.0,11.37,428.0,80.0,0.08,3.1
2022/01/15 12:00:00,白洋湾金墅水源地3,120.3838,31.3787,8.0,11.37,428.0,81.0,0.08,3.1
2022/01/15 18:00:00,白洋湾金墅水源地3,120.3838,31.3787,8.0,11.37,428.0,81.0,0.08,3.1
2022/01/16 00:00:00,白洋湾金墅水源地3,120.3838,31.3787,8.0,11.37,428.0,82.0,0.08,3.1
2022/01/16 06:00:00,白洋湾金墅水源地3,120.3838,31.3787,8.0,11.37,428.0,82.0,0.08,3.11
2022/01/16 12:00:00,白洋湾金墅水源地3,120.3838,31.3787,8.0,11.37,428.0,83.0,0.08,3.11
2022/01/16 18:00:00,白洋湾金墅水源地3,120.3838,31.3787,8.0,11.37,428.0,83.0,0.08,3.11
2022/01/17 00:00:00,白洋湾金墅水源地3,120.3838,31.3787,8.0,11.36,428.0,84.0,0.08,3.11
2022/01/17 06:00:00,白洋湾金墅水源地3,120.3838,31.3787,8.0,11.36,429.0,84.0,0.08,3.12
2022/01/17 12:00:00,白洋湾金墅水源地3,120.3838,31.3787,8.0,11.35,429.0,84.0,0.08,3.12
2022/01/17 18:00:00,白洋湾金墅水源地3,120.3838,31.3787,8.0,11.35,429.0,84.0,0.08,3.12
2022/01/18 00:00:00,白洋湾金墅水源地3,120.3838,31.3787,8.0,11.34,428.0,85.0,0.08,3.12
2022/01/18 06:00:00,白洋湾金墅水源地3,120.3838,31.3787,8.0,11.33,428.0,85.0,0.08,3.12
2022/01/18 12:00:00,白洋湾金墅水源地3,120.3838,31.3787,8.0,11.32,428.0,85.0,0.08,3.12
2022/01/18 18:00:00,白洋湾金墅水源地3,120.3838,31.3787,8.0,11.32,428.0,85.0,0.09,3.12
2022/01/19 00:00:00,白洋湾金墅水源地3,120.3838,31.3787,8.0,11.31,428.0,86.0,0.09,3.12
2022/01/19 06:00:00,白洋湾金墅水源地3,120.3838,31.3787,8.0,11.3,428.0,86.0,0.09,3.13
2022/01/19 12:00:00,白洋湾金墅水源地3,120.3838,31.3787,8.0,11.29,428.0,86.0,0.09,3.13
2022/01/19 18:00:00,白洋湾金墅水源地3,120.3838,31.3787,8.0,11.28,428.0,86.0,0.09,3.13
2022/01/20 00:00:00,白洋湾金墅水源地3,120.3838,31.3787,8.0,11.26,428.0,86.0,0.09,3.13
2022/01/20 06:00:00,白洋湾金墅水源地3,120.3838,31.3787,8.0,11.25,428.0,86.0,0.09,3.13
2022/01/20 12:00:00,白洋湾金墅水源地3,120.3838,31.3787,8.0,11.24,428.0,86.0,0.09,3.13
2022/01/20 18:00:00,白洋湾金墅水源地3,120.3838,31.3787,8.0,11.23,428.0,86.0,0.09,3.13
2022/01/21 00:00:00,白洋湾金墅水源地3,120.3838,31.3787,8.0,11.22,428.0,86.0,0.09,3.13
2022/01/21 06:00:00,白洋湾金墅水源地3,120.3838,31.3787,8.0,11.21,428.0,86.0,0.09,3.13
2022/01/21 12:00:00,白洋湾金墅水源地3,120.3838,31.3787,8.0,11.19,428.0,86.0,0.09,3.13
2022/01/21 18:00:00,白洋湾金墅水源地3,120.3838,31.3787,8.0,11.18,428.0,86.0,0.09,3.13
2022/01/22 00:00:00,白洋湾金墅水源地3,120.3838,31.3787,8.0,11.17,428.0,86.0,0.09,3.13
2022/01/22 06:00:00,白洋湾金墅水源地3,120.3838,31.3787,8.0,11.16,428.0,85.0,0.09,3.13
2022/01/22 12:00:00,白洋湾金墅水源地3,120.3838,31.3787,8.0,11.14,428.0,85.0,0.09,3.13
2022/01/22 18:00:00,白洋湾金墅水源地3,120.3838,31.3787,7.9,11.13,428.0,85.0,0.09,3.13
2022/01/23 00:00:00,白洋湾金墅水源地3,120.3838,31.3787,7.9,11.12,428.0,85.0,0.09,3.13
2022/01/23 06:00:00,白洋湾金墅水源地3,120.3838,31.3787,7.9,11.11,428.0,84.0,0.09,3.12
2022/01/23 12:00:00,白洋湾金墅水源地3,120.3838,31.3787,7.9,11.1,428.0,84.0,0.09,3.12
2022/01/23 18:00:00,白洋湾金墅水源地3,120.3838,31.3787,7.9,11.08,429.0,84.0,0.09,3.12
2022/01/24 00:00:00,白洋湾金墅水源地3,120.3838,31.3787,7.9,11.07,429.0,83.0,0.09,3.12
2022/01/24 06:00:00,白洋湾金墅水源地3,120.3838,31.3787,7.9,11.06,429.0,83.0,0.09,3.12
2022/01/24 12:00:00,白洋湾金墅水源地3,120.3838,31.3787,7.9,11.05,429.0,82.0,0.09,3.12
2022/01/24 18:00:00,白洋湾金墅水源地3,120.3838,31.3787,7.9,11.04,429.0,82.0,0.1,3.12
2022/01/25 00:00:00,白洋湾金墅水源地3,120.3838,31.3787,7.9,11.03,429.0,82.0,0.1,3.12
2022/01/25 06:00:00,白洋湾金墅水源地3,120.3838,31.3787,7.9,11.03,429.0,81.0,0.1,3.11
2022/01/25 12:00:00,白洋湾金墅水源地3,120.3838,31.3787,7.9,11.02,430.0,80.0,0.1,3.11
2022/01/25 18:00:00,白洋湾金墅水源地3,120.3838,31.3787,7.9,11.01,430.0,80.0,0.1,3.11
2022/01/26 00:00:00,白洋湾金墅水源地3,120.3838,31.3787,7.9,11.0,430.0,79.0,0.1,3.11
2022/01/26 06:00:00,白洋湾金墅水源地3,120.3838,31.3787,7.9,11.0,430.0,79.0,0.1,3.11
2022/01/26 12:00:00,白洋湾金墅水源地3,120.3838,31.3787,7.9,10.99,431.0,78.0,0.1,3.11
2022/01/26 18:00:00,白洋湾金墅水源地3,120.3838,31.3787,7.9,10.99,431.0,77.0,0.1,3.1
2022/01/27 00:00:00,白洋湾金墅水源地3,120.3838,31.3787,7.9,10.99,431.0,76.0,0.1,3.1
2022/01/27 06:00:00,白洋湾金墅水源地3,120.3838,31.3787,7.9,10.98,432.0,76.0,0.1,3.1
2022/01/27 12:00:00,白洋湾金墅水源地3,120.3838,31.3787,7.9,10.98,432.0,75.0,0.1,3.1
2022/01/27 18:00:00,白洋湾金墅水源地3,120.3838,31.3787,7.9,10.98,432.0,74.0,0.1,3.09
2022/01/28 00:00:00,白洋湾金墅水源地3,120.3838,31.3787,7.9,10.98,433.0,73.0,0.1,3.09
2022/01/28 06:00:00,白洋湾金墅水源地3,120.3838,31.3787,7.9,10.99,433.0,72.0,0.1,3.09
2022/01/28 12:00:00,白洋湾金墅水源地3,120.3838,31.3787,7.9,10.99,434.0,71.0,0.1,3.09
2022/01/28 18:00:00,白洋湾金墅水源地3,120.3838,31.3787,7.9,10.99,434.0,70.0,0.1,3.08
2022/01/29 00:00:00,白洋湾金墅水源地3,120.3838,31.3787,7.9,11.0,435.0,69.0,0.11,3.08
2022/01/29 06:00:00,白洋湾金墅水源地3,120.3838,31.3787,7.9,11.0,435.0,68.0,0.11,3.08
2022/01/29 12:00:00,白洋湾金墅水源地3,120.3838,31.3787,7.9,11.01,436.0,67.0,0.11,3.08
2022/01/29 18:00:00,白洋湾金墅水源地3,120.3838,31.3787,7.9,11.01,437.0,66.0,0.11,3.07
2022/01/30 00:00:00,白洋湾金墅水源地3,120.3838,31.3787,7.9,11.02,437.0,65.0,0.11,3.07
2022/01/30 06:00:00,白洋湾金墅水源地3,120.3838,31.3787,7.9,11.03,438.0,64.0,0.11,3.07
2022/01/30 12:00:00,白洋湾金墅水源地3,120.3838,31.3787,7.9,11.04,438.0,63.0,0.11,3.06
2022/01/30 18:00:00,白洋湾金墅水源地3,120.3838,31.3787,7.9,11.05,439.0,62.0,0.11,3.06
2022/01/31 00:00:00,白洋湾金墅水源地3,120.3838,31.3787,7.9,11.06,439.0,61.0,0.11,3.06
2022/01/31 06:00:00,白洋湾金墅水源地3,120.3838,31.3787,7.9,11.07,440.0,60.0,0.11,3.05
2022/01/31 12:00:00,白洋湾金墅水源地3,120.3838,31.3787,7.9,11.08,441.0,59.0,0.11,3.05
2022/01/31 18:00:00,白洋湾金墅水源地3,120.3838,31.3787,7.9,11.09,441.0,58.0,0.11,3.05
2022/02/01 00:00:00,白洋湾金墅水源地3,120.3838,31.3787,7.9,11.11,442.0,57.0,0.11,3.04
2022/02/01 06:00:00,白洋湾金墅水源地3,120.3838,31.3787,7.9,11.12,442.0,56.0,0.11,3.04
2022/02/01 12:00:00,白洋湾金墅水源地3,120.3838,31.3787,8.0,11.13,443.0,54.0,0.11,3.04
2022/02/01 18:00:00,白洋湾金墅水源地3,120.3838,31.3787,8.0,11.15,443.0,53.0,0.11,3.03
2022/02/02 00:00:00,白洋湾金墅水源地3,120.3838,31.3787,8.0,11.16,444.0,52.0,0.11,3.03
2022/02/02 06:00:00,白洋湾金墅水源地3,120.3838,31.3787,8.0,11.18,445.0,51.0,0.11,3.03
2022/02/02 12:00:00,白洋湾金墅水源地3,120.3838,31.3787,8.0,11.19,445.0,50.0,0.11,3.02
2022/02/02 18:00:00,白洋湾金墅水源地3,120.3838,31.3787,8.0,11.21,446.0,49.0,0.11,3.02
2022/02/03 00:00:00,白洋湾金墅水源地3,120.3838,31.3787,8.0,11.22,446.0,48.0,0.11,3.02
2022/02/03 06:00:00,白洋湾金墅水源地3,120.3838,31.3787,8.0,11.24,446.0,47.0,0.11,3.01
2022/02/03 12:00:00,白洋湾金墅水源地3,120.3838,31.3787,8.0,11.25,447.0,46.0,0.11,3.01
2022/02/03 18:00:00,白洋湾金墅水源地3,120.3838,31.3787,8.0,11.27,447.0,45.0,0.11,3.01
2022/02/04 00:00:00,白洋湾金墅水源地3,120.3838,31.3787,8.0,11.29,448.0,44.0,0.11,3.0
2022/02/04 06:00:00,白洋湾金墅水源地3,120.3838,31.3787,8.0,11.3,448.0,43.0,0.11,3.0
2022/02/04 12:00:00,白洋湾金墅水源地3,120.3838,31.3787,8.0,11.32,448.0,42.0,0.11,3.0
2022/02/04 18:00:00,白洋湾金墅水源地3,120.3838,31.3787,8.0,11.34,448.0,41.0,0.11,2.99
2022/02/05 00:00:00,白洋湾金墅水源地3,120.3838,31.3787,8.0,11.35,449.0,40.0,0.11,2.99
2022/02/05 06:00:00,白洋湾金墅水源地3,120.3838,31.3787,8.0,11.37,449.0,39.0,0.11,2.98
2022/02/05 12:00:00,白洋湾金墅水源地3,120.3838,31.3787,8.0,11.38,449.0,39.0,0.11,2.98
2022/02/05 18:00:00,白洋湾金墅水源地3,120.3838,31.3787,8.0,11.4,449.0,38.0,0.11,2.98
2022/02/06 00:00:00,白洋湾金墅水源地3,120.3838,31.3787,8.0,11.42,449.0,37.0,0.11,2.97
2022/02/06 06:00:00,白洋湾金墅水源地3,120.3838,31.3787,8.0,11.43,449.0,36.0,0.11,2.97
2022/02/06 12:00:00,白洋湾金墅水源地3,120.3838,31.3787,8.0,11.45,449.0,36.0,0.11,2.97
2022/02/06 18:00:00,白洋湾金墅水源地3,120.3838,31.3787,8.0,11.46,449.0,35.0,0.11,2.96
2022/02/07 00:00:00,白洋湾金墅水源地3,120.3838,31.3787,8.0,11.48,449.0,34.0,0.11,2.96
2022/02/07 06:00:00,白洋湾金墅水源地3,120.3838,31.3787,8.0,11.5,449.0,34.0,0.11,2.96
2022/02/07 12:00:00,白洋湾金墅水源地3,120.3838,31.3787,8.0,11.51,448.0,33.0,0.11,2.96
2022/02/07 18:00:00,白洋湾金墅水源地3,120.3838,31.3787,8.0,11.52,448.0,33.0,0.11,2.95
2022/02/08 00:00:00,白洋湾金墅水源地3,120.3838,31.3787,8.0,11.54,448.0,32.0,0.11,2.95
2022/02/08 06:00:00,白洋湾金墅水源地3,120.3838,31.3787,8.0,11.55,447.0,32.0,0.11,2.95
2022/02/08 12:00:00,白洋湾金墅水源地3,120.3838,31.3787,8.0,11.57,447.0,31.0,0.1,2.94
2022/02/08 18:00:00,白洋湾金墅水源地3,120.3838,31.3787,8.0,11.58,446.0,31.0,0.1,2.94
2022/02/09 00:00:00,白洋湾金墅水源地3,120.3838,31.3787,8.0,11.59,446.0,31.0,0.1,2.94
2022/02/09 06:00:00,白洋湾金墅水源地3,120.3838,31.3787,8.0,11.61,445.0,31.0,0.1,2.93
2022/02/09 12:00:00,白洋湾金墅水源地3,120.3838,31.3787,8.0,11.62,445.0,30.0,0.1,2.93
2022/02/09 18:00:00,白洋湾金墅水源地3,120.3838,31.3787,8.0,11.63,444.0,30.0,0.1,2.93
2022/02/10 00:00:00,白洋湾金墅水源地3,120.3838,31.3787,8.0,11.64,443.0,30.0,0.1,2.92
2022/02/10 06:00:00,白洋湾金墅水源地3,120.3838,31.3787,8.0,11.66,443.0,30.0,0.1,2.92
2022/02/10 12:00:00,白洋湾金墅水源地3,120.3838,31.3787,8.0,11.67,442.0,30.0,0.09,2.92
2022/02/10 18:00:00,白洋湾金墅水源地3,120.3838,31.3787,8.0,11.68,441.0,29.0,0.09,2.91
2022/02/11 00:00:00,白洋湾金墅水源地3,120.3838,31.3787,8.0,11.69,440.0,29.0,0.09,2.91
2022/02/11 06:00:00,白洋湾金墅水源地3,120.3838,31.3787,8.0,11.7,440.0,29.0,0.09,2.91
2022/02/11 12:00:00,白洋湾金墅水源地3,120.3838,31.3787,8.0,11.71,439.0,29.0,0.09,2.9
2022/02/11 18:00:00,白洋湾金墅水源地3,120.3838,31.3787,8.0,11.72,438.0,29.0,0.09,2.9
2022/02/12 00:00:00,白洋湾金墅水源地3,120.3838,31.3787,8.0,11.73,437.0,29.0,0.09,2.9
2022/02/12 06:00:00,白洋湾金墅水源地3,120.3838,31.3787,8.0,11.74,436.0,29.0,0.08,2.89
2022/02/12 12:00:00,白洋湾金墅水源地3,120.3838,31.3787,8.0,11.75,435.0,29.0,0.08,2.89
2022/02/12 18:00:00,白洋湾金墅水源地3,120.3838,31.3787,8.0,11.76,434.0,29.0,0.08,2.89
2022/02/13 00:00:00,白洋湾金墅水源地3,120.3838,31.3787,8.0,11.77,434.0,29.0,0.08,2.88
2022/02/13 06:00:00,白洋湾金墅水源地3,120.3838,31.3787,8.0,11.78,433.0,29.0,0.08,2.88
2022/02/13 12:00:00,白洋湾金墅水源地3,120.3838,31.3787,8.0,11.79,432.0,29.0,0.08,2.87
2022/02/13 18:00:00,白洋湾金墅水源地3,120.3838,31.3787,8.0,11.79,431.0,29.0,0.08,2.87
2022/02/14 00:00:00,白洋湾金墅水源地3,120.3838,31.3787,8.0,11.8,430.0,29.0,0.07,2.86
2022/02/14 06:00:00,白洋湾金墅水源地3,120.3838,31.3787,8.0,11.81,429.0,29.0,0.07,2.86
2022/02/14 12:00:00,白洋湾金墅水源地3,120.3838,31.3787,8.0,11.82,428.0,29.0,0.07,2.86
2022/02/14 18:00:00,白洋湾金墅水源地3,120.3838,31.3787,8.0,11.82,427.0,29.0,0.07,2.85
2022/02/15 00:00:00,白洋湾金墅水源地3,120.3838,31.3787,8.0,11.83,426.0,30.0,0.07,2.85
2022/02/15 06:00:00,白洋湾金墅水源地3,120.3838,31.3787,8.0,11.84,426.0,30.0,0.07,2.84
2022/02/15 12:00:00,白洋湾金墅水源地3,120.3838,31.3787,8.0,11.85,425.0,30.0,0.07,2.84
2022/02/15 18:00:00,白洋湾金墅水源地3,120.3838,31.3787,8.0,11.85,424.0,30.0,0.06,2.83
2022/02/16 00:00:00,白洋湾金墅水源地3,120.3838,31.3787,8.0,11.86,423.0,30.0,0.06,2.82
2022/02/16 06:00:00,白洋湾金墅水源地3,120.3838,31.3787,8.0,11.86,422.0,30.0,0.06,2.82
2022/02/16 12:00:00,白洋湾金墅水源地3,120.3838,31.3787,8.0,11.87,421.0,30.0,0.06,2.81
2022/02/16 18:00:00,白洋湾金墅水源地3,120.3838,31.3787,8.0,11.87,421.0,30.0,0.06,2.81
2022/02/17 00:00:00,白洋湾金墅水源地3,120.3838,31.3787,8.0,11.88,420.0,30.0,0.06,2.8
2022/02/17 06:00:00,白洋湾金墅水源地3,120.3838,31.3787,8.0,11.88,419.0,30.0,0.06,2.79
2022/02/17 12:00:00,白洋湾金墅水源地3,120.3838,31.3787,8.0,11.89,419.0,30.0,0.06,2.79
2022/02/17 18:00:00,白洋湾金墅水源地3,120.3838,31.3787,8.0,11.89,418.0,30.0,0.06,2.78
2022/02/18 00:00:00,白洋湾金墅水源地3,120.3838,31.3787,8.0,11.9,417.0,30.0,0.05,2.77
2022/02/18 06:00:00,白洋湾金墅水源地3,120.3838,31.3787,8.0,11.9,417.0,30.0,0.05,2.77
2022/02/18 12:00:00,白洋湾金墅水源地3,120.3838,31.3787,8.0,11.9,416.0,30.0,0.05,2.76
2022/02/18 18:00:00,白洋湾金墅水源地3,120.3838,31.3787,8.0,11.91,416.0,30.0,0.05,2.75
2022/02/19 00:00:00,白洋湾金墅水源地3,120.3838,31.3787,8.0,11.91,415.0,30.0,0.05,2.74
2022/02/19 06:00:00,白洋湾金墅水源地3,120.3838,31.3787,8.0,11.91,415.0,30.0,0.05,2.73
2022/02/19 12:00:00,白洋湾金墅水源地3,120.3838,31.3787,8.0,11.91,415.0,30.0,0.05,2.73
2022/02/19 18:00:00,白洋湾金墅水源地3,120.3838,31.3787,8.0,11.92,414.0,30.0,0.05,2.72
2022/02/20 00:00:00,白洋湾金墅水源地3,120.3838,31.3787,8.0,11.92,414.0,29.0,0.05,2.71
2022/02/20 06:00:00,白洋湾金墅水源地3,120.3838,31.3787,8.0,11.92,413.0,29.0,0.05,2.7
2022/02/20 12:00:00,白洋湾金墅水源地3,120.3838,31.3787,8.0,11.92,413.0,29.0,0.05,2.69
2022/02/20 18:00:00,白洋湾金墅水源地3,120.3838,31.3787,8.0,11.92,413.0,29.0,0.05,2.68
2022/02/21 00:00:00,白洋湾金墅水源地3,120.3838,31.3787,8.0,11.92,413.0,29.0,0.05,2.68
2022/02/21 06:00:00,白洋湾金墅水源地3,120.3838,31.3787,8.0,11.91,412.0,29.0,0.05,2.67
2022/02/21 12:00:00,白洋湾金墅水源地3,120.3838,31.3787,8.0,11.91,412.0,29.0,0.05,2.66
2022/02/21 18:00:00,白洋湾金墅水源地3,120.3838,31.3787,8.0,11.91,412.0,28.0,0.05,2.65
2022/02/22 00:00:00,白洋湾金墅水源地3,120.3838,31.3787,8.0,11.91,412.0,28.0,0.05,2.64
2022/02/22 06:00:00,白洋湾金墅水源地3,120.3838,31.3787,8.0,11.9,411.0,28.0,0.05,2.64
2022/02/22 12:00:00,白洋湾金墅水源地3,120.3838,31.3787,8.0,11.9,411.0,28.0,0.05,2.63
2022/02/22 18:00:00,白洋湾金墅水源地3,120.3838,31.3787,8.0,11.89,411.0,28.0,0.05,2.62
2022/02/23 00:00:00,白洋湾金墅水源地3,120.3838,31.3787,8.0,11.88,411.0,27.0,0.05,2.61
2022/02/23 06:00:00,白洋湾金墅水源地3,120.3838,31.3787,7.9,11.88,411.0,27.0,0.05,2.61
2022/02/23 12:00:00,白洋湾金墅水源地3,120.3838,31.3787,7.9,11.87,411.0,27.0,0.05,2.6
2022/02/23 18:00:00,白洋湾金墅水源地3,120.3838,31.3787,7.9,11.86,411.0,27.0,0.05,2.59
2022/02/24 00:00:00,白洋湾金墅水源地3,120.3838,31.3787,7.9,11.85,411.0,27.0,0.05,2.58
2022/02/24 06:00:00,白洋湾金墅水源地3,120.3838,31.3787,7.9,11.84,411.0,27.0,0.05,2.58
2022/02/24 12:00:00,白洋湾金墅水源地3,120.3838,31.3787,7.9,11.83,410.0,26.0,0.05,2.57
2022/02/24 18:00:00,白洋湾金墅水源地3,120.3838,31.3787,7.9,11.82,410.0,26.0,0.05,2.57
2022/02/25 00:00:00,白洋湾金墅水源地3,120.3838,31.3787,7.9,11.8,410.0,26.0,0.05,2.56
2022/02/25 06:00:00,白洋湾金墅水源地3,120.3838,31.3787,7.9,11.79,410.0,26.0,0.05,2.55
2022/02/25 12:00:00,白洋湾金墅水源地3,120.3838,31.3787,7.9,11.78,410.0,25.0,0.05,2.55
2022/02/25 18:00:00,白洋湾金墅水源地3,120.3838,31.3787,7.9,11.76,410.0,25.0,0.05,2.54
2022/02/26 00:00:00,白洋湾金墅水源地3,120.3838,31.3787,7.9,11.74,410.0,25.0,0.05,2.54
2022/02/26 06:00:00,白洋湾金墅水源地3,120.3838,31.3787,7.9,11.72,410.0,25.0,0.05,2.54
2022/02/26 12:00:00,白洋湾金墅水源地3,120.3838,31.3787,7.9,11.71,410.0,25.0,0.05,2.53
2022/02/26 18:00:00,白洋湾金墅水源地3,120.3838,31.3787,7.9,11.69,410.0,24.0,0.05,2.53
2022/02/27 00:00:00,白洋湾金墅水源地3,120.3838,31.3787,7.9,11.66,410.0,24.0,0.05,2.53
2022/02/27 06:00:00,白洋湾金墅水源地3,120.3838,31.3787,7.9,11.64,410.0,24.0,0.05,2.52
2022/02/27 12:00:00,白洋湾金墅水源地3,120.3838,31.3787,7.9,11.62,410.0,24.0,0.05,2.52
2022/02/27 18:00:00,白洋湾金墅水源地3,120.3838,31.3787,7.9,11.59,410.0,24.0,0.05,2.52
2022/02/28 00:00:00,白洋湾金墅水源地3,120.3838,31.3787,7.9,11.57,410.0,24.0,0.06,2.52
2022/02/28 06:00:00,白洋湾金墅水源地3,120.3838,31.3787,7.9,11.54,410.0,23.0,0.06,2.52
2022/02/28 12:00:00,白洋湾金墅水源地3,120.3838,31.3787,7.9,11.51,410.0,23.0,0.06,2.52
2022/02/28 18:00:00,白洋湾金墅水源地3,120.3838,31.3787,7.9,11.48,410.0,23.0,0.06,2.52
2022/03/01 00:00:00,白洋湾金墅水源地3,120.3838,31.3787,7.9,11.45,410.0,23.0,0.06,2.52
2022/03/01 06:00:00,白洋湾金墅水源地3,120.3838,31.3787,7.9,11.42,410.0,23.0,0.06,2.52
2022/03/01 12:00:00,白洋湾金墅水源地3,120.3838,31.3787,7.9,11.39,410.0,23.0,0.06,2.52
2022/03/01 18:00:00,白洋湾金墅水源地3,120.3838,31.3787,7.9,11.35,410.0,23.0,0.06,2.52
2022/03/02 00:00:00,白洋湾金墅水源地3,120.3838,31.3787,7.9,11.32,410.0,22.0,0.06,2.53
2022/03/02 06:00:00,白洋湾金墅水源地3,120.3838,31.3787,7.9,11.28,410.0,22.0,0.06,2.53
2022/03/02 12:00:00,白洋湾金墅水源地3,120.3838,31.3787,7.9,11.25,410.0,22.0,0.06,2.53
2022/03/02 18:00:00,白洋湾金墅水源地3,120.3838,31.3787,7.9,11.21,410.0,22.0,0.06,2.54
2022/03/03 00:00:00,白洋湾金墅水源地3,120.3838,31.3787,7.9,11.17,410.0,22.0,0.06,2.54
2022/03/03 06:00:00,白洋湾金墅水源地3,120.3838,31.3787,7.9,11.13,410.0,22.0,0.06,2.55
2022/03/03 12:00:00,白洋湾金墅水源地3,120.3838,31.3787,7.9,11.09,410.0,23.0,0.06,2.55
2022/03/03 18:00:00,白洋湾金墅水源地3,120.3838,31.3787,7.9,11.05,410.0,23.0,0.07,2.56
2022/03/04 00:00:00,白洋湾金墅水源地3,120.3838,31.3787,7.9,11.01,410.0,23.0,0.07,2.56
2022/03/04 06:00:00,白洋湾金墅水源地3,120.3838,31.3787,7.9,10.97,410.0,23.0,0.07,2.57
2022/03/04 12:00:00,白洋湾金墅水源地3,120.3838,31.3787,7.9,10.93,410.0,23.0,0.07,2.57
2022/03/04 18:00:00,白洋湾金墅水源地3,120.3838,31.3787,7.9,10.89,410.0,24.0,0.07,2.58
2022/03/05 00:00:00,白洋湾金墅水源地3,120.3838,31.3787,7.9,10.85,410.0,24.0,0.07,2.58
2022/03/05 06:00:00,白洋湾金墅水源地3,120.3838,31.3787,7.9,10.8,410.0,24.0,0.07,2.59
2022/03/05 12:00:00,白洋湾金墅水源地3,120.3838,31.3787,7.9,10.76,410.0,25.0,0.07,2.6
2022/03/05 18:00:00,白洋湾金墅水源地3,120.3838,31.3787,7.9,10.72,410.0,25.0,0.07,2.61
2022/03/06 00:00:00,白洋湾金墅水源地3,120.3838,31.3787,8.0,10.67,410.0,26.0,0.07,2.61
2022/03/06 06:00:00,白洋湾金墅水源地3,120.3838,31.3787,8.0,10.63,409.0,26.0,0.07,2.62
2022/03/06 12:00:00,白洋湾金墅水源地3,120.3838,31.3787,8.0,10.59,409.0,27.0,0.08,2.63
2022/03/06 18:00:00,白洋湾金墅水源地3,120.3838,31.3787,8.0,10.54,409.0,28.0,0.08,2.64
2022/03/07 00:00:00,白洋湾金墅水源地3,120.3838,31.3787,8.0,10.5,409.0,28.0,0.08,2.64
2022/03/07 06:00:00,白洋湾金墅水源地3,120.3838,31.3787,8.0,10.46,409.0,29.0,0.08,2.65
2022/03/07 12:00:00,白洋湾金墅水源地3,120.3838,31.3787,8.0,10.41,409.0,30.0,0.08,2.66
2022/03/07 18:00:00,白洋湾金墅水源地3,120.3838,31.3787,8.0,10.37,409.0,31.0,0.08,2.67
2022/03/08 00:00:00,白洋湾金墅水源地3,120.3838,31.3787,8.0,10.33,409.0,32.0,0.08,2.68
2022/03/08 06:00:00,白洋湾金墅水源地3,120.3838,31.3787,8.0,10.28,409.0,33.0,0.08,2.69
2022/03/08 12:00:00,白洋湾金墅水源地3,120.3838,31.3787,8.0,10.24,409.0,35.0,0.08,2.69
2022/03/08 18:00:00,白洋湾金墅水源地3,120.3838,31.3787,8.0,10.2,409.0,36.0,0.08,2.7
2022/03/09 00:00:00,白洋湾金墅水源地3,120.3838,31.3787,8.0,10.16,408.0,37.0,0.09,2.71
2022/03/09 06:00:00,白洋湾金墅水源地3,120.3838,31.3787,8.0,10.12,408.0,39.0,0.09,2.72
2022/03/09 12:00:00,白洋湾金墅水源地3,120.3838,31.3787,8.0,10.07,408.0,40.0,0.09,2.73
2022/03/09 18:00:00,白洋湾金墅水源地3,120.3838,31.3787,8.0,10.03,408.0,42.0,0.09,2.74
2022/03/10 00:00:00,白洋湾金墅水源地3,120.3838,31.3787,8.0,9.99,408.0,44.0,0.09,2.75
2022/03/10 06:00:00,白洋湾金墅水源地3,120.3838,31.3787,8.0,9.95,408.0,46.0,0.09,2.75
2022/03/10 12:00:00,白洋湾金墅水源地3,120.3838,31.3787,8.0,9.92,408.0,48.0,0.09,2.76
2022/03/10 18:00:00,白洋湾金墅水源地3,120.3838,31.3787,7.9,9.88,408.0,50.0,0.09,2.77
2022/03/11 00:00:00,白洋湾金墅水源地3,120.3838,31.3787,7.9,9.84,407.0,52.0,0.09,2.78
2022/03/11 06:00:00,白洋湾金墅水源地3,120.3838,31.3787,7.9,9.8,407.0,54.0,0.09,2.79
2022/03/11 12:00:00,白洋湾金墅水源地3,120.3838,31.3787,7.9,9.77,407.0,56.0,0.1,2.8
2022/03/11 18:00:00,白洋湾金墅水源地3,120.3838,31.3787,7.9,9.73,407.0,58.0,0.1,2.81
2022/03/12 00:00:00,白洋湾金墅水源地3,120.3838,31.3787,7.9,9.7,407.0,61.0,0.1,2.81
2022/03/12 06:00:00,白洋湾金墅水源地3,120.3838,31.3787,7.9,9.66,407.0,63.0,0.1,2.82
2022/03/12 12:00:00,白洋湾金墅水源地3,120.3838,31.3787,7.9,9.63,406.0,66.0,0.1,2.83
2022/03/12 18:00:00,白洋湾金墅水源地3,120.3838,31.3787,7.9,9.59,406.0,68.0,0.1,2.84
2022/03/13 00:00:00,白洋湾金墅水源地3,120.3838,31.3787,7.9,9.56,406.0,71.0,0.1,2.84
2022/03/13 06:00:00,白洋湾金墅水源地3,120.3838,31.3787,7.9,9.53,406.0,73.0,0.1,2.85
2022/03/13 12:00:00,白洋湾金墅水源地3,120.3838,31.3787,7.9,9.5,406.0,76.0,0.1,2.86
2022/03/13 18:00:00,白洋湾金墅水源地3,120.3838,31.3787,7.9,9.47,405.0,79.0,0.11,2.87
2022/03/14 00:00:00,白洋湾金墅水源地3,120.3838,31.3787,7.9,9.44,405.0,81.0,0.11,2.87
2022/03/14 06:00:00,白洋湾金墅水源地3,120.3838,31.3787,7.9,9.41,405.0,84.0,0.11,2.88
2022/03/14 12:00:00,白洋湾金墅水源地3,120.3838,31.3787,7.9,9.39,405.0,87.0,0.11,2.88
2022/03/14 18:00:00,白洋湾金墅水源地3,120.3838,31.3787,7.9,9.36,405.0,89.0,0.11,2.89
2022/03/15 00:00:00,白洋湾金墅水源地3,120.3838,31.3787,7.9,9.33,404.0,92.0,0.11,2.9
2022/03/15 06:00:00,白洋湾金墅水源地3,120.3838,31.3787,7.9,9.31,404.0,95.0,0.11,2.9
2022/03/15 12:00:00,白洋湾金墅水源地3,120.3838,31.3787,7.9,9.28,404.0,97.0,0.11,2.91
2022/03/15 18:00:00,白洋湾金墅水源地3,120.3838,31.3787,7.9,9.26,404.0,100.0,0.11,2.91
2022/03/16 00:00:00,白洋湾金墅水源地3,120.3838,31.3787,7.9,9.24,404.0,102.0,0.11,2.92
2022/03/16 06:00:00,白洋湾金墅水源地3,120.3838,31.3787,7.9,9.22,403.0,105.0,0.11,2.92
2022/03/16 12:00:00,白洋湾金墅水源地3,120.3838,31.3787,7.9,9.2,403.0,107.0,0.11,2.92
2022/03/16 18:00:00,白洋湾金墅水源地3,120.3838,31.3787,7.9,9.18,403.0,109.0,0.12,2.93
2022/03/17 00:00:00,白洋湾金墅水源地3,120.3838,31.3787,7.9,9.16,403.0,112.0,0.12,2.93
2022/03/17 06:00:00,白洋湾金墅水源地3,120.3838,31.3787,7.9,9.14,402.0,114.0,0.12,2.93
2022/03/17 12:00:00,白洋湾金墅水源地3,120.3838,31.3787,7.9,9.12,402.0,116.0,0.12,2.94
2022/03/17 18:00:00,白洋湾金墅水源地3,120.3838,31.3787,7.9,9.1,402.0,118.0,0.12,2.94
2022/03/18 00:00:00,白洋湾金墅水源地3,120.3838,31.3787,7.9,9.09,402.0,120.0,0.12,2.94
2022/03/18 06:00:00,白洋湾金墅水源地3,120.3838,31.3787,7.9,9.07,402.0,122.0,0.12,2.94
2022/03/18 12:00:00,白洋湾金墅水源地3,120.3838,31.3787,7.9,9.06,401.0,123.0,0.12,2.94
2022/03/18 18:00:00,白洋湾金墅水源地3,120.3838,31.3787,7.9,9.05,401.0,125.0,0.12,2.94
2022/03/19 00:00:00,白洋湾金墅水源地3,120.3838,31.3787,7.9,9.03,401.0,126.0,0.12,2.94
2022/03/19 06:00:00,白洋湾金墅水源地3,120.3838,31.3787,7.9,9.02,401.0,128.0,0.12,2.94
2022/03/19 12:00:00,白洋湾金墅水源地3,120.3838,31.3787,7.9,9.01,400.0,129.0,0.12,2.94
2022/03/19 18:00:00,白洋湾金墅水源地3,120.3838,31.3787,7.9,9.0,400.0,130.0,0.12,2.94
2022/03/20 00:00:00,白洋湾金墅水源地3,120.3838,31.3787,7.9,8.99,400.0,131.0,0.12,2.93
2022/03/20 06:00:00,白洋湾金墅水源地3,120.3838,31.3787,7.9,8.99,400.0,131.0,0.12,2.93
2022/03/20 12:00:00,白洋湾金墅水源地3,120.3838,31.3787,7.9,8.98,399.0,132.0,0.12,2.93
2022/03/20 18:00:00,白洋湾金墅水源地3,120.3838,31.3787,7.9,8.97,399.0,132.0,0.12,2.92
2022/03/21 00:00:00,白洋湾金墅水源地3,120.3838,31.3787,7.8,8.97,399.0,132.0,0.12,2.92
2022/03/21 06:00:00,白洋湾金墅水源地3,120.3838,31.3787,7.8,8.97,399.0,133.0,0.12,2.91
2022/03/21 12:00:00,白洋湾金墅水源地3,120.3838,31.3787,7.8,8.96,398.0,132.0,0.12,2.91
2022/03/21 18:00:00,白洋湾金墅水源地3,120.3838,31.3787,7.8,8.96,398.0,132.0,0.12,2.9
2022/03/22 00:00:00,白洋湾金墅水源地3,120.3838,31.3787,7.8,8.96,398.0,132.0,0.12,2.9
2022/03/22 06:00:00,白洋湾金墅水源地3,120.3838,31.3787,7.8,8.96,398.0,131.0,0.12,2.89
2022/03/22 12:00:00,白洋湾金墅水源地3,120.3838,31.3787,7.8,8.96,397.0,130.0,0.11,2.88
2022/03/22 18:00:00,白洋湾金墅水源地3,120.3838,31.3787,7.8,8.96,397.0,129.0,0.11,2.87
2022/03/23 00:00:00,白洋湾金墅水源地3,120.3838,31.3787,7.8,8.96,397.0,128.0,0.11,2.87
2022/03/23 06:00:00,白洋湾金墅水源地3,120.3838,31.3787,7.8,8.97,397.0,127.0,0.11,2.86
2022/03/23 12:00:00,白洋湾金墅水源地3,120.3838,31.3787,7.8,8.97,396.0,125.0,0.11,2.85
2022/03/23 18:00:00,白洋湾金墅水源地3,120.3838,31.3787,7.8,8.97,396.0,124.0,0.11,2.84
2022/03/24 00:00:00,白洋湾金墅水源地3,120.3838,31.3787,7.8,8.98,396.0,122.0,0.11,2.83
2022/03/24 06:00:00,白洋湾金墅水源地3,120.3838,31.3787,7.8,8.98,396.0,121.0,0.11,2.82
2022/03/24 12:00:00,白洋湾金墅水源地3,120.3838,31.3787,7.9,8.98,395.0,119.0,0.11,2.81
2022/03/24 18:00:00,白洋湾金墅水源地3,120.3838,31.3787,7.9,8.99,395.0,117.0,0.11,2.8
2022/03/25 00:00:00,白洋湾金墅水源地3,120.3838,31.3787,7.9,8.99,395.0,115.0,0.11,2.79
2022/03/25 06:00:00,白洋湾金墅水源地3,120.3838,31.3787,7.9,9.0,395.0,113.0,0.1,2.78
2022/03/25 12:00:00,白洋湾金墅水源地3,120.3838,31.3787,7.9,9.0,395.0,111.0,0.1,2.77
2022/03/25 18:00:00,白洋湾金墅水源地3,120.3838,31.3787,7.9,9.0,394.0,108.0,0.1,2.76
2022/03/26 00:00:00,白洋湾金墅水源地3,120.3838,31.3787,7.9,9.01,394.0,106.0,0.1,2.74
2022/03/26 06:00:00,白洋湾金墅水源地3,120.3838,31.3787,7.9,9.01,394.0,104.0,0.1,2.73
2022/03/26 12:00:00,白洋湾金墅水源地3,120.3838,31.3787,7.9,9.01,394.0,101.0,0.1,2.72
2022/03/26 18:00:00,白洋湾金墅水源地3,120.3838,31.3787,7.9,9.02,394.0,99.0,0.1,2.71
2022/03/27 00:00:00,白洋湾金墅水源地3,120.3838,31.3787,7.9,9.02,393.0,97.0,0.1,2.7
2022/03/27 06:00:00,白洋湾金墅水源地3,120.3838,31.3787,7.9,9.02,393.0,94.0,0.09,2.69
2022/03/27 12:00:00,白洋湾金墅水源地3,120.3838,31.3787,7.9,9.03,393.0,91.0,0.09,2.68
2022/03/27 18:00:00,白洋湾金墅水源地3,120.3838,31.3787,7.9,9.03,393.0,89.0,0.09,2.67
2022/03/28 00:00:00,白洋湾金墅水源地3,120.3838,31.3787,7.9,9.03,393.0,86.0,0.09,2.66
2022/03/28 06:00:00,白洋湾金墅水源地3,120.3838,31.3787,7.9,9.03,393.0,84.0,0.09,2.65
2022/03/28 12:00:00,白洋湾金墅水源地3,120.3838,31.3787,7.9,9.03,393.0,81.0,0.09,2.64
2022/03/28 18:00:00,白洋湾金墅水源地3,120.3838,31.3787,7.9,9.03,393.0,79.0,0.09,2.63
2022/03/29 00:00:00,白洋湾金墅水源地3,120.3838,31.3787,7.9,9.02,392.0,76.0,0.09,2.62
2022/03/29 06:00:00,白洋湾金墅水源地3,120.3838,31.3787,7.9,9.02,392.0,74.0,0.08,2.61
2022/03/29 12:00:00,白洋湾金墅水源地3,120.3838,31.3787,7.9,9.02,392.0,71.0,0.08,2.6
2022/03/29 18:00:00,白洋湾金墅水源地3,120.3838,31.3787,7.9,9.01,392.0,69.0,0.08,2.59
2022/03/30 00:00:00,白洋湾金墅水源地3,120.3838,31.3787,7.9,9.0,392.0,66.0,0.08,2.58
2022/03/30 06:00:00,白洋湾金墅水源地3,120.3838,31.3787,7.9,9.0,392.0,64.0,0.08,2.57
2022/03/30 12:00:00,白洋湾金墅水源地3,120.3838,31.3787,7.9,8.99,392.0,62.0,0.08,2.56
2022/03/30 18:00:00,白洋湾金墅水源地3,120.3838,31.3787,7.9,8.98,392.0,59.0,0.08,2.56
2022/03/31 00:00:00,白洋湾金墅水源地3,120.3838,31.3787,8.0,8.97,392.0,57.0,0.08,2.55
2022/03/31 06:00:00,白洋湾金墅水源地3,120.3838,31.3787,8.0,8.96,392.0,55.0,0.08,2.54
2022/03/31 12:00:00,白洋湾金墅水源地3,120.3838,31.3787,8.0,8.94,392.0,53.0,0.08,2.54
2022/03/31 18:00:00,白洋湾金墅水源地3,120.3838,31.3787,8.0,8.93,392.0,51.0,0.07,2.53
2022/04/01 00:00:00,白洋湾金墅水源地3,120.3838,31.3787,8.0,8.91,392.0,49.0,0.07,2.53
2022/04/01 06:00:00,白洋湾金墅水源地3,120.3838,31.3787,8.0,8.89,392.0,47.0,0.07,2.52
2022/04/01 12:00:00,白洋湾金墅水源地3,120.3838,31.3787,8.0,8.87,392.0,46.0,0.07,2.52
2022/04/01 18:00:00,白洋湾金墅水源地3,120.3838,31.3787,8.0,8.85,393.0,44.0,0.07,2.51
2022/04/02 00:00:00,白洋湾金墅水源地3,120.3838,31.3787,8.0,8.83,393.0,42.0,0.07,2.51
2022/04/02 06:00:00,白洋湾金墅水源地3,120.3838,31.3787,8.0,8.81,393.0,41.0,0.07,2.51
2022/04/02 12:00:00,白洋湾金墅水源地3,120.3838,31.3787,8.0,8.78,393.0,40.0,0.07,2.51
2022/04/02 18:00:00,白洋湾金墅水源地3,120.3838,31.3787,8.0,8.76,393.0,38.0,0.07,2.5
2022/04/03 00:00:00,白洋湾金墅水源地3,120.3838,31.3787,8.0,8.73,393.0,37.0,0.07,2.5
2022/04/03 06:00:00,白洋湾金墅水源地3,120.3838,31.3787,8.1,8.7,393.0,36.0,0.07,2.5
2022/04/03 12:00:00,白洋湾金墅水源地3,120.3838,31.3787,8.1,8.67,394.0,35.0,0.07,2.5
2022/04/03 18:00:00,白洋湾金墅水源地3,120.3838,31.3787,8.1,8.65,394.0,33.0,0.07,2.5
2022/04/04 00:00:00,白洋湾金墅水源地3,120.3838,31.3787,8.1,8.62,394.0,32.0,0.07,2.5
2022/04/04 06:00:00,白洋湾金墅水源地3,120.3838,31.3787,8.1,8.59,394.0,31.0,0.07,2.5
2022/04/04 12:00:00,白洋湾金墅水源地3,120.3838,31.3787,8.1,8.55,394.0,31.0,0.07,2.5
2022/04/04 18:00:00,白洋湾金墅水源地3,120.3838,31.3787,8.1,8.52,395.0,30.0,0.07,2.5
2022/04/05 00:00:00,白洋湾金墅水源地3,120.3838,31.3787,8.1,8.49,395.0,29.0,0.07,2.5
2022/04/05 06:00:00,白洋湾金墅水源地3,120.3838,31.3787,8.1,8.46,395.0,28.0,0.07,2.5
2022/04/05 12:00:00,白洋湾金墅水源地3,120.3838,31.3787,8.1,8.42,395.0,27.0,0.07,2.5
2022/04/05 18:00:00,白洋湾金墅水源地3,120.3838,31.3787,8.1,8.39,396.0,27.0,0.07,2.5
2022/04/06 00:00:00,白洋湾金墅水源地3,120.3838,31.3787,8.1,8.36,396.0,26.0,0.07,2.5
2022/04/06 06:00:00,白洋湾金墅水源地3,120.3838,31.3787,8.1,8.32,396.0,26.0,0.07,2.51
2022/04/06 12:00:00,白洋湾金墅水源地3,120.3838,31.3787,8.2,8.29,397.0,25.0,0.07,2.51
2022/04/06 18:00:00,白洋湾金墅水源地3,120.3838,31.3787,8.2,8.25,397.0,24.0,0.07,2.51
2022/04/07 00:00:00,白洋湾金墅水源地3,120.3838,31.3787,8.2,8.22,397.0,24.0,0.07,2.51
2022/04/07 06:00:00,白洋湾金墅水源地3,120.3838,31.3787,8.2,8.18,397.0,24.0,0.07,2.51
2022/04/07 12:00:00,白洋湾金墅水源地3,120.3838,31.3787,8.2,8.15,398.0,23.0,0.07,2.51
2022/04/07 18:00:00,白洋湾金墅水源地3,120.3838,31.3787,8.2,8.11,398.0,23.0,0.07,2.51
2022/04/08 00:00:00,白洋湾金墅水源地3,120.3838,31.3787,8.2,8.08,398.0,22.0,0.07,2.52
2022/04/08 06:00:00,白洋湾金墅水源地3,120.3838,31.3787,8.2,8.04,399.0,22.0,0.07,2.52
2022/04/08 12:00:00,白洋湾金墅水源地3,120.3838,31.3787,8.2,8.01,399.0,22.0,0.07,2.52
2022/04/08 18:00:00,白洋湾金墅水源地3,120.3838,31.3787,8.2,7.98,400.0,22.0,0.07,2.52
2022/04/09 00:00:00,白洋湾金墅水源地3,120.3838,31.3787,8.2,7.94,400.0,21.0,0.07,2.52
2022/04/09 06:00:00,白洋湾金墅水源地3,120.3838,31.3787,8.2,7.91,400.0,21.0,0.07,2.52
2022/04/09 12:00:00,白洋湾金墅水源地3,120.3838,31.3787,8.2,7.88,401.0,21.0,0.07,2.52
2022/04/09 18:00:00,白洋湾金墅水源地3,120.3838,31.3787,8.2,7.84,401.0,21.0,0.07,2.52
2022/04/10 00:00:00,白洋湾金墅水源地3,120.3838,31.3787,8.2,7.81,401.0,20.0,0.07,2.52
2022/04/10 06:00:00,白洋湾金墅水源地3,120.3838,31.3787,8.2,7.78,402.0,20.0,0.07,2.52
2022/04/10 12:00:00,白洋湾金墅水源地3,120.3838,31.3787,8.2,7.75,402.0,20.0,0.07,2.52
2022/04/10 18:00:00,白洋湾金墅水源地3,120.3838,31.3787,8.2,7.72,403.0,20.0,0.07,2.52
2022/04/11 00:00:00,白洋湾金墅水源地3,120.3838,31.3787,8.2,7.69,403.0,20.0,0.08,2.52
2022/04/11 06:00:00,白洋湾金墅水源地3,120.3838,31.3787,8.2,7.66,403.0,20.0,0.08,2.52
2022/04/11 12:00:00,白洋湾金墅水源地3,120.3838,31.3787,8.2,7.63,404.0,20.0,0.08,2.52
2022/04/11 18:00:00,白洋湾金墅水源地3,120.3838,31.3787,8.2,7.61,404.0,19.0,0.08,2.52
2022/04/12 00:00:00,白洋湾金墅水源地3,120.3838,31.3787,8.2,7.58,405.0,19.0,0.08,2.52
2022/04/12 06:00:00,白洋湾金墅水源地3,120.3838,31.3787,8.2,7.56,405.0,19.0,0.08,2.52
2022/04/12 12:00:00,白洋湾金墅水源地3,120.3838,31.3787,8.2,7.53,405.0,19.0,0.08,2.51
2022/04/12 18:00:00,白洋湾金墅水源地3,120.3838,31.3787,8.2,7.51,406.0,19.0,0.08,2.51
2022/04/13 00:00:00,白洋湾金墅水源地3,120.3838,31.3787,8.2,7.48,406.0,19.0,0.08,2.51
2022/04/13 06:00:00,白洋湾金墅水源地3,120.3838,31.3787,8.2,7.46,407.0,19.0,0.08,2.51
2022/04/13 12:00:00,白洋湾金墅水源地3,120.3838,31.3787,8.2,7.44,407.0,18.0,0.08,2.5
2022/04/13 18:00:00,白洋湾金墅水源地3,120.3838,31.3787,8.2,7.42,408.0,18.0,0.08,2.5
2022/04/14 00:00:00,白洋湾金墅水源地3,120.3838,31.3787,8.2,7.4,408.0,18.0,0.08,2.5
2022/04/14 06:00:00,白洋湾金墅水源地3,120.3838,31.3787,8.2,7.38,408.0,18.0,0.08,2.49
2022/04/14 12:00:00,白洋湾金墅水源地3,120.3838,31.3787,8.1,7.36,409.0,18.0,0.08,2.49
2022/04/14 18:00:00,白洋湾金墅水源地3,120.3838,31.3787,8.1,7.34,409.0,18.0,0.09,2.49
2022/04/15 00:00:00,白洋湾金墅水源地3,120.3838,31.3787,8.1,7.33,410.0,18.0,0.09,2.48
2022/04/15 06:00:00,白洋湾金墅水源地3,120.3838,31.3787,8.1,7.31,410.0,18.0,0.09,2.48
2022/04/15 12:00:00,白洋湾金墅水源地3,120.3838,31.3787,8.1,7.3,411.0,18.0,0.09,2.48
2022/04/15 18:00:00,白洋湾金墅水源地3,120.3838,31.3787,8.1,7.28,411.0,17.0,0.09,2.47
2022/04/16 00:00:00,白洋湾金墅水源地3,120.3838,31.3787,8.1,7.27,412.0,17.0,0.09,2.47
2022/04/16 06:00:00,白洋湾金墅水源地3,120.3838,31.3787,8.1,7.25,412.0,17.0,0.09,2.46
2022/04/16 12:00:00,白洋湾金墅水源地3,120.3838,31.3787,8.1,7.24,412.0,17.0,0.09,2.46
2022/04/16 18:00:00,白洋湾金墅水源地3,120.3838,31.3787,8.1,7.23,413.0,17.0,0.09,2.46
2022/04/17 00:00:00,白洋湾金墅水源地3,120.3838,31.3787,8.1,7.21,413.0,17.0,0.09,2.45
2022/04/17 06:00:00,白洋湾金墅水源地3,120.3838,31.3787,8.1,7.2,414.0,17.0,0.09,2.45
2022/04/17 12:00:00,白洋湾金墅水源地3,120.3838,31.3787,8.0,7.19,414.0,17.0,0.09,2.45
2022/04/17 18:00:00,白洋湾金墅水源地3,120.3838,31.3787,8.0,7.18,415.0,17.0,0.09,2.44
2022/04/18 00:00:00,白洋湾金墅水源地3,120.3838,31.3787,8.0,7.17,415.0,17.0,0.09,2.44
2022/04/18 06:00:00,白洋湾金墅水源地3,120.3838,31.3787,8.0,7.16,415.0,17.0,0.09,2.44
2022/04/18 12:00:00,白洋湾金墅水源地3,120.3838,31.3787,8.0,7.15,416.0,17.0,0.1,2.43
2022/04/18 18:00:00,白洋湾金墅水源地3,120.3838,31.3787,8.0,7.14,416.0,17.0,0.1,2.43
2022/04/19 00:00:00,白洋湾金墅水源地3,120.3838,31.3787,8.0,7.14,417.0,16.0,0.1,2.43
2022/04/19 06:00:00,白洋湾金墅水源地3,120.3838,31.3787,8.0,7.13,417.0,16.0,0.1,2.42
2022/04/19 12:00:00,白洋湾金墅水源地3,120.3838,31.3787,8.0,7.12,417.0,16.0,0.1,2.42
2022/04/19 18:00:00,白洋湾金墅水源地3,120.3838,31.3787,8.0,7.12,418.0,16.0,0.1,2.42
2022/04/20 00:00:00,白洋湾金墅水源地3,120.3838,31.3787,8.0,7.11,418.0,16.0,0.1,2.41
2022/04/20 06:00:00,白洋湾金墅水源地3,120.3838,31.3787,8.0,7.11,419.0,16.0,0.1,2.41
2022/04/20 12:00:00,白洋湾金墅水源地3,120.3838,31.3787,7.9,7.1,419.0,16.0,0.1,2.41
2022/04/20 18:00:00,白洋湾金墅水源地3,120.3838,31.3787,7.9,7.1,419.0,16.0,0.1,2.41
2022/04/21 00:00:00,白洋湾金墅水源地3,120.3838,31.3787,7.9,7.1,420.0,16.0,0.1,2.41
2022/04/21 06:00:00,白洋湾金墅水源地3,120.3838,31.3787,7.9,7.09,420.0,16.0,0.1,2.41
2022/04/21 12:00:00,白洋湾金墅水源地3,120.3838,31.3787,7.9,7.09,420.0,16.0,0.1,2.4
2022/04/21 18:00:00,白洋湾金墅水源地3,120.3838,31.3787,7.9,7.09,421.0,16.0,0.1,2.4
2022/04/22 00:00:00,白洋湾金墅水源地3,120.3838,31.3787,7.9,7.09,421.0,16.0,0.1,2.4
2022/04/22 06:00:00,白洋湾金墅水源地3,120.3838,31.3787,7.9,7.08,422.0,16.0,0.1,2.4
2022/04/22 12:00:00,白洋湾金墅水源地3,120.3838,31.3787,7.9,7.08,422.0,16.0,0.1,2.4
2022/04/22 18:00:00,白洋湾金墅水源地3,120.3838,31.3787,7.9,7.08,422.0,16.0,0.1,2.4
2022/04/23 00:00:00,白洋湾金墅水源地3,120.3838,31.3787,7.9,7.08,423.0,16.0,0.1,2.41
2022/04/23 06:00:00,白洋湾金墅水源地3,120.3838,31.3787,7.9,7.08,423.0,16.0,0.1,2.41
2022/04/23 12:00:00,白洋湾金墅水源地3,120.3838,31.3787,7.9,7.08,423.0,16.0,0.1,2.41
2022/04/23 18:00:00,白洋湾金墅水源地3,120.3838,31.3787,7.9,7.08,424.0,16.0,0.1,2.41
2022/04/24 00:00:00,白洋湾金墅水源地3,120.3838,31.3787,7.9,7.09,424.0,16.0,0.1,2.41
2022/04/24 06:00:00,白洋湾金墅水源地3,120.3838,31.3787,7.9,7.09,424.0,16.0,0.1,2.41
2022/04/24 12:00:00,白洋湾金墅水源地3,120.3838,31.3787,7.9,7.09,425.0,16.0,0.1,2.41
2022/04/24 18:00:00,白洋湾金墅水源地3,120.3838,31.3787,7.9,7.09,425.0,16.0,0.1,2.42
2022/04/25 00:00:00,白洋湾金墅水源地3,120.3838,31.3787,7.9,7.09,425.0,16.0,0.1,2.42
2022/04/25 06:00:00,白洋湾金墅水源地3,120.3838,31.3787,7.9,7.09,425.0,16.0,0.1,2.42
2022/04/25 12:00:00,白洋湾金墅水源地3,120.3838,31.3787,7.9,7.1,426.0,16.0,0.1,2.43
2022/04/25 18:00:00,白洋湾金墅水源地3,120.3838,31.3787,7.9,7.1,426.0,16.0,0.1,2.43
2022/04/26 00:00:00,白洋湾金墅水源地3,120.3838,31.3787,7.9,7.1,426.0,16.0,0.1,2.43
2022/04/26 06:00:00,白洋湾金墅水源地3,120.3838,31.3787,7.9,7.1,427.0,17.0,0.1,2.44
2022/04/26 12:00:00,白洋湾金墅水源地3,120.3838,31.3787,7.9,7.11,427.0,17.0,0.1,2.44
2022/04/26 18:00:00,白洋湾金墅水源地3,120.3838,31.3787,7.9,7.11,427.0,17.0,0.1,2.44
2022/04/27 00:00:00,白洋湾金墅水源地3,120.3838,31.3787,7.9,7.11,427.0,17.0,0.1,2.45
2022/04/27 06:00:00,白洋湾金墅水源地3,120.3838,31.3787,7.9,7.12,428.0,17.0,0.1,2.45
2022/04/27 12:00:00,白洋湾金墅水源地3,120.3838,31.3787,7.9,7.12,428.0,17.0,0.1,2.46
2022/04/27 18:00:00,白洋湾金墅水源地3,120.3838,31.3787,7.9,7.12,428.0,17.0,0.1,2.46
2022/04/28 00:00:00,白洋湾金墅水源地3,120.3838,31.3787,7.9,7.13,428.0,17.0,0.1,2.47
2022/04/28 06:00:00,白洋湾金墅水源地3,120.3838,31.3787,7.9,7.13,429.0,17.0,0.1,2.47
2022/04/28 12:00:00,白洋湾金墅水源地3,120.3838,31.3787,7.9,7.13,429.0,17.0,0.1,2.48
2022/04/28 18:00:00,白洋湾金墅水源地3,120.3838,31.3787,7.9,7.14,429.0,17.0,0.1,2.48
2022/04/29 00:00:00,白洋湾金墅水源地3,120.3838,31.3787,7.9,7.14,429.0,17.0,0.09,2.49
2022/04/29 06:00:00,白洋湾金墅水源地3,120.3838,31.3787,7.9,7.14,429.0,17.0,0.09,2.49
2022/04/29 12:00:00,白洋湾金墅水源地3,120.3838,31.3787,7.9,7.14,430.0,17.0,0.09,2.5
2022/04/29 18:00:00,白洋湾金墅水源地3,120.3838,31.3787,7.9,7.15,430.0,17.0,0.09,2.51
2022/04/30 00:00:00,白洋湾金墅水源地3,120.3838,31.3787,7.9,7.15,430.0,17.0,0.09,2.51
2022/04/30 06:00:00,白洋湾金墅水源地3,120.3838,31.3787,7.9,7.15,430.0,17.0,0.09,2.52
2022/04/30 12:00:00,白洋湾金墅水源地3,120.3838,31.3787,7.9,7.15,430.0,17.0,0.09,2.53
2022/04/30 18:00:00,白洋湾金墅水源地3,120.3838,31.3787,7.9,7.16,430.0,17.0,0.09,2.53
2022/05/01 00:00:00,白洋湾金墅水源地3,120.3838,31.3787,7.9,7.16,431.0,17.0,0.09,2.54
2022/05/01 06:00:00,白洋湾金墅水源地3,120.3838,31.3787,7.9,7.16,431.0,18.0,0.09,2.55
2022/05/01 12:00:00,白洋湾金墅水源地3,120.3838,31.3787,7.9,7.16,431.0,18.0,0.09,2.55
2022/05/01 18:00:00,白洋湾金墅水源地3,120.3838,31.3787,7.9,7.16,431.0,18.0,0.09,2.56
2022/05/02 00:00:00,白洋湾金墅水源地3,120.3838,31.3787,7.9,7.16,431.0,18.0,0.09,2.57
2022/05/02 06:00:00,白洋湾金墅水源地3,120.3838,31.3787,7.9,7.16,431.0,18.0,0.09,2.57
2022/05/02 12:00:00,白洋湾金墅水源地3,120.3838,31.3787,7.9,7.16,431.0,18.0,0.09,2.58
2022/05/02 18:00:00,白洋湾金墅水源地3,120.3838,31.3787,7.9,7.16,432.0,18.0,0.09,2.59
2022/05/03 00:00:00,白洋湾金墅水源地3,120.3838,31.3787,7.9,7.16,432.0,18.0,0.09,2.6
2022/05/03 06:00:00,白洋湾金墅水源地3,120.3838,31.3787,7.9,7.16,432.0,18.0,0.09,2.6
2022/05/03 12:00:00,白洋湾金墅水源地3,120.3838,31.3787,7.9,7.16,432.0,18.0,0.08,2.61
2022/05/03 18:00:00,白洋湾金墅水源地3,120.3838,31.3787,7.9,7.16,432.0,18.0,0.08,2.62
2022/05/04 00:00:00,白洋湾金墅水源地3,120.3838,31.3787,7.9,7.16,432.0,18.0,0.08,2.62
2022/05/04 06:00:00,白洋湾金墅水源地3,120.3838,31.3787,7.9,7.16,432.0,18.0,0.08,2.63
2022/05/04 12:00:00,白洋湾金墅水源地3,120.3838,31.3787,7.9,7.16,432.0,18.0,0.08,2.64
2022/05/04 18:00:00,白洋湾金墅水源地3,120.3838,31.3787,7.9,7.16,432.0,18.0,0.08,2.64
2022/05/05 00:00:00,白洋湾金墅水源地3,120.3838,31.3787,7.9,7.16,432.0,18.0,0.08,2.65
2022/05/05 06:00:00,白洋湾金墅水源地3,120.3838,31.3787,7.9,7.16,432.0,18.0,0.08,2.65
2022/05/05 12:00:00,白洋湾金墅水源地3,120.3838,31.3787,7.9,7.15,432.0,18.0,0.08,2.66
2022/05/05 18:00:00,白洋湾金墅水源地3,120.3838,31.3787,7.9,7.15,433.0,18.0,0.08,2.66
2022/05/06 00:00:00,白洋湾金墅水源地3,120.3838,31.3787,7.9,7.15,433.0,18.0,0.08,2.66
2022/05/06 06:00:00,白洋湾金墅水源地3,120.3838,31.3787,7.9,7.15,433.0,18.0,0.08,2.66
2022/05/06 12:00:00,白洋湾金墅水源地3,120.3838,31.3787,7.9,7.15,433.0,18.0,0.08,2.67
2022/05/06 18:00:00,白洋湾金墅水源地3,120.3838,31.3787,7.9,7.15,433.0,19.0,0.08,2.67
2022/05/07 00:00:00,白洋湾金墅水源地3,120.3838,31.3787,7.9,7.15,433.0,19.0,0.08,2.67
2022/05/07 06:00:00,白洋湾金墅水源地3,120.3838,31.3787,7.9,7.15,433.0,19.0,0.08,2.67
2022/05/07 12:00:00,白洋湾金墅水源地3,120.3838,31.3787,7.9,7.15,433.0,19.0,0.08,2.67
2022/05/07 18:00:00,白洋湾金墅水源地3,120.3838,31.3787,7.9,7.14,433.0,19.0,0.07,2.67
2022/05/08 00:00:00,白洋湾金墅水源地3,120.3838,31.3787,7.9,7.14,433.0,19.0,0.07,2.66
2022/05/08 06:00:00,白洋湾金墅水源地3,120.3838,31.3787,7.9,7.14,433.0,19.0,0.07,2.66
2022/05/08 12:00:00,白洋湾金墅水源地3,120.3838,31.3787,7.9,7.14,433.0,19.0,0.07,2.65
2022/05/08 18:00:00,白洋湾金墅水源地3,120.3838,31.3787,7.9,7.14,433.0,19.0,0.07,2.65
2022/05/09 00:00:00,白洋湾金墅水源地3,120.3838,31.3787,7.9,7.14,433.0,19.0,0.07,2.64
2022/05/09 06:00:00,白洋湾金墅水源地3,120.3838,31.3787,7.9,7.15,433.0,19.0,0.07,2.63
2022/05/09 12:00:00,白洋湾金墅水源地3,120.3838,31.3787,7.9,7.15,433.0,19.0,0.07,2.62
2022/05/09 18:00:00,白洋湾金墅水源地3,120.3838,31.3787,7.9,7.15,433.0,19.0,0.07,2.61
2022/05/10 00:00:00,白洋湾金墅水源地3,120.3838,31.3787,7.9,7.15,433.0,19.0,0.07,2.6
2022/05/10 06:00:00,白洋湾金墅水源地3,120.3838,31.3787,7.9,7.15,433.0,19.0,0.07,2.59
2022/05/10 12:00:00,白洋湾金墅水源地3,120.3838,31.3787,7.9,7.16,433.0,20.0,0.07,2.57
2022/05/10 18:00:00,白洋湾金墅水源地3,120.3838,31.3787,7.9,7.16,433.0,20.0,0.07,2.56
2022/05/11 00:00:00,白洋湾金墅水源地3,120.3838,31.3787,7.9,7.16,433.0,20.0,0.07,2.54
2022/05/11 06:00:00,白洋湾金墅水源地3,120.3838,31.3787,7.9,7.17,433.0,20.0,0.07,2.52
2022/05/11 12:00:00,白洋湾金墅水源地3,120.3838,31.3787,7.9,7.17,433.0,20.0,0.07,2.5
2022/05/11 18:00:00,白洋湾金墅水源地3,120.3838,31.3787,7.9,7.18,433.0,20.0,0.07,2.48
2022/05/12 00:00:00,白洋湾金墅水源地3,120.3838,31.3787,7.9,7.18,433.0,20.0,0.07,2.45
2022/05/12 06:00:00,白洋湾金墅水源地3,120.3838,31.3787,7.9,7.19,433.0,20.0,0.07,2.43
2022/05/12 12:00:00,白洋湾金墅水源地3,120.3838,31.3787,7.9,7.19,433.0,20.0,0.07,2.4
2022/05/12 18:00:00,白洋湾金墅水源地3,120.3838,31.3787,7.9,7.2,434.0,20.0,0.07,2.37
2022/05/13 00:00:00,白洋湾金墅水源地3,120.3838,31.3787,7.9,7.21,434.0,21.0,0.07,2.34
2022/05/13 06:00:00,白洋湾金墅水源地3,120.3838,31.3787,7.9,7.22,434.0,21.0,0.07,2.31
2022/05/13 12:00:00,白洋湾金墅水源地3,120.3838,31.3787,7.9,7.22,434.0,21.0,0.07,2.28
2022/05/13 18:00:00,白洋湾金墅水源地3,120.3838,31.3787,7.9,7.23,434.0,21.0,0.07,2.24
2022/05/14 00:00:00,白洋湾金墅水源地3,120.3838,31.3787,7.9,7.24,434.0,21.0,0.07,2.21
2022/05/14 06:00:00,白洋湾金墅水源地3,120.3838,31.3787,7.9,7.25,434.0,21.0,0.07,2.18
2022/05/14 12:00:00,白洋湾金墅水源地3,120.3838,31.3787,7.9,7.26,434.0,21.0,0.07,2.14
2022/05/14 18:00:00,白洋湾金墅水源地3,120.3838,31.3787,7.9,7.27,434.0,21.0,0.07,2.11
2022/05/15 00:00:00,白洋湾金墅水源地3,120.3838,31.3787,7.9,7.28,434.0,22.0,0.07,2.08
2022/05/15 06:00:00,白洋湾金墅水源地3,120.3838,31.3787,7.9,7.28,434.0,22.0,0.07,2.05
2022/05/15 12:00:00,白洋湾金墅水源地3,120.3838,31.3787,7.8,7.29,434.0,22.0,0.07,2.02
2022/05/15 18:00:00,白洋湾金墅水源地3,120.3838,31.3787,7.8,7.3,434.0,22.0,0.07,2.0
2022/05/16 00:00:00,白洋湾金墅水源地3,120.3838,31.3787,7.8,7.31,434.0,22.0,0.07,1.97
2022/05/16 06:00:00,白洋湾金墅水源地3,120.3838,31.3787,7.8,7.31,434.0,22.0,0.07,1.95
2022/05/16 12:00:00,白洋湾金墅水源地3,120.3838,31.3787,7.8,7.32,434.0,22.0,0.07,1.93
2022/05/16 18:00:00,白洋湾金墅水源地3,120.3838,31.3787,7.8,7.32,434.0,22.0,0.07,1.92
2022/05/17 00:00:00,白洋湾金墅水源地3,120.3838,31.3787,7.8,7.32,434.0,22.0,0.07,1.91
2022/05/17 06:00:00,白洋湾金墅水源地3,120.3838,31.3787,7.8,7.33,434.0,22.0,0.07,1.9
2022/05/17 12:00:00,白洋湾金墅水源地3,120.3838,31.3787,7.8,7.33,435.0,22.0,0.07,1.9
2022/05/17 18:00:00,白洋湾金墅水源地3,120.3838,31.3787,7.8,7.33,435.0,22.0,0.07,1.9
2022/05/18 00:00:00,白洋湾金墅水源地3,120.3838,31.3787,7.8,7.32,435.0,22.0,0.07,1.9
2022/05/18 06:00:00,白洋湾金墅水源地3,120.3838,31.3787,7.8,7.32,435.0,22.0,0.07,1.91
2022/05/18 12:00:00,白洋湾金墅水源地3,120.3838,31.3787,7.8,7.32,435.0,22.0,0.07,1.93
2022/05/18 18:00:00,白洋湾金墅水源地3,120.3838,31.3787,7.8,7.31,435.0,22.0,0.07,1.95
2022/05/19 00:00:00,白洋湾金墅水源地3,120.3838,31.3787,7.8,7.3,435.0,22.0,0.07,1.98
2022/05/19 06:00:00,白洋湾金墅水源地3,120.3838,31.3787,7.8,7.29,435.0,21.0,0.07,2.01
2022/05/19 12:00:00,白洋湾金墅水源地3,120.3838,31.3787,7.8,7.28,435.0,21.0,0.07,2.05
2022/05/19 18:00:00,白洋湾金墅水源地3,120.3838,31.3787,7.8,7.27,435.0,21.0,0.07,2.1
2022/05/20 00:00:00,白洋湾金墅水源地3,120.3838,31.3787,7.8,7.25,435.0,21.0,0.07,2.16
2022/05/20 06:00:00,白洋湾金墅水源地3,120.3838,31.3787,7.8,7.23,435.0,20.0,0.07,2.22
2022/05/20 12:00:00,白洋湾金墅水源地3,120.3838,31.3787,7.8,7.21,435.0,20.0,0.07,2.29
2022/05/20 18:00:00,白洋湾金墅水源地3,120.3838,31.3787,7.8,7.19,435.0,20.0,0.07,2.37
2022/05/21 00:00:00,白洋湾金墅水源地3,120.3838,31.3787,7.8,7.16,435.0,19.0,0.07,2.45
2022/05/21 06:00:00,白洋湾金墅水源地3,120.3838,31.3787,7.8,7.13,436.0,19.0,0.08,2.55
2022/05/21 12:00:00,白洋湾金墅水源地3,120.3838,31.3787,7.8,7.1,436.0,19.0,0.08,2.65
2022/05/21 18:00:00,白洋湾金墅水源地3,120.3838,31.3787,7.8,7.07,436.0,18.0,0.08,2.77
2022/05/22 00:00:00,白洋湾金墅水源地3,120.3838,31.3787,7.8,7.03,436.0,18.0,0.08,2.89
2022/05/22 06:00:00,白洋湾金墅水源地3,120.3838,31.3787,7.8,7.0,436.0,17.0,0.08,3.03
2022/05/22 12:00:00,白洋湾金墅水源地3,120.3838,31.3787,7.8,6.95,436.0,16.0,0.08,3.17
2022/05/22 18:00:00,白洋湾金墅水源地3,120.3838,31.3787,7.8,6.91,436.0,16.0,0.08,3.32
2022/05/23 00:00:00,白洋湾金墅水源地3,120.3838,31.3787,7.8,6.86,436.0,15.0,0.08,3.49
2021/06/21 00:00:00,白洋湾金墅水源地4,120.3795,31.3777,8.2,6.99,443.0,12.0,0.07,2.79
2021/06/21 06:00:00,白洋湾金墅水源地4,120.3795,31.3777,8.2,6.93,445.0,12.0,0.07,2.75
2021/06/21 12:00:00,白洋湾金墅水源地4,120.3795,31.3777,8.2,6.87,447.0,12.0,0.07,2.71
2021/06/21 18:00:00,白洋湾金墅水源地4,120.3795,31.3777,8.2,6.81,449.0,12.0,0.07,2.68
2021/06/22 00:00:00,白洋湾金墅水源地4,120.3795,31.3777,8.2,6.76,450.0,12.0,0.07,2.65
2021/06/22 06:00:00,白洋湾金墅水源地4,120.3795,31.3777,8.2,6.71,452.0,12.0,0.07,2.62
2021/06/22 12:00:00,白洋湾金墅水源地4,120.3795,31.3777,8.2,6.67,453.0,12.0,0.07,2.59
2021/06/22 18:00:00,白洋湾金墅水源地4,120.3795,31.3777,8.2,6.63,454.0,12.0,0.07,2.57
2021/06/23 00:00:00,白洋湾金墅水源地4,120.3795,31.3777,8.2,6.59,456.0,12.0,0.07,2.55
2021/06/23 06:00:00,白洋湾金墅水源地4,120.3795,31.3777,8.2,6.55,457.0,13.0,0.07,2.53
2021/06/23 12:00:00,白洋湾金墅水源地4,120.3795,31.3777,8.2,6.51,457.0,13.0,0.07,2.51
2021/06/23 18:00:00,白洋湾金墅水源地4,120.3795,31.3777,8.2,6.48,458.0,13.0,0.07,2.5
2021/06/24 00:00:00,白洋湾金墅水源地4,120.3795,31.3777,8.2,6.45,459.0,13.0,0.07,2.49
2021/06/24 06:00:00,白洋湾金墅水源地4,120.3795,31.3777,8.2,6.43,459.0,13.0,0.07,2.48
2021/06/24 12:00:00,白洋湾金墅水源地4,120.3795,31.3777,8.2,6.4,460.0,13.0,0.07,2.47
2021/06/24 18:00:00,白洋湾金墅水源地4,120.3795,31.3777,8.2,6.38,460.0,13.0,0.07,2.46
2021/06/25 00:00:00,白洋湾金墅水源地4,120.3795,31.3777,8.2,6.36,460.0,14.0,0.07,2.46
2021/06/25 06:00:00,白洋湾金墅水源地4,120.3795,31.3777,8.2,6.34,461.0,14.0,0.07,2.45
2021/06/25 12:00:00,白洋湾金墅水源地4,120.3795,31.3777,8.2,6.32,461.0,14.0,0.07,2.45
2021/06/25 18:00:00,白洋湾金墅水源地4,120.3795,31.3777,8.2,6.31,461.0,14.0,0.07,2.45
2021/06/26 00:00:00,白洋湾金墅水源地4,120.3795,31.3777,8.2,6.29,461.0,14.0,0.06,2.46
2021/06/26 06:00:00,白洋湾金墅水源地4,120.3795,31.3777,8.2,6.28,461.0,15.0,0.06,2.46
2021/06/26 12:00:00,白洋湾金墅水源地4,120.3795,31.3777,8.2,6.27,461.0,15.0,0.06,2.46
2021/06/26 18:00:00,白洋湾金墅水源地4,120.3795,31.3777,8.2,6.26,460.0,15.0,0.06,2.47
2021/06/27 00:00:00,白洋湾金墅水源地4,120.3795,31.3777,8.2,6.26,460.0,15.0,0.06,2.48
2021/06/27 06:00:00,白洋湾金墅水源地4,120.3795,31.3777,8.2,6.25,460.0,16.0,0.06,2.49
2021/06/27 12:00:00,白洋湾金墅水源地4,120.3795,31.3777,8.2,6.25,459.0,16.0,0.06,2.5
2021/06/27 18:00:00,白洋湾金墅水源地4,120.3795,31.3777,8.2,6.24,459.0,16.0,0.06,2.51
2021/06/28 00:00:00,白洋湾金墅水源地4,120.3795,31.3777,8.2,6.24,459.0,16.0,0.06,2.52
2021/06/28 06:00:00,白洋湾金墅水源地4,120.3795,31.3777,8.2,6.24,458.0,17.0,0.06,2.53
2021/06/28 12:00:00,白洋湾金墅水源地4,120.3795,31.3777,8.2,6.24,458.0,17.0,0.06,2.54
2021/06/28 18:00:00,白洋湾金墅水源地4,120.3795,31.3777,8.2,6.24,457.0,17.0,0.06,2.56
2021/06/29 00:00:00,白洋湾金墅水源地4,120.3795,31.3777,8.2,6.24,457.0,18.0,0.06,2.57
2021/06/29 06:00:00,白洋湾金墅水源地4,120.3795,31.3777,8.2,6.24,456.0,18.0,0.06,2.59
2021/06/29 12:00:00,白洋湾金墅水源地4,120.3795,31.3777,8.2,6.24,456.0,18.0,0.06,2.6
2021/06/29 18:00:00,白洋湾金墅水源地4,120.3795,31.3777,8.2,6.24,455.0,18.0,0.06,2.62
2021/06/30 00:00:00,白洋湾金墅水源地4,120.3795,31.3777,8.2,6.24,455.0,19.0,0.06,2.63
2021/06/30 06:00:00,白洋湾金墅水源地4,120.3795,31.3777,8.2,6.24,454.0,19.0,0.06,2.65
2021/06/30 12:00:00,白洋湾金墅水源地4,120.3795,31.3777,8.2,6.24,454.0,19.0,0.06,2.67
2021/06/30 18:00:00,白洋湾金墅水源地4,120.3795,31.3777,8.2,6.24,453.0,19.0,0.06,2.68
2021/07/01 00:00:00,白洋湾金墅水源地4,120.3795,31.3777,8.2,6.25,453.0,20.0,0.06,2.7
2021/07/01 06:00:00,白洋湾金墅水源地4,120.3795,31.3777,8.2,6.25,453.0,20.0,0.06,2.72
2021/07/01 12:00:00,白洋湾金墅水源地4,120.3795,31.3777,8.2,6.25,452.0,20.0,0.06,2.73
2021/07/01 18:00:00,白洋湾金墅水源地4,120.3795,31.3777,8.2,6.25,452.0,21.0,0.06,2.75
2021/07/02 00:00:00,白洋湾金墅水源地4,120.3795,31.3777,8.2,6.25,452.0,21.0,0.06,2.77
2021/07/02 06:00:00,白洋湾金墅水源地4,120.3795,31.3777,8.2,6.25,452.0,21.0,0.06,2.78
2021/07/02 12:00:00,白洋湾金墅水源地4,120.3795,31.3777,8.2,6.25,451.0,21.0,0.06,2.8
2021/07/02 18:00:00,白洋湾金墅水源地4,120.3795,31.3777,8.2,6.25,451.0,22.0,0.06,2.81
2021/07/03 00:00:00,白洋湾金墅水源地4,120.3795,31.3777,8.2,6.24,451.0,22.0,0.06,2.83
2021/07/03 06:00:00,白洋湾金墅水源地4,120.3795,31.3777,8.2,6.24,451.0,22.0,0.06,2.84
2021/07/03 12:00:00,白洋湾金墅水源地4,120.3795,31.3777,8.2,6.24,451.0,22.0,0.06,2.86
2021/07/03 18:00:00,白洋湾金墅水源地4,120.3795,31.3777,8.2,6.24,451.0,23.0,0.06,2.87
2021/07/04 00:00:00,白洋湾金墅水源地4,120.3795,31.3777,8.2,6.24,451.0,23.0,0.06,2.89
2021/07/04 06:00:00,白洋湾金墅水源地4,120.3795,31.3777,8.2,6.23,451.0,23.0,0.06,2.9
2021/07/04 12:00:00,白洋湾金墅水源地4,120.3795,31.3777,8.2,6.23,451.0,23.0,0.06,2.91
2021/07/04 18:00:00,白洋湾金墅水源地4,120.3795,31.3777,8.2,6.23,451.0,23.0,0.06,2.93
2021/07/05 00:00:00,白洋湾金墅水源地4,120.3795,31.3777,8.2,6.22,451.0,24.0,0.06,2.94
2021/07/05 06:00:00,白洋湾金墅水源地4,120.3795,31.3777,8.2,6.22,451.0,24.0,0.06,2.96
2021/07/05 12:00:00,白洋湾金墅水源地4,120.3795,31.3777,8.2,6.22,451.0,24.0,0.06,2.97
2021/07/05 18:00:00,白洋湾金墅水源地4,120.3795,31.3777,8.2,6.21,451.0,24.0,0.06,2.98
2021/07/06 00:00:00,白洋湾金墅水源地4,120.3795,31.3777,8.2,6.21,451.0,25.0,0.06,2.99
2021/07/06 06:00:00,白洋湾金墅水源地4,120.3795,31.3777,8.2,6.2,451.0,25.0,0.06,3.01
2021/07/06 12:00:00,白洋湾金墅水源地4,120.3795,31.3777,8.2,6.2,452.0,25.0,0.06,3.02
2021/07/06 18:00:00,白洋湾金墅水源地4,120.3795,31.3777,8.2,6.2,452.0,25.0,0.06,3.03
2021/07/07 00:00:00,白洋湾金墅水源地4,120.3795,31.3777,8.2,6.19,452.0,25.0,0.06,3.04
2021/07/07 06:00:00,白洋湾金墅水源地4,120.3795,31.3777,8.2,6.19,452.0,26.0,0.06,3.05
2021/07/07 12:00:00,白洋湾金墅水源地4,120.3795,31.3777,8.2,6.19,452.0,26.0,0.06,3.07
2021/07/07 18:00:00,白洋湾金墅水源地4,120.3795,31.3777,8.2,6.18,452.0,26.0,0.06,3.08
2021/07/08 00:00:00,白洋湾金墅水源地4,120.3795,31.3777,8.2,6.18,453.0,26.0,0.06,3.09
2021/07/08 06:00:00,白洋湾金墅水源地4,120.3795,31.3777,8.2,6.18,453.0,26.0,0.06,3.1
2021/07/08 12:00:00,白洋湾金墅水源地4,120.3795,31.3777,8.3,6.17,453.0,26.0,0.06,3.11
2021/07/08 18:00:00,白洋湾金墅水源地4,120.3795,31.3777,8.3,6.17,453.0,27.0,0.06,3.12
2021/07/09 00:00:00,白洋湾金墅水源地4,120.3795,31.3777,8.3,6.17,453.0,27.0,0.06,3.13
2021/07/09 06:00:00,白洋湾金墅水源地4,120.3795,31.3777,8.3,6.16,454.0,27.0,0.06,3.14
2021/07/09 12:00:00,白洋湾金墅水源地4,120.3795,31.3777,8.3,6.16,454.0,27.0,0.06,3.15
2021/07/09 18:00:00,白洋湾金墅水源地4,120.3795,31.3777,8.3,6.16,454.0,27.0,0.06,3.16
2021/07/10 00:00:00,白洋湾金墅水源地4,120.3795,31.3777,8.3,6.16,454.0,27.0,0.06,3.17
2021/07/10 06:00:00,白洋湾金墅水源地4,120.3795,31.3777,8.3,6.16,454.0,27.0,0.06,3.18
2021/07/10 12:00:00,白洋湾金墅水源地4,120.3795,31.3777,8.3,6.15,454.0,27.0,0.06,3.19
2021/07/10 18:00:00,白洋湾金墅水源地4,120.3795,31.3777,8.3,6.15,455.0,28.0,0.06,3.2
2021/07/11 00:00:00,白洋湾金墅水源地4,120.3795,31.3777,8.3,6.15,455.0,28.0,0.06,3.21
2021/07/11 06:00:00,白洋湾金墅水源地4,120.3795,31.3777,8.3,6.15,455.0,28.0,0.06,3.21
2021/07/11 12:00:00,白洋湾金墅水源地4,120.3795,31.3777,8.3,6.15,455.0,28.0,0.06,3.22
2021/07/11 18:00:00,白洋湾金墅水源地4,120.3795,31.3777,8.3,6.16,455.0,28.0,0.06,3.23
2021/07/12 00:00:00,白洋湾金墅水源地4,120.3795,31.3777,8.4,6.16,455.0,28.0,0.06,3.24
2021/07/12 06:00:00,白洋湾金墅水源地4,120.3795,31.3777,8.4,6.16,455.0,28.0,0.06,3.25
2021/07/12 12:00:00,白洋湾金墅水源地4,120.3795,31.3777,8.4,6.16,455.0,28.0,0.06,3.25
2021/07/12 18:00:00,白洋湾金墅水源地4,120.3795,31.3777,8.4,6.16,455.0,28.0,0.06,3.26
2021/07/13 00:00:00,白洋湾金墅水源地4,120.3795,31.3777,8.4,6.17,455.0,28.0,0.06,3.27
2021/07/13 06:00:00,白洋湾金墅水源地4,120.3795,31.3777,8.4,6.17,455.0,28.0,0.06,3.28
2021/07/13 12:00:00,白洋湾金墅水源地4,120.3795,31.3777,8.4,6.18,455.0,28.0,0.06,3.28
2021/07/13 18:00:00,白洋湾金墅水源地4,120.3795,31.3777,8.4,6.18,455.0,28.0,0.06,3.29
2021/07/14 00:00:00,白洋湾金墅水源地4,120.3795,31.3777,8.4,6.18,455.0,28.0,0.06,3.3
2021/07/14 06:00:00,白洋湾金墅水源地4,120.3795,31.3777,8.4,6.19,455.0,28.0,0.07,3.3
2021/07/14 12:00:00,白洋湾金墅水源地4,120.3795,31.3777,8.4,6.2,455.0,28.0,0.07,3.31
2021/07/14 18:00:00,白洋湾金墅水源地4,120.3795,31.3777,8.4,6.2,454.0,28.0,0.07,3.31
2021/07/15 00:00:00,白洋湾金墅水源地4,120.3795,31.3777,8.5,6.21,454.0,28.0,0.07,3.32
2021/07/15 06:00:00,白洋湾金墅水源地4,120.3795,31.3777,8.5,6.22,454.0,28.0,0.07,3.33
2021/07/15 12:00:00,白洋湾金墅水源地4,120.3795,31.3777,8.5,6.22,454.0,28.0,0.07,3.33
2021/07/15 18:00:00,白洋湾金墅水源地4,120.3795,31.3777,8.5,6.23,454.0,28.0,0.07,3.34
2021/07/16 00:00:00,白洋湾金墅水源地4,120.3795,31.3777,8.5,6.24,454.0,28.0,0.07,3.34
2021/07/16 06:00:00,白洋湾金墅水源地4,120.3795,31.3777,8.5,6.25,453.0,28.0,0.07,3.35
2021/07/16 12:00:00,白洋湾金墅水源地4,120.3795,31.3777,8.5,6.25,453.0,28.0,0.07,3.35
2021/07/16 18:00:00,白洋湾金墅水源地4,120.3795,31.3777,8.5,6.26,453.0,28.0,0.07,3.36
2021/07/17 00:00:00,白洋湾金墅水源地4,120.3795,31.3777,8.5,6.27,453.0,28.0,0.07,3.36
2021/07/17 06:00:00,白洋湾金墅水源地4,120.3795,31.3777,8.5,6.28,452.0,28.0,0.07,3.36
2021/07/17 12:00:00,白洋湾金墅水源地4,120.3795,31.3777,8.6,6.29,452.0,28.0,0.07,3.37
2021/07/17 18:00:00,白洋湾金墅水源地4,120.3795,31.3777,8.6,6.3,452.0,28.0,0.07,3.37
2021/07/18 00:00:00,白洋湾金墅水源地4,120.3795,31.3777,8.6,6.31,452.0,28.0,0.07,3.37
2021/07/18 06:00:00,白洋湾金墅水源地4,120.3795,31.3777,8.6,6.32,451.0,28.0,0.07,3.38
2021/07/18 12:00:00,白洋湾金墅水源地4,120.3795,31.3777,8.6,6.33,451.0,28.0,0.07,3.38
2021/07/18 18:00:00,白洋湾金墅水源地4,120.3795,31.3777,8.6,6.34,451.0,28.0,0.07,3.38
2021/07/19 00:00:00,白洋湾金墅水源地4,120.3795,31.3777,8.6,6.35,450.0,28.0,0.07,3.38
2021/07/19 06:00:00,白洋湾金墅水源地4,120.3795,31.3777,8.6,6.36,450.0,28.0,0.07,3.39
2021/07/19 12:00:00,白洋湾金墅水源地4,120.3795,31.3777,8.6,6.37,450.0,28.0,0.07,3.39
2021/07/19 18:00:00,白洋湾金墅水源地4,120.3795,31.3777,8.6,6.38,449.0,28.0,0.07,3.39
2021/07/20 00:00:00,白洋湾金墅水源地4,120.3795,31.3777,8.6,6.39,449.0,28.0,0.07,3.39
2021/07/20 06:00:00,白洋湾金墅水源地4,120.3795,31.3777,8.6,6.4,449.0,28.0,0.07,3.39
2021/07/20 12:00:00,白洋湾金墅水源地4,120.3795,31.3777,8.6,6.42,448.0,28.0,0.07,3.39
2021/07/20 18:00:00,白洋湾金墅水源地4,120.3795,31.3777,8.6,6.43,448.0,28.0,0.07,3.39
2021/07/21 00:00:00,白洋湾金墅水源地4,120.3795,31.3777,8.7,6.44,448.0,28.0,0.08,3.39
2021/07/21 06:00:00,白洋湾金墅水源地4,120.3795,31.3777,8.7,6.45,447.0,28.0,0.08,3.39
2021/07/21 12:00:00,白洋湾金墅水源地4,120.3795,31.3777,8.7,6.46,447.0,28.0,0.08,3.39
2021/07/21 18:00:00,白洋湾金墅水源地4,120.3795,31.3777,8.7,6.47,447.0,27.0,0.08,3.39
2021/07/22 00:00:00,白洋湾金墅水源地4,120.3795,31.3777,8.7,6.48,446.0,27.0,0.08,3.39
2021/07/22 06:00:00,白洋湾金墅水源地4,120.3795,31.3777,8.7,6.49,446.0,27.0,0.08,3.39
2021/07/22 12:00:00,白洋湾金墅水源地4,120.3795,31.3777,8.7,6.5,446.0,27.0,0.08,3.39
2021/07/22 18:00:00,白洋湾金墅水源地4,120.3795,31.3777,8.7,6.51,445.0,27.0,0.08,3.39
2021/07/23 00:00:00,白洋湾金墅水源地4,120.3795,31.3777,8.7,6.53,445.0,27.0,0.08,3.39
2021/07/23 06:00:00,白洋湾金墅水源地4,120.3795,31.3777,8.7,6.54,445.0,27.0,0.08,3.39
2021/07/23 12:00:00,白洋湾金墅水源地4,120.3795,31.3777,8.7,6.55,444.0,27.0,0.08,3.38
2021/07/23 18:00:00,白洋湾金墅水源地4,120.3795,31.3777,8.7,6.56,444.0,27.0,0.08,3.38
2021/07/24 00:00:00,白洋湾金墅水源地4,120.3795,31.3777,8.7,6.57,444.0,27.0,0.08,3.38
2021/07/24 06:00:00,白洋湾金墅水源地4,120.3795,31.3777,8.7,6.58,443.0,27.0,0.08,3.38
2021/07/24 12:00:00,白洋湾金墅水源地4,120.3795,31.3777,8.7,6.59,443.0,27.0,0.08,3.37
2021/07/24 18:00:00,白洋湾金墅水源地4,120.3795,31.3777,8.7,6.6,443.0,27.0,0.08,3.37
2021/07/25 00:00:00,白洋湾金墅水源地4,120.3795,31.3777,8.7,6.61,442.0,27.0,0.08,3.37
2021/07/25 06:00:00,白洋湾金墅水源地4,120.3795,31.3777,8.7,6.62,442.0,27.0,0.08,3.36
2021/07/25 12:00:00,白洋湾金墅水源地4,120.3795,31.3777,8.7,6.63,442.0,27.0,0.08,3.36
2021/07/25 18:00:00,白洋湾金墅水源地4,120.3795,31.3777,8.7,6.63,442.0,27.0,0.08,3.36
2021/07/26 00:00:00,白洋湾金墅水源地4,120.3795,31.3777,8.7,6.64,441.0,27.0,0.08,3.35
2021/07/26 06:00:00,白洋湾金墅水源地4,120.3795,31.3777,8.7,6.65,441.0,27.0,0.08,3.35
2021/07/26 12:00:00,白洋湾金墅水源地4,120.3795,31.3777,8.7,6.66,441.0,27.0,0.08,3.34
2021/07/26 18:00:00,白洋湾金墅水源地4,120.3795,31.3777,8.7,6.67,440.0,27.0,0.08,3.34
2021/07/27 00:00:00,白洋湾金墅水源地4,120.3795,31.3777,8.7,6.68,440.0,27.0,0.08,3.33
2021/07/27 06:00:00,白洋湾金墅水源地4,120.3795,31.3777,8.7,6.68,440.0,27.0,0.08,3.33
2021/07/27 12:00:00,白洋湾金墅水源地4,120.3795,31.3777,8.7,6.69,440.0,27.0,0.08,3.33
2021/07/27 18:00:00,白洋湾金墅水源地4,120.3795,31.3777,8.7,6.7,439.0,27.0,0.08,3.32
2021/07/28 00:00:00,白洋湾金墅水源地4,120.3795,31.3777,8.7,6.7,439.0,27.0,0.08,3.32
2021/07/28 06:00:00,白洋湾金墅水源地4,120.3795,31.3777,8.7,6.71,439.0,27.0,0.08,3.31
2021/07/28 12:00:00,白洋湾金墅水源地4,120.3795,31.3777,8.7,6.71,439.0,26.0,0.08,3.31
2021/07/28 18:00:00,白洋湾金墅水源地4,120.3795,31.3777,8.7,6.72,438.0,26.0,0.08,3.3
2021/07/29 00:00:00,白洋湾金墅水源地4,120.3795,31.3777,8.7,6.72,438.0,26.0,0.08,3.3
2021/07/29 06:00:00,白洋湾金墅水源地4,120.3795,31.3777,8.7,6.72,438.0,26.0,0.08,3.29
2021/07/29 12:00:00,白洋湾金墅水源地4,120.3795,31.3777,8.7,6.73,438.0,26.0,0.08,3.29
2021/07/29 18:00:00,白洋湾金墅水源地4,120.3795,31.3777,8.7,6.73,438.0,26.0,0.08,3.28
2021/07/30 00:00:00,白洋湾金墅水源地4,120.3795,31.3777,8.7,6.73,437.0,26.0,0.08,3.28
2021/07/30 06:00:00,白洋湾金墅水源地4,120.3795,31.3777,8.7,6.73,437.0,26.0,0.08,3.27
2021/07/30 12:00:00,白洋湾金墅水源地4,120.3795,31.3777,8.6,6.73,437.0,26.0,0.08,3.27
2021/07/30 18:00:00,白洋湾金墅水源地4,120.3795,31.3777,8.6,6.73,437.0,26.0,0.08,3.26
2021/07/31 00:00:00,白洋湾金墅水源地4,120.3795,31.3777,8.6,6.73,437.0,26.0,0.08,3.26
2021/07/31 06:00:00,白洋湾金墅水源地4,120.3795,31.3777,8.6,6.73,436.0,26.0,0.08,3.26
2021/07/31 12:00:00,白洋湾金墅水源地4,120.3795,31.3777,8.6,6.73,436.0,26.0,0.08,3.25
2021/07/31 18:00:00,白洋湾金墅水源地4,120.3795,31.3777,8.6,6.73,436.0,26.0,0.08,3.25
2021/08/01 00:00:00,白洋湾金墅水源地4,120.3795,31.3777,8.6,6.73,436.0,26.0,0.08,3.24
2021/08/01 06:00:00,白洋湾金墅水源地4,120.3795,31.3777,8.6,6.72,436.0,26.0,0.08,3.24
2021/08/01 12:00:00,白洋湾金墅水源地4,120.3795,31.3777,8.6,6.72,436.0,26.0,0.08,3.24
2021/08/01 18:00:00,白洋湾金墅水源地4,120.3795,31.3777,8.6,6.71,435.0,26.0,0.08,3.23
2021/08/02 00:00:00,白洋湾金墅水源地4,120.3795,31.3777,8.6,6.71,435.0,26.0,0.08,3.23
2021/08/02 06:00:00,白洋湾金墅水源地4,120.3795,31.3777,8.6,6.7,435.0,26.0,0.08,3.22
2021/08/02 12:00:00,白洋湾金墅水源地4,120.3795,31.3777,8.6,6.69,435.0,26.0,0.08,3.22
2021/08/02 18:00:00,白洋湾金墅水源地4,120.3795,31.3777,8.6,6.69,435.0,26.0,0.08,3.22
2021/08/03 00:00:00,白洋湾金墅水源地4,120.3795,31.3777,8.6,6.68,435.0,26.0,0.08,3.22
2021/08/03 06:00:00,白洋湾金墅水源地4,120.3795,31.3777,8.6,6.67,435.0,26.0,0.08,3.21
2021/08/03 12:00:00,白洋湾金墅水源地4,120.3795,31.3777,8.6,6.66,435.0,26.0,0.08,3.21
2021/08/03 18:00:00,白洋湾金墅水源地4,120.3795,31.3777,8.6,6.65,435.0,26.0,0.08,3.21
2021/08/04 00:00:00,白洋湾金墅水源地4,120.3795,31.3777,8.6,6.64,435.0,26.0,0.08,3.21
2021/08/04 06:00:00,白洋湾金墅水源地4,120.3795,31.3777,8.6,6.63,435.0,26.0,0.08,3.2
2021/08/04 12:00:00,白洋湾金墅水源地4,120.3795,31.3777,8.6,6.61,434.0,26.0,0.08,3.2
2021/08/04 18:00:00,白洋湾金墅水源地4,120.3795,31.3777,8.5,6.6,434.0,26.0,0.08,3.2
2021/08/05 00:00:00,白洋湾金墅水源地4,120.3795,31.3777,8.5,6.59,434.0,26.0,0.08,3.2
2021/08/05 06:00:00,白洋湾金墅水源地4,120.3795,31.3777,8.5,6.58,434.0,26.0,0.08,3.2
2021/08/05 12:00:00,白洋湾金墅水源地4,120.3795,31.3777,8.5,6.56,434.0,26.0,0.08,3.2
2021/08/05 18:00:00,白洋湾金墅水源地4,120.3795,31.3777,8.5,6.55,434.0,26.0,0.08,3.2
2021/08/06 00:00:00,白洋湾金墅水源地4,120.3795,31.3777,8.5,6.53,434.0,26.0,0.08,3.2
2021/08/06 06:00:00,白洋湾金墅水源地4,120.3795,31.3777,8.5,6.52,434.0,26.0,0.08,3.2
2021/08/06 12:00:00,白洋湾金墅水源地4,120.3795,31.3777,8.5,6.5,434.0,26.0,0.08,3.2
2021/08/06 18:00:00,白洋湾金墅水源地4,120.3795,31.3777,8.5,6.49,434.0,26.0,0.08,3.2
2021/08/07 00:00:00,白洋湾金墅水源地4,120.3795,31.3777,8.5,6.47,434.0,26.0,0.08,3.2
2021/08/07 06:00:00,白洋湾金墅水源地4,120.3795,31.3777,8.5,6.46,434.0,26.0,0.08,3.2
2021/08/07 12:00:00,白洋湾金墅水源地4,120.3795,31.3777,8.5,6.44,434.0,26.0,0.08,3.2
2021/08/07 18:00:00,白洋湾金墅水源地4,120.3795,31.3777,8.5,6.43,434.0,26.0,0.08,3.2
2021/08/08 00:00:00,白洋湾金墅水源地4,120.3795,31.3777,8.5,6.41,434.0,26.0,0.08,3.2
2021/08/08 06:00:00,白洋湾金墅水源地4,120.3795,31.3777,8.5,6.39,434.0,26.0,0.08,3.21
2021/08/08 12:00:00,白洋湾金墅水源地4,120.3795,31.3777,8.5,6.38,434.0,26.0,0.08,3.21
2021/08/08 18:00:00,白洋湾金墅水源地4,120.3795,31.3777,8.5,6.36,434.0,26.0,0.08,3.21
2021/08/09 00:00:00,白洋湾金墅水源地4,120.3795,31.3777,8.5,6.34,433.0,26.0,0.08,3.21
2021/08/09 06:00:00,白洋湾金墅水源地4,120.3795,31.3777,8.5,6.33,433.0,26.0,0.08,3.22
2021/08/09 12:00:00,白洋湾金墅水源地4,120.3795,31.3777,8.5,6.31,433.0,26.0,0.08,3.22
2021/08/09 18:00:00,白洋湾金墅水源地4,120.3795,31.3777,8.5,6.3,433.0,27.0,0.08,3.22
2021/08/10 00:00:00,白洋湾金墅水源地4,120.3795,31.3777,8.4,6.28,433.0,27.0,0.08,3.23
2021/08/10 06:00:00,白洋湾金墅水源地4,120.3795,31.3777,8.4,6.26,433.0,27.0,0.08,3.23
2021/08/10 12:00:00,白洋湾金墅水源地4,120.3795,31.3777,8.4,6.25,433.0,27.0,0.08,3.24
2021/08/10 18:00:00,白洋湾金墅水源地4,120.3795,31.3777,8.4,6.23,433.0,27.0,0.08,3.24
2021/08/11 00:00:00,白洋湾金墅水源地4,120.3795,31.3777,8.4,6.22,433.0,27.0,0.08,3.25
2021/08/11 06:00:00,白洋湾金墅水源地4,120.3795,31.3777,8.4,6.2,433.0,27.0,0.08,3.25
2021/08/11 12:00:00,白洋湾金墅水源地4,120.3795,31.3777,8.4,6.19,432.0,27.0,0.08,3.26
2021/08/11 18:00:00,白洋湾金墅水源地4,120.3795,31.3777,8.4,6.17,432.0,27.0,0.08,3.27
2021/08/12 00:00:00,白洋湾金墅水源地4,120.3795,31.3777,8.4,6.16,432.0,27.0,0.08,3.27
2021/08/12 06:00:00,白洋湾金墅水源地4,120.3795,31.3777,8.4,6.15,432.0,27.0,0.08,3.28
2021/08/12 12:00:00,白洋湾金墅水源地4,120.3795,31.3777,8.4,6.13,432.0,27.0,0.08,3.29
2021/08/12 18:00:00,白洋湾金墅水源地4,120.3795,31.3777,8.4,6.12,432.0,27.0,0.08,3.29
2021/08/13 00:00:00,白洋湾金墅水源地4,120.3795,31.3777,8.4,6.11,431.0,28.0,0.08,3.3
2021/08/13 06:00:00,白洋湾金墅水源地4,120.3795,31.3777,8.4,6.1,431.0,28.0,0.08,3.31
2021/08/13 12:00:00,白洋湾金墅水源地4,120.3795,31.3777,8.4,6.08,431.0,28.0,0.08,3.32
2021/08/13 18:00:00,白洋湾金墅水源地4,120.3795,31.3777,8.4,6.07,431.0,28.0,0.08,3.33
2021/08/14 00:00:00,白洋湾金墅水源地4,120.3795,31.3777,8.4,6.06,431.0,28.0,0.08,3.34
2021/08/14 06:00:00,白洋湾金墅水源地4,120.3795,31.3777,8.4,6.05,430.0,28.0,0.08,3.35
2021/08/14 12:00:00,白洋湾金墅水源地4,120.3795,31.3777,8.4,6.04,430.0,28.0,0.08,3.36
2021/08/14 18:00:00,白洋湾金墅水源地4,120.3795,31.3777,8.4,6.03,430.0,28.0,0.08,3.37
2021/08/15 00:00:00,白洋湾金墅水源地4,120.3795,31.3777,8.4,6.02,430.0,28.0,0.08,3.38
2021/08/15 06:00:00,白洋湾金墅水源地4,120.3795,31.3777,8.3,6.01,429.0,29.0,0.08,3.39
2021/08/15 12:00:00,白洋湾金墅水源地4,120.3795,31.3777,8.3,6.01,429.0,29.0,0.08,3.4
2021/08/15 18:00:00,白洋湾金墅水源地4,120.3795,31.3777,8.3,6.0,429.0,29.0,0.08,3.41
2021/08/16 00:00:00,白洋湾金墅水源地4,120.3795,31.3777,8.3,5.99,428.0,29.0,0.08,3.42
2021/08/16 06:00:00,白洋湾金墅水源地4,120.3795,31.3777,8.3,5.98,428.0,29.0,0.08,3.44
2021/08/16 12:00:00,白洋湾金墅水源地4,120.3795,31.3777,8.3,5.98,428.0,29.0,0.08,3.45
2021/08/16 18:00:00,白洋湾金墅水源地4,120.3795,31.3777,8.3,5.97,427.0,29.0,0.08,3.46
2021/08/17 00:00:00,白洋湾金墅水源地4,120.3795,31.3777,8.3,5.96,427.0,30.0,0.08,3.47
2021/08/17 06:00:00,白洋湾金墅水源地4,120.3795,31.3777,8.3,5.96,427.0,30.0,0.08,3.49
2021/08/17 12:00:00,白洋湾金墅水源地4,120.3795,31.3777,8.3,5.95,426.0,30.0,0.08,3.5
2021/08/17 18:00:00,白洋湾金墅水源地4,120.3795,31.3777,8.3,5.95,426.0,30.0,0.08,3.51
2021/08/18 00:00:00,白洋湾金墅水源地4,120.3795,31.3777,8.3,5.94,425.0,30.0,0.08,3.53
2021/08/18 06:00:00,白洋湾金墅水源地4,120.3795,31.3777,8.3,5.94,425.0,30.0,0.09,3.54
2021/08/18 12:00:00,白洋湾金墅水源地4,120.3795,31.3777,8.3,5.93,425.0,30.0,0.09,3.55
2021/08/18 18:00:00,白洋湾金墅水源地4,120.3795,31.3777,8.3,5.93,424.0,30.0,0.09,3.57
2021/08/19 00:00:00,白洋湾金墅水源地4,120.3795,31.3777,8.3,5.93,424.0,31.0,0.09,3.58
2021/08/19 06:00:00,白洋湾金墅水源地4,120.3795,31.3777,8.3,5.92,423.0,31.0,0.09,3.6
2021/08/19 12:00:00,白洋湾金墅水源地4,120.3795,31.3777,8.3,5.92,423.0,31.0,0.09,3.61
2021/08/19 18:00:00,白洋湾金墅水源地4,120.3795,31.3777,8.3,5.92,422.0,31.0,0.09,3.62
2021/08/20 00:00:00,白洋湾金墅水源地4,120.3795,31.3777,8.3,5.92,422.0,31.0,0.09,3.64
2021/08/20 06:00:00,白洋湾金墅水源地4,120.3795,31.3777,8.3,5.92,421.0,31.0,0.09,3.65
2021/08/20 12:00:00,白洋湾金墅水源地4,120.3795,31.3777,8.2,5.92,421.0,31.0,0.09,3.67
2021/08/20 18:00:00,白洋湾金墅水源地4,120.3795,31.3777,8.2,5.91,420.0,31.0,0.09,3.68
2021/08/21 00:00:00,白洋湾金墅水源地4,120.3795,31.3777,8.2,5.91,420.0,31.0,0.09,3.7
2021/08/21 06:00:00,白洋湾金墅水源地4,120.3795,31.3777,8.2,5.91,419.0,31.0,0.09,3.71
2021/08/21 12:00:00,白洋湾金墅水源地4,120.3795,31.3777,8.2,5.91,419.0,31.0,0.09,3.73
2021/08/21 18:00:00,白洋湾金墅水源地4,120.3795,31.3777,8.2,5.91,418.0,32.0,0.09,3.74
2021/08/22 00:00:00,白洋湾金墅水源地4,120.3795,31.3777,8.2,5.92,418.0,32.0,0.09,3.76
2021/08/22 06:00:00,白洋湾金墅水源地4,120.3795,31.3777,8.2,5.92,417.0,32.0,0.09,3.77
2021/08/22 12:00:00,白洋湾金墅水源地4,120.3795,31.3777,8.2,5.92,417.0,32.0,0.09,3.79
2021/08/22 18:00:00,白洋湾金墅水源地4,120.3795,31.3777,8.2,5.92,416.0,32.0,0.09,3.8
2021/08/23 00:00:00,白洋湾金墅水源地4,120.3795,31.3777,8.2,5.92,416.0,32.0,0.09,3.82
2021/08/23 06:00:00,白洋湾金墅水源地4,120.3795,31.3777,8.2,5.92,415.0,32.0,0.09,3.83
2021/08/23 12:00:00,白洋湾金墅水源地4,120.3795,31.3777,8.2,5.93,415.0,32.0,0.09,3.85
2021/08/23 18:00:00,白洋湾金墅水源地4,120.3795,31.3777,8.2,5.93,414.0,32.0,0.09,3.86
2021/08/24 00:00:00,白洋湾金墅水源地4,120.3795,31.3777,8.2,5.93,413.0,32.0,0.09,3.88
2021/08/24 06:00:00,白洋湾金墅水源地4,120.3795,31.3777,8.2,5.94,413.0,32.0,0.09,3.89
2021/08/24 12:00:00,白洋湾金墅水源地4,120.3795,31.3777,8.2,5.94,412.0,32.0,0.09,3.91
2021/08/24 18:00:00,白洋湾金墅水源地4,120.3795,31.3777,8.2,5.94,411.0,32.0,0.09,3.92
2021/08/25 00:00:00,白洋湾金墅水源地4,120.3795,31.3777,8.2,5.95,411.0,32.0,0.09,3.94
2021/08/25 06:00:00,白洋湾金墅水源地4,120.3795,31.3777,8.2,5.95,410.0,32.0,0.09,3.95
2021/08/25 12:00:00,白洋湾金墅水源地4,120.3795,31.3777,8.2,5.96,410.0,32.0,0.09,3.97
2021/08/25 18:00:00,白洋湾金墅水源地4,120.3795,31.3777,8.2,5.96,409.0,32.0,0.09,3.98
2021/08/26 00:00:00,白洋湾金墅水源地4,120.3795,31.3777,8.1,5.97,408.0,32.0,0.09,4.0
2021/08/26 06:00:00,白洋湾金墅水源地4,120.3795,31.3777,8.1,5.97,408.0,32.0,0.09,4.01
2021/08/26 12:00:00,白洋湾金墅水源地4,120.3795,31.3777,8.1,5.98,407.0,32.0,0.09,4.03
2021/08/26 18:00:00,白洋湾金墅水源地4,120.3795,31.3777,8.1,5.98,406.0,32.0,0.09,4.04
2021/08/27 00:00:00,白洋湾金墅水源地4,120.3795,31.3777,8.1,5.99,406.0,32.0,0.09,4.06
2021/08/27 06:00:00,白洋湾金墅水源地4,120.3795,31.3777,8.1,6.0,405.0,31.0,0.09,4.07
2021/08/27 12:00:00,白洋湾金墅水源地4,120.3795,31.3777,8.1,6.0,405.0,31.0,0.09,4.09
2021/08/27 18:00:00,白洋湾金墅水源地4,120.3795,31.3777,8.1,6.01,404.0,31.0,0.08,4.1
2021/08/28 00:00:00,白洋湾金墅水源地4,120.3795,31.3777,8.1,6.01,403.0,31.0,0.08,4.12
2021/08/28 06:00:00,白洋湾金墅水源地4,120.3795,31.3777,8.1,6.02,403.0,31.0,0.08,4.13
2021/08/28 12:00:00,白洋湾金墅水源地4,120.3795,31.3777,8.1,6.03,402.0,31.0,0.08,4.14
2021/08/28 18:00:00,白洋湾金墅水源地4,120.3795,31.3777,8.1,6.03,401.0,31.0,0.08,4.16
2021/08/29 00:00:00,白洋湾金墅水源地4,120.3795,31.3777,8.1,6.04,401.0,31.0,0.08,4.17
2021/08/29 06:00:00,白洋湾金墅水源地4,120.3795,31.3777,8.1,6.05,400.0,31.0,0.08,4.19
2021/08/29 12:00:00,白洋湾金墅水源地4,120.3795,31.3777,8.1,6.05,399.0,31.0,0.08,4.2
2021/08/29 18:00:00,白洋湾金墅水源地4,120.3795,31.3777,8.1,6.06,399.0,30.0,0.08,4.21
2021/08/30 00:00:00,白洋湾金墅水源地4,120.3795,31.3777,8.1,6.07,398.0,30.0,0.08,4.23
2021/08/30 06:00:00,白洋湾金墅水源地4,120.3795,31.3777,8.1,6.07,398.0,30.0,0.08,4.24
2021/08/30 12:00:00,白洋湾金墅水源地4,120.3795,31.3777,8.1,6.08,397.0,30.0,0.08,4.25
2021/08/30 18:00:00,白洋湾金墅水源地4,120.3795,31.3777,8.1,6.09,396.0,30.0,0.08,4.27
2021/08/31 00:00:00,白洋湾金墅水源地4,120.3795,31.3777,8.1,6.09,396.0,30.0,0.08,4.28
2021/08/31 06:00:00,白洋湾金墅水源地4,120.3795,31.3777,8.1,6.1,395.0,30.0,0.08,4.29
2021/08/31 12:00:00,白洋湾金墅水源地4,120.3795,31.3777,8.1,6.1,395.0,29.0,0.08,4.31
2021/08/31 18:00:00,白洋湾金墅水源地4,120.3795,31.3777,8.1,6.11,394.0,29.0,0.08,4.32
2021/09/01 00:00:00,白洋湾金墅水源地4,120.3795,31.3777,8.1,6.12,393.0,29.0,0.08,4.33
2021/09/01 06:00:00,白洋湾金墅水源地4,120.3795,31.3777,8.1,6.12,393.0,29.0,0.08,4.35
2021/09/01 12:00:00,白洋湾金墅水源地4,120.3795,31.3777,8.1,6.13,392.0,29.0,0.08,4.36
2021/09/01 18:00:00,白洋湾金墅水源地4,120.3795,31.3777,8.1,6.13,392.0,29.0,0.08,4.37
2021/09/02 00:00:00,白洋湾金墅水源地4,120.3795,31.3777,8.1,6.14,391.0,28.0,0.08,4.38
2021/09/02 06:00:00,白洋湾金墅水源地4,120.3795,31.3777,8.1,6.15,391.0,28.0,0.08,4.4
2021/09/02 12:00:00,白洋湾金墅水源地4,120.3795,31.3777,8.1,6.15,390.0,28.0,0.08,4.41
2021/09/02 18:00:00,白洋湾金墅水源地4,120.3795,31.3777,8.1,6.16,390.0,28.0,0.08,4.42
2021/09/03 00:00:00,白洋湾金墅水源地4,120.3795,31.3777,8.1,6.16,389.0,28.0,0.08,4.43
2021/09/03 06:00:00,白洋湾金墅水源地4,120.3795,31.3777,8.1,6.17,389.0,27.0,0.08,4.44
2021/09/03 12:00:00,白洋湾金墅水源地4,120.3795,31.3777,8.2,6.17,388.0,27.0,0.08,4.46
2021/09/03 18:00:00,白洋湾金墅水源地4,120.3795,31.3777,8.2,6.18,388.0,27.0,0.08,4.47
2021/09/04 00:00:00,白洋湾金墅水源地4,120.3795,31.3777,8.2,6.18,387.0,27.0,0.08,4.48
2021/09/04 06:00:00,白洋湾金墅水源地4,120.3795,31.3777,8.2,6.19,387.0,27.0,0.08,4.49
2021/09/04 12:00:00,白洋湾金墅水源地4,120.3795,31.3777,8.2,6.19,386.0,26.0,0.08,4.5
2021/09/04 18:00:00,白洋湾金墅水源地4,120.3795,31.3777,8.2,6.19,386.0,26.0,0.08,4.51
2021/09/05 00:00:00,白洋湾金墅水源地4,120.3795,31.3777,8.2,6.2,386.0,26.0,0.08,4.52
2021/09/05 06:00:00,白洋湾金墅水源地4,120.3795,31.3777,8.2,6.2,385.0,26.0,0.08,4.53
2021/09/05 12:00:00,白洋湾金墅水源地4,120.3795,31.3777,8.2,6.2,385.0,26.0,0.08,4.54
2021/09/05 18:00:00,白洋湾金墅水源地4,120.3795,31.3777,8.2,6.21,384.0,25.0,0.08,4.55
2021/09/06 00:00:00,白洋湾金墅水源地4,120.3795,31.3777,8.2,6.21,384.0,25.0,0.08,4.56
2021/09/06 06:00:00,白洋湾金墅水源地4,120.3795,31.3777,8.2,6.22,384.0,25.0,0.08,4.57
2021/09/06 12:00:00,白洋湾金墅水源地4,120.3795,31.3777,8.3,6.22,383.0,25.0,0.08,4.58
2021/09/06 18:00:00,白洋湾金墅水源地4,120.3795,31.3777,8.3,6.22,383.0,24.0,0.08,4.59
2021/09/07 00:00:00,白洋湾金墅水源地4,120.3795,31.3777,8.3,6.22,383.0,24.0,0.08,4.59
2021/09/07 06:00:00,白洋湾金墅水源地4,120.3795,31.3777,8.3,6.23,383.0,24.0,0.08,4.6
2021/09/07 12:00:00,白洋湾金墅水源地4,120.3795,31.3777,8.3,6.23,382.0,24.0,0.08,4.61
2021/09/07 18:00:00,白洋湾金墅水源地4,120.3795,31.3777,8.3,6.23,382.0,24.0,0.08,4.62
2021/09/08 00:00:00,白洋湾金墅水源地4,120.3795,31.3777,8.3,6.23,382.0,23.0,0.08,4.62
2021/09/08 06:00:00,白洋湾金墅水源地4,120.3795,31.3777,8.3,6.24,381.0,23.0,0.08,4.63
2021/09/08 12:00:00,白洋湾金墅水源地4,120.3795,31.3777,8.3,6.24,381.0,23.0,0.08,4.64
2021/09/08 18:00:00,白洋湾金墅水源地4,120.3795,31.3777,8.3,6.24,381.0,23.0,0.08,4.64
2021/09/09 00:00:00,白洋湾金墅水源地4,120.3795,31.3777,8.4,6.24,381.0,23.0,0.07,4.65
2021/09/09 06:00:00,白洋湾金墅水源地4,120.3795,31.3777,8.4,6.25,381.0,22.0,0.07,4.65
2021/09/09 12:00:00,白洋湾金墅水源地4,120.3795,31.3777,8.4,6.25,380.0,22.0,0.07,4.66
2021/09/09 18:00:00,白洋湾金墅水源地4,120.3795,31.3777,8.4,6.25,380.0,22.0,0.07,4.66
2021/09/10 00:00:00,白洋湾金墅水源地4,120.3795,31.3777,8.4,6.25,380.0,22.0,0.07,4.67
2021/09/10 06:00:00,白洋湾金墅水源地4,120.3795,31.3777,8.4,6.25,380.0,22.0,0.07,4.67
2021/09/10 12:00:00,白洋湾金墅水源地4,120.3795,31.3777,8.4,6.25,380.0,21.0,0.07,4.67
2021/09/10 18:00:00,白洋湾金墅水源地4,120.3795,31.3777,8.4,6.26,380.0,21.0,0.07,4.68
2021/09/11 00:00:00,白洋湾金墅水源地4,120.3795,31.3777,8.4,6.26,380.0,21.0,0.07,4.68
2021/09/11 06:00:00,白洋湾金墅水源地4,120.3795,31.3777,8.5,6.26,380.0,21.0,0.07,4.68
2021/09/11 12:00:00,白洋湾金墅水源地4,120.3795,31.3777,8.5,6.26,380.0,21.0,0.07,4.68
2021/09/11 18:00:00,白洋湾金墅水源地4,120.3795,31.3777,8.5,6.26,380.0,21.0,0.07,4.68
2021/09/12 00:00:00,白洋湾金墅水源地4,120.3795,31.3777,8.5,6.26,379.0,21.0,0.07,4.68
2021/09/12 06:00:00,白洋湾金墅水源地4,120.3795,31.3777,8.5,6.26,379.0,20.0,0.07,4.68
2021/09/12 12:00:00,白洋湾金墅水源地4,120.3795,31.3777,8.5,6.26,379.0,20.0,0.07,4.68
2021/09/12 18:00:00,白洋湾金墅水源地4,120.3795,31.3777,8.5,6.27,379.0,20.0,0.07,4.68
2021/09/13 00:00:00,白洋湾金墅水源地4,120.3795,31.3777,8.5,6.27,380.0,20.0,0.08,4.68
2021/09/13 06:00:00,白洋湾金墅水源地4,120.3795,31.3777,8.5,6.27,380.0,20.0,0.08,4.68
2021/09/13 12:00:00,白洋湾金墅水源地4,120.3795,31.3777,8.5,6.27,380.0,20.0,0.08,4.68
2021/09/13 18:00:00,白洋湾金墅水源地4,120.3795,31.3777,8.5,6.27,380.0,20.0,0.08,4.68
2021/09/14 00:00:00,白洋湾金墅水源地4,120.3795,31.3777,8.5,6.27,380.0,20.0,0.08,4.67
2021/09/14 06:00:00,白洋湾金墅水源地4,120.3795,31.3777,8.6,6.27,380.0,19.0,0.08,4.67
2021/09/14 12:00:00,白洋湾金墅水源地4,120.3795,31.3777,8.6,6.27,380.0,19.0,0.08,4.67
2021/09/14 18:00:00,白洋湾金墅水源地4,120.3795,31.3777,8.6,6.27,380.0,19.0,0.08,4.66
2021/09/15 00:00:00,白洋湾金墅水源地4,120.3795,31.3777,8.6,6.28,380.0,19.0,0.08,4.66
2021/09/15 06:00:00,白洋湾金墅水源地4,120.3795,31.3777,8.6,6.28,380.0,19.0,0.08,4.65
2021/09/15 12:00:00,白洋湾金墅水源地4,120.3795,31.3777,8.6,6.28,380.0,19.0,0.08,4.65
2021/09/15 18:00:00,白洋湾金墅水源地4,120.3795,31.3777,8.6,6.28,381.0,19.0,0.08,4.65
2021/09/16 00:00:00,白洋湾金墅水源地4,120.3795,31.3777,8.6,6.28,381.0,19.0,0.08,4.64
2021/09/16 06:00:00,白洋湾金墅水源地4,120.3795,31.3777,8.6,6.29,381.0,19.0,0.08,4.64
2021/09/16 12:00:00,白洋湾金墅水源地4,120.3795,31.3777,8.6,6.29,381.0,19.0,0.08,4.64
2021/09/16 18:00:00,白洋湾金墅水源地4,120.3795,31.3777,8.6,6.29,381.0,19.0,0.08,4.64
2021/09/17 00:00:00,白洋湾金墅水源地4,120.3795,31.3777,8.6,6.3,381.0,19.0,0.08,4.63
2021/09/17 06:00:00,白洋湾金墅水源地4,120.3795,31.3777,8.6,6.3,382.0,19.0,0.08,4.63
2021/09/17 12:00:00,白洋湾金墅水源地4,120.3795,31.3777,8.6,6.31,382.0,19.0,0.08,4.63
2021/09/17 18:00:00,白洋湾金墅水源地4,120.3795,31.3777,8.6,6.32,382.0,19.0,0.08,4.63
2021/09/18 00:00:00,白洋湾金墅水源地4,120.3795,31.3777,8.6,6.32,382.0,19.0,0.08,4.63
2021/09/18 06:00:00,白洋湾金墅水源地4,120.3795,31.3777,8.6,6.33,382.0,19.0,0.08,4.63
2021/09/18 12:00:00,白洋湾金墅水源地4,120.3795,31.3777,8.6,6.34,383.0,19.0,0.08,4.63
2021/09/18 18:00:00,白洋湾金墅水源地4,120.3795,31.3777,8.6,6.35,383.0,19.0,0.08,4.63
2021/09/19 00:00:00,白洋湾金墅水源地4,120.3795,31.3777,8.6,6.35,383.0,19.0,0.08,4.64
2021/09/19 06:00:00,白洋湾金墅水源地4,120.3795,31.3777,8.6,6.36,383.0,19.0,0.08,4.64
2021/09/19 12:00:00,白洋湾金墅水源地4,120.3795,31.3777,8.6,6.38,383.0,19.0,0.08,4.65
2021/09/19 18:00:00,白洋湾金墅水源地4,120.3795,31.3777,8.6,6.39,383.0,20.0,0.08,4.65
2021/09/20 00:00:00,白洋湾金墅水源地4,120.3795,31.3777,8.6,6.4,383.0,20.0,0.08,4.66
2021/09/20 06:00:00,白洋湾金墅水源地4,120.3795,31.3777,8.6,6.41,384.0,20.0,0.08,4.67
2021/09/20 12:00:00,白洋湾金墅水源地4,120.3795,31.3777,8.6,6.43,384.0,20.0,0.08,4.68
2021/09/20 18:00:00,白洋湾金墅水源地4,120.3795,31.3777,8.6,6.44,384.0,20.0,0.08,4.69
2021/09/21 00:00:00,白洋湾金墅水源地4,120.3795,31.3777,8.6,6.46,384.0,20.0,0.08,4.7
2021/09/21 06:00:00,白洋湾金墅水源地4,120.3795,31.3777,8.6,6.48,384.0,20.0,0.08,4.72
2021/09/21 12:00:00,白洋湾金墅水源地4,120.3795,31.3777,8.6,6.49,384.0,21.0,0.08,4.73
2021/09/21 18:00:00,白洋湾金墅水源地4,120.3795,31.3777,8.6,6.51,384.0,21.0,0.08,4.75
2021/09/22 00:00:00,白洋湾金墅水源地4,120.3795,31.3777,8.6,6.54,384.0,21.0,0.08,4.77
2021/09/22 06:00:00,白洋湾金墅水源地4,120.3795,31.3777,8.6,6.56,384.0,21.0,0.08,4.79
2021/09/22 12:00:00,白洋湾金墅水源地4,120.3795,31.3777,8.6,6.58,384.0,21.0,0.08,4.81
2021/09/22 18:00:00,白洋湾金墅水源地4,120.3795,31.3777,8.6,6.6,384.0,21.0,0.08,4.83
2021/09/23 00:00:00,白洋湾金墅水源地4,120.3795,31.3777,8.6,6.63,384.0,22.0,0.08,4.86
2021/09/23 06:00:00,白洋湾金墅水源地4,120.3795,31.3777,8.6,6.66,384.0,22.0,0.08,4.89
2021/09/23 12:00:00,白洋湾金墅水源地4,120.3795,31.3777,8.6,6.68,384.0,22.0,0.08,4.92
2021/09/23 18:00:00,白洋湾金墅水源地4,120.3795,31.3777,8.6,6.71,384.0,22.0,0.09,4.95
2021/09/24 00:00:00,白洋湾金墅水源地4,120.3795,31.3777,8.6,6.75,384.0,23.0,0.09,4.98
2021/09/24 06:00:00,白洋湾金墅水源地4,120.3795,31.3777,8.5,6.78,384.0,23.0,0.09,5.01
2021/09/24 12:00:00,白洋湾金墅水源地4,120.3795,31.3777,8.5,6.81,384.0,23.0,0.09,5.05
2021/09/24 18:00:00,白洋湾金墅水源地4,120.3795,31.3777,8.5,6.85,384.0,24.0,0.09,5.09
2021/09/25 00:00:00,白洋湾金墅水源地4,120.3795,31.3777,8.5,6.88,383.0,24.0,0.09,5.13
2021/09/25 06:00:00,白洋湾金墅水源地4,120.3795,31.3777,8.5,6.92,383.0,24.0,0.09,5.17
2021/09/25 12:00:00,白洋湾金墅水源地4,120.3795,31.3777,8.5,6.95,383.0,24.0,0.09,5.21
2021/09/25 18:00:00,白洋湾金墅水源地4,120.3795,31.3777,8.5,6.99,383.0,25.0,0.09,5.26
2021/09/26 00:00:00,白洋湾金墅水源地4,120.3795,31.3777,8.5,7.03,383.0,25.0,0.09,5.3
2021/09/26 06:00:00,白洋湾金墅水源地4,120.3795,31.3777,8.5,7.07,383.0,25.0,0.09,5.35
2021/09/26 12:00:00,白洋湾金墅水源地4,120.3795,31.3777,8.5,7.11,382.0,26.0,0.09,5.4
2021/09/26 18:00:00,白洋湾金墅水源地4,120.3795,31.3777,8.4,7.15,382.0,26.0,0.09,5.45
2021/09/27 00:00:00,白洋湾金墅水源地4,120.3795,31.3777,8.4,7.19,382.0,27.0,0.09,5.5
2021/09/27 06:00:00,白洋湾金墅水源地4,120.3795,31.3777,8.4,7.23,382.0,27.0,0.09,5.54
2021/09/27 12:00:00,白洋湾金墅水源地4,120.3795,31.3777,8.4,7.27,381.0,27.0,0.08,5.6
2021/09/27 18:00:00,白洋湾金墅水源地4,120.3795,31.3777,8.4,7.31,381.0,28.0,0.08,5.65
2021/09/28 00:00:00,白洋湾金墅水源地4,120.3795,31.3777,8.4,7.35,381.0,28.0,0.08,5.7
2021/09/28 06:00:00,白洋湾金墅水源地4,120.3795,31.3777,8.4,7.4,381.0,28.0,0.08,5.75
2021/09/28 12:00:00,白洋湾金墅水源地4,120.3795,31.3777,8.4,7.44,380.0,29.0,0.08,5.8
2021/09/28 18:00:00,白洋湾金墅水源地4,120.3795,31.3777,8.3,7.48,380.0,29.0,0.08,5.85
2021/09/29 00:00:00,白洋湾金墅水源地4,120.3795,31.3777,8.3,7.52,380.0,30.0,0.08,5.9
2021/09/29 06:00:00,白洋湾金墅水源地4,120.3795,31.3777,8.3,7.56,380.0,30.0,0.08,5.96
2021/09/29 12:00:00,白洋湾金墅水源地4,120.3795,31.3777,8.3,7.6,380.0,30.0,0.08,6.01
2021/09/29 18:00:00,白洋湾金墅水源地4,120.3795,31.3777,8.3,7.64,379.0,31.0,0.08,6.06
2021/09/30 00:00:00,白洋湾金墅水源地4,120.3795,31.3777,8.3,7.68,379.0,31.0,0.08,6.11
2021/09/30 06:00:00,白洋湾金墅水源地4,120.3795,31.3777,8.3,7.72,379.0,32.0,0.08,6.16
2021/09/30 12:00:00,白洋湾金墅水源地4,120.3795,31.3777,8.3,7.75,379.0,32.0,0.08,6.21
2021/09/30 18:00:00,白洋湾金墅水源地4,120.3795,31.3777,8.2,7.79,378.0,32.0,0.08,6.26
2021/10/01 00:00:00,白洋湾金墅水源地4,120.3795,31.3777,8.2,7.83,378.0,33.0,0.08,6.31
2021/10/01 06:00:00,白洋湾金墅水源地4,120.3795,31.3777,8.2,7.86,378.0,33.0,0.08,6.36
2021/10/01 12:00:00,白洋湾金墅水源地4,120.3795,31.3777,8.2,7.9,378.0,34.0,0.08,6.41
2021/10/01 18:00:00,白洋湾金墅水源地4,120.3795,31.3777,8.2,7.93,378.0,34.0,0.08,6.45
2021/10/02 00:00:00,白洋湾金墅水源地4,120.3795,31.3777,8.2,7.96,378.0,34.0,0.08,6.5
2021/10/02 06:00:00,白洋湾金墅水源地4,120.3795,31.3777,8.2,7.99,378.0,35.0,0.08,6.54
2021/10/02 12:00:00,白洋湾金墅水源地4,120.3795,31.3777,8.2,8.02,378.0,35.0,0.08,6.58
2021/10/02 18:00:00,白洋湾金墅水源地4,120.3795,31.3777,8.2,8.05,377.0,36.0,0.08,6.63
2021/10/03 00:00:00,白洋湾金墅水源地4,120.3795,31.3777,8.1,8.08,377.0,36.0,0.08,6.67
2021/10/03 06:00:00,白洋湾金墅水源地4,120.3795,31.3777,8.1,8.1,377.0,36.0,0.08,6.7
2021/10/03 12:00:00,白洋湾金墅水源地4,120.3795,31.3777,8.1,8.13,377.0,37.0,0.08,6.74
2021/10/03 18:00:00,白洋湾金墅水源地4,120.3795,31.3777,8.1,8.15,377.0,37.0,0.08,6.78
2021/10/04 00:00:00,白洋湾金墅水源地4,120.3795,31.3777,8.1,8.17,377.0,38.0,0.08,6.81
2021/10/04 06:00:00,白洋湾金墅水源地4,120.3795,31.3777,8.1,8.19,378.0,38.0,0.08,6.84
2021/10/04 12:00:00,白洋湾金墅水源地4,120.3795,31.3777,8.1,8.2,378.0,38.0,0.08,6.87
2021/10/04 18:00:00,白洋湾金墅水源地4,120.3795,31.3777,8.1,8.22,378.0,39.0,0.08,6.9
2021/10/05 00:00:00,白洋湾金墅水源地4,120.3795,31.3777,8.1,8.23,378.0,39.0,0.08,6.92
2021/10/05 06:00:00,白洋湾金墅水源地4,120.3795,31.3777,8.1,8.24,378.0,39.0,0.08,6.94
2021/10/05 12:00:00,白洋湾金墅水源地4,120.3795,31.3777,8.0,8.25,378.0,40.0,0.08,6.97
2021/10/05 18:00:00,白洋湾金墅水源地4,120.3795,31.3777,8.0,8.26,379.0,40.0,0.08,6.99
2021/10/06 00:00:00,白洋湾金墅水源地4,120.3795,31.3777,8.0,8.27,379.0,40.0,0.08,7.0
2021/10/06 06:00:00,白洋湾金墅水源地4,120.3795,31.3777,8.0,8.27,379.0,41.0,0.07,7.02
2021/10/06 12:00:00,白洋湾金墅水源地4,120.3795,31.3777,8.0,8.28,379.0,41.0,0.07,7.03
2021/10/06 18:00:00,白洋湾金墅水源地4,120.3795,31.3777,8.0,8.28,380.0,41.0,0.07,7.05
2021/10/07 00:00:00,白洋湾金墅水源地4,120.3795,31.3777,8.0,8.28,380.0,41.0,0.07,7.06
2021/10/07 06:00:00,白洋湾金墅水源地4,120.3795,31.3777,8.0,8.29,380.0,42.0,0.07,7.07
2021/10/07 12:00:00,白洋湾金墅水源地4,120.3795,31.3777,8.0,8.29,381.0,42.0,0.07,7.07
2021/10/07 18:00:00,白洋湾金墅水源地4,120.3795,31.3777,8.0,8.29,381.0,42.0,0.07,7.08
2021/10/08 00:00:00,白洋湾金墅水源地4,120.3795,31.3777,8.0,8.28,381.0,42.0,0.07,7.08
2021/10/08 06:00:00,白洋湾金墅水源地4,120.3795,31.3777,8.0,8.28,382.0,43.0,0.07,7.09
2021/10/08 12:00:00,白洋湾金墅水源地4,120.3795,31.3777,8.0,8.28,382.0,43.0,0.07,7.09
2021/10/08 18:00:00,白洋湾金墅水源地4,120.3795,31.3777,8.0,8.27,382.0,43.0,0.07,7.08
2021/10/09 00:00:00,白洋湾金墅水源地4,120.3795,31.3777,8.0,8.27,383.0,43.0,0.07,7.08
2021/10/09 06:00:00,白洋湾金墅水源地4,120.3795,31.3777,8.0,8.26,383.0,43.0,0.07,7.08
2021/10/09 12:00:00,白洋湾金墅水源地4,120.3795,31.3777,8.0,8.26,384.0,44.0,0.07,7.07
2021/10/09 18:00:00,白洋湾金墅水源地4,120.3795,31.3777,8.0,8.25,384.0,44.0,0.07,7.06
2021/10/10 00:00:00,白洋湾金墅水源地4,120.3795,31.3777,8.0,8.25,385.0,44.0,0.07,7.05
2021/10/10 06:00:00,白洋湾金墅水源地4,120.3795,31.3777,8.0,8.24,385.0,44.0,0.07,7.04
2021/10/10 12:00:00,白洋湾金墅水源地4,120.3795,31.3777,8.0,8.23,386.0,44.0,0.07,7.03
2021/10/10 18:00:00,白洋湾金墅水源地4,120.3795,31.3777,8.0,8.23,386.0,44.0,0.07,7.02
2021/10/11 00:00:00,白洋湾金墅水源地4,120.3795,31.3777,8.0,8.22,387.0,44.0,0.07,7.0
2021/10/11 06:00:00,白洋湾金墅水源地4,120.3795,31.3777,8.0,8.21,387.0,44.0,0.07,6.99
2021/10/11 12:00:00,白洋湾金墅水源地4,120.3795,31.3777,8.0,8.21,388.0,44.0,0.07,6.97
2021/10/11 18:00:00,白洋湾金墅水源地4,120.3795,31.3777,8.0,8.2,388.0,44.0,0.07,6.95
2021/10/12 00:00:00,白洋湾金墅水源地4,120.3795,31.3777,8.0,8.19,389.0,44.0,0.07,6.93
2021/10/12 06:00:00,白洋湾金墅水源地4,120.3795,31.3777,8.0,8.19,389.0,44.0,0.07,6.9
2021/10/12 12:00:00,白洋湾金墅水源地4,120.3795,31.3777,8.0,8.18,390.0,44.0,0.07,6.88
2021/10/12 18:00:00,白洋湾金墅水源地4,120.3795,31.3777,8.0,8.17,390.0,44.0,0.07,6.85
2021/10/13 00:00:00,白洋湾金墅水源地4,120.3795,31.3777,8.0,8.17,391.0,44.0,0.07,6.83
2021/10/13 06:00:00,白洋湾金墅水源地4,120.3795,31.3777,8.0,8.16,391.0,44.0,0.07,6.8
2021/10/13 12:00:00,白洋湾金墅水源地4,120.3795,31.3777,8.0,8.16,392.0,44.0,0.07,6.77
2021/10/13 18:00:00,白洋湾金墅水源地4,120.3795,31.3777,8.0,8.16,392.0,43.0,0.07,6.74
2021/10/14 00:00:00,白洋湾金墅水源地4,120.3795,31.3777,8.0,8.15,393.0,43.0,0.07,6.71
2021/10/14 06:00:00,白洋湾金墅水源地4,120.3795,31.3777,8.0,8.15,393.0,43.0,0.07,6.67
2021/10/14 12:00:00,白洋湾金墅水源地4,120.3795,31.3777,8.0,8.15,394.0,43.0,0.07,6.64
2021/10/14 18:00:00,白洋湾金墅水源地4,120.3795,31.3777,8.0,8.15,394.0,42.0,0.07,6.6
2021/10/15 00:00:00,白洋湾金墅水源地4,120.3795,31.3777,8.0,8.15,395.0,42.0,0.07,6.57
2021/10/15 06:00:00,白洋湾金墅水源地4,120.3795,31.3777,8.0,8.15,395.0,42.0,0.07,6.53
2021/10/15 12:00:00,白洋湾金墅水源地4,120.3795,31.3777,8.0,8.15,396.0,41.0,0.07,6.49
2021/10/15 18:00:00,白洋湾金墅水源地4,120.3795,31.3777,8.0,8.15,396.0,41.0,0.07,6.45
2021/10/16 00:00:00,白洋湾金墅水源地4,120.3795,31.3777,8.0,8.16,397.0,41.0,0.07,6.41
2021/10/16 06:00:00,白洋湾金墅水源地4,120.3795,31.3777,8.0,8.16,397.0,40.0,0.07,6.37
2021/10/16 12:00:00,白洋湾金墅水源地4,120.3795,31.3777,8.0,8.17,398.0,40.0,0.07,6.32
2021/10/16 18:00:00,白洋湾金墅水源地4,120.3795,31.3777,8.0,8.17,398.0,40.0,0.07,6.28
2021/10/17 00:00:00,白洋湾金墅水源地4,120.3795,31.3777,8.0,8.18,398.0,39.0,0.07,6.24
2021/10/17 06:00:00,白洋湾金墅水源地4,120.3795,31.3777,8.0,8.19,399.0,39.0,0.07,6.2
2021/10/17 12:00:00,白洋湾金墅水源地4,120.3795,31.3777,8.0,8.19,399.0,39.0,0.07,6.16
2021/10/17 18:00:00,白洋湾金墅水源地4,120.3795,31.3777,8.0,8.2,400.0,38.0,0.07,6.11
2021/10/18 00:00:00,白洋湾金墅水源地4,120.3795,31.3777,8.1,8.21,400.0,38.0,0.07,6.07
2021/10/18 06:00:00,白洋湾金墅水源地4,120.3795,31.3777,8.1,8.22,401.0,38.0,0.07,6.03
2021/10/18 12:00:00,白洋湾金墅水源地4,120.3795,31.3777,8.1,8.23,401.0,37.0,0.07,5.99
2021/10/18 18:00:00,白洋湾金墅水源地4,120.3795,31.3777,8.1,8.24,401.0,37.0,0.07,5.95
2021/10/19 00:00:00,白洋湾金墅水源地4,120.3795,31.3777,8.1,8.25,402.0,37.0,0.07,5.91
2021/10/19 06:00:00,白洋湾金墅水源地4,120.3795,31.3777,8.1,8.26,402.0,36.0,0.07,5.87
2021/10/19 12:00:00,白洋湾金墅水源地4,120.3795,31.3777,8.1,8.28,403.0,36.0,0.07,5.83
2021/10/19 18:00:00,白洋湾金墅水源地4,120.3795,31.3777,8.1,8.29,403.0,36.0,0.07,5.79
2021/10/20 00:00:00,白洋湾金墅水源地4,120.3795,31.3777,8.1,8.3,403.0,36.0,0.07,5.76
2021/10/20 06:00:00,白洋湾金墅水源地4,120.3795,31.3777,8.1,8.31,404.0,36.0,0.08,5.72
2021/10/20 12:00:00,白洋湾金墅水源地4,120.3795,31.3777,8.1,8.33,404.0,36.0,0.08,5.69
2021/10/20 18:00:00,白洋湾金墅水源地4,120.3795,31.3777,8.1,8.34,405.0,36.0,0.08,5.66
2021/10/21 00:00:00,白洋湾金墅水源地4,120.3795,31.3777,8.1,8.36,405.0,36.0,0.08,5.63
2021/10/21 06:00:00,白洋湾金墅水源地4,120.3795,31.3777,8.1,8.37,405.0,36.0,0.08,5.6
2021/10/21 12:00:00,白洋湾金墅水源地4,120.3795,31.3777,8.1,8.39,406.0,36.0,0.08,5.57
2021/10/21 18:00:00,白洋湾金墅水源地4,120.3795,31.3777,8.1,8.4,406.0,36.0,0.08,5.54
2021/10/22 00:00:00,白洋湾金墅水源地4,120.3795,31.3777,8.1,8.42,406.0,37.0,0.08,5.52
2021/10/22 06:00:00,白洋湾金墅水源地4,120.3795,31.3777,8.1,8.44,407.0,37.0,0.08,5.5
2021/10/22 12:00:00,白洋湾金墅水源地4,120.3795,31.3777,8.1,8.45,407.0,37.0,0.09,5.48
2021/10/22 18:00:00,白洋湾金墅水源地4,120.3795,31.3777,8.1,8.47,407.0,38.0,0.09,5.46
2021/10/23 00:00:00,白洋湾金墅水源地4,120.3795,31.3777,8.1,8.49,408.0,38.0,0.09,5.45
2021/10/23 06:00:00,白洋湾金墅水源地4,120.3795,31.3777,8.1,8.5,408.0,39.0,0.09,5.44
2021/10/23 12:00:00,白洋湾金墅水源地4,120.3795,31.3777,8.1,8.52,408.0,39.0,0.09,5.43
2021/10/23 18:00:00,白洋湾金墅水源地4,120.3795,31.3777,8.1,8.54,409.0,40.0,0.09,5.43
2021/10/24 00:00:00,白洋湾金墅水源地4,120.3795,31.3777,8.1,8.55,409.0,41.0,0.1,5.42
2021/10/24 06:00:00,白洋湾金墅水源地4,120.3795,31.3777,8.1,8.57,409.0,42.0,0.1,5.42
2021/10/24 12:00:00,白洋湾金墅水源地4,120.3795,31.3777,8.1,8.59,409.0,43.0,0.1,5.43
2021/10/24 18:00:00,白洋湾金墅水源地4,120.3795,31.3777,8.1,8.61,410.0,44.0,0.1,5.43
2021/10/25 00:00:00,白洋湾金墅水源地4,120.3795,31.3777,8.1,8.62,410.0,45.0,0.1,5.44
2021/10/25 06:00:00,白洋湾金墅水源地4,120.3795,31.3777,8.1,8.64,410.0,46.0,0.11,5.46
2021/10/25 12:00:00,白洋湾金墅水源地4,120.3795,31.3777,8.1,8.66,411.0,48.0,0.11,5.47
2021/10/25 18:00:00,白洋湾金墅水源地4,120.3795,31.3777,8.1,8.68,411.0,49.0,0.11,5.49
2021/10/26 00:00:00,白洋湾金墅水源地4,120.3795,31.3777,8.1,8.7,411.0,51.0,0.11,5.52
2021/10/26 06:00:00,白洋湾金墅水源地4,120.3795,31.3777,8.1,8.71,411.0,52.0,0.11,5.54
2021/10/26 12:00:00,白洋湾金墅水源地4,120.3795,31.3777,8.1,8.73,411.0,54.0,0.12,5.57
2021/10/26 18:00:00,白洋湾金墅水源地4,120.3795,31.3777,8.1,8.75,412.0,56.0,0.12,5.6
2021/10/27 00:00:00,白洋湾金墅水源地4,120.3795,31.3777,8.1,8.77,412.0,58.0,0.12,5.63
2021/10/27 06:00:00,白洋湾金墅水源地4,120.3795,31.3777,8.1,8.78,412.0,59.0,0.13,5.67
2021/10/27 12:00:00,白洋湾金墅水源地4,120.3795,31.3777,8.1,8.8,412.0,61.0,0.13,5.71
2021/10/27 18:00:00,白洋湾金墅水源地4,120.3795,31.3777,8.1,8.82,412.0,63.0,0.13,5.74
2021/10/28 00:00:00,白洋湾金墅水源地4,120.3795,31.3777,8.1,8.83,413.0,65.0,0.13,5.78
2021/10/28 06:00:00,白洋湾金墅水源地4,120.3795,31.3777,8.1,8.85,413.0,67.0,0.14,5.82
2021/10/28 12:00:00,白洋湾金墅水源地4,120.3795,31.3777,8.1,8.87,413.0,69.0,0.14,5.87
2021/10/28 18:00:00,白洋湾金墅水源地4,120.3795,31.3777,8.0,8.89,413.0,71.0,0.14,5.91
2021/10/29 00:00:00,白洋湾金墅水源地4,120.3795,31.3777,8.0,8.9,413.0,73.0,0.14,5.95
2021/10/29 06:00:00,白洋湾金墅水源地4,120.3795,31.3777,8.0,8.92,413.0,75.0,0.15,5.99
2021/10/29 12:00:00,白洋湾金墅水源地4,120.3795,31.3777,8.0,8.93,413.0,77.0,0.15,6.04
2021/10/29 18:00:00,白洋湾金墅水源地4,120.3795,31.3777,8.0,8.95,413.0,79.0,0.15,6.08
2021/10/30 00:00:00,白洋湾金墅水源地4,120.3795,31.3777,8.0,8.96,414.0,81.0,0.15,6.13
2021/10/30 06:00:00,白洋湾金墅水源地4,120.3795,31.3777,8.0,8.98,414.0,83.0,0.16,6.17
2021/10/30 12:00:00,白洋湾金墅水源地4,120.3795,31.3777,8.0,8.99,414.0,85.0,0.16,6.21
2021/10/30 18:00:00,白洋湾金墅水源地4,120.3795,31.3777,8.0,9.01,414.0,87.0,0.16,6.25
2021/10/31 00:00:00,白洋湾金墅水源地4,120.3795,31.3777,8.0,9.02,414.0,89.0,0.16,6.29
2021/10/31 06:00:00,白洋湾金墅水源地4,120.3795,31.3777,8.0,9.04,414.0,91.0,0.17,6.33
2021/10/31 12:00:00,白洋湾金墅水源地4,120.3795,31.3777,8.0,9.05,414.0,93.0,0.17,6.37
2021/10/31 18:00:00,白洋湾金墅水源地4,120.3795,31.3777,8.0,9.06,414.0,94.0,0.17,6.41
2021/11/01 00:00:00,白洋湾金墅水源地4,120.3795,31.3777,7.9,9.08,414.0,96.0,0.17,6.44
2021/11/01 06:00:00,白洋湾金墅水源地4,120.3795,31.3777,7.9,9.09,414.0,98.0,0.17,6.48
2021/11/01 12:00:00,白洋湾金墅水源地4,120.3795,31.3777,7.9,9.1,414.0,99.0,0.17,6.51
2021/11/01 18:00:00,白洋湾金墅水源地4,120.3795,31.3777,7.9,9.11,414.0,101.0,0.18,6.54
2021/11/02 00:00:00,白洋湾金墅水源地4,120.3795,31.3777,7.9,9.12,414.0,102.0,0.18,6.56
2021/11/02 06:00:00,白洋湾金墅水源地4,120.3795,31.3777,7.9,9.13,413.0,104.0,0.18,6.59
2021/11/02 12:00:00,白洋湾金墅水源地4,120.3795,31.3777,7.9,9.15,413.0,105.0,0.18,6.61
2021/11/02 18:00:00,白洋湾金墅水源地4,120.3795,31.3777,7.9,9.15,413.0,106.0,0.18,6.62
2021/11/03 00:00:00,白洋湾金墅水源地4,120.3795,31.3777,7.9,9.16,413.0,107.0,0.18,6.64
2021/11/03 06:00:00,白洋湾金墅水源地4,120.3795,31.3777,7.9,9.17,413.0,108.0,0.18,6.65
2021/11/03 12:00:00,白洋湾金墅水源地4,120.3795,31.3777,7.9,9.18,413.0,109.0,0.18,6.65
2021/11/03 18:00:00,白洋湾金墅水源地4,120.3795,31.3777,7.9,9.19,413.0,109.0,0.18,6.66
2021/11/04 00:00:00,白洋湾金墅水源地4,120.3795,31.3777,7.9,9.2,412.0,110.0,0.18,6.66
2021/11/04 06:00:00,白洋湾金墅水源地4,120.3795,31.3777,7.9,9.2,412.0,110.0,0.19,6.65
2021/11/04 12:00:00,白洋湾金墅水源地4,120.3795,31.3777,7.9,9.21,412.0,111.0,0.18,6.64
2021/11/04 18:00:00,白洋湾金墅水源地4,120.3795,31.3777,7.9,9.22,412.0,111.0,0.18,6.63
2021/11/05 00:00:00,白洋湾金墅水源地4,120.3795,31.3777,7.9,9.22,411.0,111.0,0.18,6.61
2021/11/05 06:00:00,白洋湾金墅水源地4,120.3795,31.3777,7.9,9.23,411.0,111.0,0.18,6.59
2021/11/05 12:00:00,白洋湾金墅水源地4,120.3795,31.3777,7.9,9.23,411.0,110.0,0.18,6.56
2021/11/05 18:00:00,白洋湾金墅水源地4,120.3795,31.3777,7.9,9.23,411.0,110.0,0.18,6.53
2021/11/06 00:00:00,白洋湾金墅水源地4,120.3795,31.3777,7.9,9.24,410.0,110.0,0.18,6.49
2021/11/06 06:00:00,白洋湾金墅水源地4,120.3795,31.3777,7.9,9.24,410.0,109.0,0.18,6.45
2021/11/06 12:00:00,白洋湾金墅水源地4,120.3795,31.3777,7.9,9.24,410.0,108.0,0.18,6.41
2021/11/06 18:00:00,白洋湾金墅水源地4,120.3795,31.3777,7.9,9.24,409.0,107.0,0.18,6.37
2021/11/07 00:00:00,白洋湾金墅水源地4,120.3795,31.3777,7.9,9.24,409.0,106.0,0.18,6.32
2021/11/07 06:00:00,白洋湾金墅水源地4,120.3795,31.3777,7.9,9.25,409.0,105.0,0.17,6.27
2021/11/07 12:00:00,白洋湾金墅水源地4,120.3795,31.3777,7.9,9.25,408.0,104.0,0.17,6.21
2021/11/07 18:00:00,白洋湾金墅水源地4,120.3795,31.3777,7.9,9.25,408.0,103.0,0.17,6.16
2021/11/08 00:00:00,白洋湾金墅水源地4,120.3795,31.3777,7.9,9.25,407.0,102.0,0.17,6.1
2021/11/08 06:00:00,白洋湾金墅水源地4,120.3795,31.3777,7.9,9.25,407.0,101.0,0.17,6.04
2021/11/08 12:00:00,白洋湾金墅水源地4,120.3795,31.3777,7.9,9.25,407.0,99.0,0.16,5.98
2021/11/08 18:00:00,白洋湾金墅水源地4,120.3795,31.3777,7.9,9.24,406.0,98.0,0.16,5.91
2021/11/09 00:00:00,白洋湾金墅水源地4,120.3795,31.3777,7.9,9.24,406.0,96.0,0.16,5.85
2021/11/09 06:00:00,白洋湾金墅水源地4,120.3795,31.3777,7.9,9.24,405.0,95.0,0.16,5.78
2021/11/09 12:00:00,白洋湾金墅水源地4,120.3795,31.3777,7.9,9.24,405.0,93.0,0.15,5.71
2021/11/09 18:00:00,白洋湾金墅水源地4,120.3795,31.3777,7.9,9.24,405.0,91.0,0.15,5.64
2021/11/10 00:00:00,白洋湾金墅水源地4,120.3795,31.3777,7.9,9.24,404.0,90.0,0.15,5.57
2021/11/10 06:00:00,白洋湾金墅水源地4,120.3795,31.3777,7.9,9.24,404.0,88.0,0.15,5.5
2021/11/10 12:00:00,白洋湾金墅水源地4,120.3795,31.3777,7.9,9.23,403.0,86.0,0.14,5.43
2021/11/10 18:00:00,白洋湾金墅水源地4,120.3795,31.3777,7.9,9.23,403.0,84.0,0.14,5.36
2021/11/11 00:00:00,白洋湾金墅水源地4,120.3795,31.3777,7.9,9.23,403.0,83.0,0.14,5.29
2021/11/11 06:00:00,白洋湾金墅水源地4,120.3795,31.3777,7.9,9.23,402.0,81.0,0.14,5.22
2021/11/11 12:00:00,白洋湾金墅水源地4,120.3795,31.3777,7.9,9.22,402.0,79.0,0.13,5.15
2021/11/11 18:00:00,白洋湾金墅水源地4,120.3795,31.3777,7.9,9.22,401.0,77.0,0.13,5.08
2021/11/12 00:00:00,白洋湾金墅水源地4,120.3795,31.3777,7.9,9.22,401.0,75.0,0.13,5.01
2021/11/12 06:00:00,白洋湾金墅水源地4,120.3795,31.3777,8.0,9.22,401.0,74.0,0.12,4.94
2021/11/12 12:00:00,白洋湾金墅水源地4,120.3795,31.3777,8.0,9.22,400.0,72.0,0.12,4.87
2021/11/12 18:00:00,白洋湾金墅水源地4,120.3795,31.3777,8.0,9.21,400.0,70.0,0.12,4.8
2021/11/13 00:00:00,白洋湾金墅水源地4,120.3795,31.3777,8.0,9.21,400.0,68.0,0.12,4.74
2021/11/13 06:00:00,白洋湾金墅水源地4,120.3795,31.3777,8.0,9.21,399.0,67.0,0.11,4.67
2021/11/13 12:00:00,白洋湾金墅水源地4,120.3795,31.3777,8.0,9.21,399.0,65.0,0.11,4.61
2021/11/13 18:00:00,白洋湾金墅水源地4,120.3795,31.3777,8.0,9.21,399.0,63.0,0.11,4.55
2021/11/14 00:00:00,白洋湾金墅水源地4,120.3795,31.3777,8.0,9.21,399.0,62.0,0.11,4.49
2021/11/14 06:00:00,白洋湾金墅水源地4,120.3795,31.3777,8.0,9.2,398.0,60.0,0.1,4.43
2021/11/14 12:00:00,白洋湾金墅水源地4,120.3795,31.3777,8.0,9.2,398.0,59.0,0.1,4.38
2021/11/14 18:00:00,白洋湾金墅水源地4,120.3795,31.3777,8.0,9.2,398.0,57.0,0.1,4.33
2021/11/15 00:00:00,白洋湾金墅水源地4,120.3795,31.3777,8.0,9.2,398.0,56.0,0.1,4.28
2021/11/15 06:00:00,白洋湾金墅水源地4,120.3795,31.3777,8.0,9.2,397.0,55.0,0.1,4.24
2021/11/15 12:00:00,白洋湾金墅水源地4,120.3795,31.3777,8.0,9.2,397.0,54.0,0.09,4.19
2021/11/15 18:00:00,白洋湾金墅水源地4,120.3795,31.3777,8.0,9.2,397.0,52.0,0.09,4.15
2021/11/16 00:00:00,白洋湾金墅水源地4,120.3795,31.3777,8.0,9.2,397.0,51.0,0.09,4.12
2021/11/16 06:00:00,白洋湾金墅水源地4,120.3795,31.3777,8.0,9.2,397.0,50.0,0.09,4.08
2021/11/16 12:00:00,白洋湾金墅水源地4,120.3795,31.3777,8.0,9.2,397.0,49.0,0.09,4.05
2021/11/16 18:00:00,白洋湾金墅水源地4,120.3795,31.3777,8.0,9.21,397.0,48.0,0.09,4.02
2021/11/17 00:00:00,白洋湾金墅水源地4,120.3795,31.3777,8.0,9.21,397.0,48.0,0.09,4.0
2021/11/17 06:00:00,白洋湾金墅水源地4,120.3795,31.3777,8.0,9.21,397.0,47.0,0.08,3.97
2021/11/17 12:00:00,白洋湾金墅水源地4,120.3795,31.3777,8.0,9.21,397.0,46.0,0.08,3.95
2021/11/17 18:00:00,白洋湾金墅水源地4,120.3795,31.3777,8.0,9.22,397.0,45.0,0.08,3.93
2021/11/18 00:00:00,白洋湾金墅水源地4,120.3795,31.3777,8.0,9.22,397.0,45.0,0.08,3.91
2021/11/18 06:00:00,白洋湾金墅水源地4,120.3795,31.3777,8.0,9.22,397.0,44.0,0.08,3.89
2021/11/18 12:00:00,白洋湾金墅水源地4,120.3795,31.3777,8.0,9.22,397.0,44.0,0.08,3.88
2021/11/18 18:00:00,白洋湾金墅水源地4,120.3795,31.3777,8.0,9.23,397.0,43.0,0.08,3.87
2021/11/19 00:00:00,白洋湾金墅水源地4,120.3795,31.3777,8.0,9.23,397.0,43.0,0.08,3.86
2021/11/19 06:00:00,白洋湾金墅水源地4,120.3795,31.3777,8.0,9.24,397.0,42.0,0.08,3.85
2021/11/19 12:00:00,白洋湾金墅水源地4,120.3795,31.3777,8.0,9.24,397.0,42.0,0.08,3.84
2021/11/19 18:00:00,白洋湾金墅水源地4,120.3795,31.3777,8.0,9.25,397.0,42.0,0.07,3.83
2021/11/20 00:00:00,白洋湾金墅水源地4,120.3795,31.3777,7.9,9.25,397.0,41.0,0.07,3.83
2021/11/20 06:00:00,白洋湾金墅水源地4,120.3795,31.3777,7.9,9.26,397.0,41.0,0.07,3.82
2021/11/20 12:00:00,白洋湾金墅水源地4,120.3795,31.3777,7.9,9.26,398.0,41.0,0.07,3.82
2021/11/20 18:00:00,白洋湾金墅水源地4,120.3795,31.3777,7.9,9.27,398.0,41.0,0.07,3.82
2021/11/21 00:00:00,白洋湾金墅水源地4,120.3795,31.3777,7.9,9.28,398.0,41.0,0.07,3.82
2021/11/21 06:00:00,白洋湾金墅水源地4,120.3795,31.3777,7.9,9.29,398.0,40.0,0.07,3.82
2021/11/21 12:00:00,白洋湾金墅水源地4,120.3795,31.3777,7.9,9.29,398.0,40.0,0.07,3.82
2021/11/21 18:00:00,白洋湾金墅水源地4,120.3795,31.3777,7.9,9.3,398.0,40.0,0.07,3.82
2021/11/22 00:00:00,白洋湾金墅水源地4,120.3795,31.3777,7.9,9.31,399.0,40.0,0.07,3.82
2021/11/22 06:00:00,白洋湾金墅水源地4,120.3795,31.3777,7.9,9.32,399.0,40.0,0.07,3.83
2021/11/22 12:00:00,白洋湾金墅水源地4,120.3795,31.3777,7.9,9.33,399.0,40.0,0.07,3.83
2021/11/22 18:00:00,白洋湾金墅水源地4,120.3795,31.3777,7.9,9.33,399.0,40.0,0.07,3.83
2021/11/23 00:00:00,白洋湾金墅水源地4,120.3795,31.3777,7.9,9.34,400.0,40.0,0.07,3.84
2021/11/23 06:00:00,白洋湾金墅水源地4,120.3795,31.3777,7.9,9.35,400.0,40.0,0.07,3.84
2021/11/23 12:00:00,白洋湾金墅水源地4,120.3795,31.3777,7.9,9.36,400.0,40.0,0.07,3.85
2021/11/23 18:00:00,白洋湾金墅水源地4,120.3795,31.3777,7.9,9.37,400.0,40.0,0.07,3.85
2021/11/24 00:00:00,白洋湾金墅水源地4,120.3795,31.3777,7.9,9.39,401.0,40.0,0.07,3.85
2021/11/24 06:00:00,白洋湾金墅水源地4,120.3795,31.3777,7.9,9.4,401.0,40.0,0.07,3.86
2021/11/24 12:00:00,白洋湾金墅水源地4,120.3795,31.3777,7.9,9.41,401.0,40.0,0.07,3.86
2021/11/24 18:00:00,白洋湾金墅水源地4,120.3795,31.3777,7.9,9.42,402.0,40.0,0.07,3.86
2021/11/25 00:00:00,白洋湾金墅水源地4,120.3795,31.3777,7.9,9.43,402.0,40.0,0.07,3.87
2021/11/25 06:00:00,白洋湾金墅水源地4,120.3795,31.3777,7.9,9.45,402.0,40.0,0.07,3.87
2021/11/25 12:00:00,白洋湾金墅水源地4,120.3795,31.3777,7.9,9.46,403.0,40.0,0.07,3.87
2021/11/25 18:00:00,白洋湾金墅水源地4,120.3795,31.3777,7.9,9.47,403.0,40.0,0.07,3.87
2021/11/26 00:00:00,白洋湾金墅水源地4,120.3795,31.3777,7.9,9.49,403.0,40.0,0.07,3.87
2021/11/26 06:00:00,白洋湾金墅水源地4,120.3795,31.3777,7.9,9.5,404.0,40.0,0.07,3.87
2021/11/26 12:00:00,白洋湾金墅水源地4,120.3795,31.3777,7.9,9.51,404.0,40.0,0.07,3.87
2021/11/26 18:00:00,白洋湾金墅水源地4,120.3795,31.3777,7.9,9.53,404.0,40.0,0.07,3.87
2021/11/27 00:00:00,白洋湾金墅水源地4,120.3795,31.3777,7.9,9.54,405.0,39.0,0.07,3.87
2021/11/27 06:00:00,白洋湾金墅水源地4,120.3795,31.3777,7.9,9.56,405.0,39.0,0.07,3.87
2021/11/27 12:00:00,白洋湾金墅水源地4,120.3795,31.3777,7.9,9.57,405.0,39.0,0.07,3.86
2021/11/27 18:00:00,白洋湾金墅水源地4,120.3795,31.3777,7.9,9.59,406.0,39.0,0.07,3.86
2021/11/28 00:00:00,白洋湾金墅水源地4,120.3795,31.3777,7.9,9.61,406.0,39.0,0.07,3.85
2021/11/28 06:00:00,白洋湾金墅水源地4,120.3795,31.3777,7.9,9.62,407.0,39.0,0.07,3.85
2021/11/28 12:00:00,白洋湾金墅水源地4,120.3795,31.3777,7.9,9.64,407.0,39.0,0.07,3.85
2021/11/28 18:00:00,白洋湾金墅水源地4,120.3795,31.3777,7.9,9.65,407.0,39.0,0.07,3.84
2021/11/29 00:00:00,白洋湾金墅水源地4,120.3795,31.3777,7.9,9.67,408.0,38.0,0.07,3.84
2021/11/29 06:00:00,白洋湾金墅水源地4,120.3795,31.3777,7.9,9.69,408.0,38.0,0.07,3.83
2021/11/29 12:00:00,白洋湾金墅水源地4,120.3795,31.3777,7.9,9.7,409.0,38.0,0.07,3.82
2021/11/29 18:00:00,白洋湾金墅水源地4,120.3795,31.3777,7.9,9.72,409.0,38.0,0.07,3.82
2021/11/30 00:00:00,白洋湾金墅水源地4,120.3795,31.3777,7.9,9.73,409.0,38.0,0.07,3.81
2021/11/30 06:00:00,白洋湾金墅水源地4,120.3795,31.3777,7.9,9.75,410.0,38.0,0.07,3.81
2021/11/30 12:00:00,白洋湾金墅水源地4,120.3795,31.3777,7.9,9.77,410.0,38.0,0.07,3.8
2021/11/30 18:00:00,白洋湾金墅水源地4,120.3795,31.3777,7.9,9.78,411.0,37.0,0.07,3.79
2021/12/01 00:00:00,白洋湾金墅水源地4,120.3795,31.3777,7.9,9.8,411.0,37.0,0.07,3.79
2021/12/01 06:00:00,白洋湾金墅水源地4,120.3795,31.3777,7.9,9.81,411.0,37.0,0.07,3.78
2021/12/01 12:00:00,白洋湾金墅水源地4,120.3795,31.3777,7.9,9.83,412.0,37.0,0.07,3.77
2021/12/01 18:00:00,白洋湾金墅水源地4,120.3795,31.3777,7.9,9.84,412.0,37.0,0.08,3.77
2021/12/02 00:00:00,白洋湾金墅水源地4,120.3795,31.3777,7.9,9.86,413.0,37.0,0.08,3.76
2021/12/02 06:00:00,白洋湾金墅水源地4,120.3795,31.3777,7.9,9.87,413.0,36.0,0.08,3.76
2021/12/02 12:00:00,白洋湾金墅水源地4,120.3795,31.3777,7.9,9.89,414.0,36.0,0.08,3.75
2021/12/02 18:00:00,白洋湾金墅水源地4,120.3795,31.3777,7.9,9.9,414.0,36.0,0.08,3.74
2021/12/03 00:00:00,白洋湾金墅水源地4,120.3795,31.3777,7.9,9.92,414.0,36.0,0.08,3.74
2021/12/03 06:00:00,白洋湾金墅水源地4,120.3795,31.3777,7.9,9.93,415.0,36.0,0.08,3.73
2021/12/03 12:00:00,白洋湾金墅水源地4,120.3795,31.3777,7.9,9.94,415.0,36.0,0.08,3.73
2021/12/03 18:00:00,白洋湾金墅水源地4,120.3795,31.3777,7.9,9.96,416.0,36.0,0.08,3.73
2021/12/04 00:00:00,白洋湾金墅水源地4,120.3795,31.3777,7.9,9.97,416.0,35.0,0.08,3.72
2021/12/04 06:00:00,白洋湾金墅水源地4,120.3795,31.3777,7.9,9.98,417.0,35.0,0.08,3.72
2021/12/04 12:00:00,白洋湾金墅水源地4,120.3795,31.3777,7.9,9.99,417.0,35.0,0.08,3.71
2021/12/04 18:00:00,白洋湾金墅水源地4,120.3795,31.3777,7.9,10.0,417.0,35.0,0.08,3.71
2021/12/05 00:00:00,白洋湾金墅水源地4,120.3795,31.3777,7.9,10.02,418.0,35.0,0.08,3.71
2021/12/05 06:00:00,白洋湾金墅水源地4,120.3795,31.3777,7.9,10.03,418.0,35.0,0.08,3.71
2021/12/05 12:00:00,白洋湾金墅水源地4,120.3795,31.3777,7.9,10.04,419.0,35.0,0.08,3.71
2021/12/05 18:00:00,白洋湾金墅水源地4,120.3795,31.3777,7.9,10.04,419.0,35.0,0.08,3.71
2021/12/06 00:00:00,白洋湾金墅水源地4,120.3795,31.3777,7.9,10.05,420.0,34.0,0.08,3.71
2021/12/06 06:00:00,白洋湾金墅水源地4,120.3795,31.3777,7.9,10.06,420.0,34.0,0.07,3.71
2021/12/06 12:00:00,白洋湾金墅水源地4,120.3795,31.3777,7.9,10.07,420.0,34.0,0.07,3.71
2021/12/06 18:00:00,白洋湾金墅水源地4,120.3795,31.3777,7.9,10.08,421.0,34.0,0.07,3.71
2021/12/07 00:00:00,白洋湾金墅水源地4,120.3795,31.3777,7.9,10.08,421.0,34.0,0.07,3.71
2021/12/07 06:00:00,白洋湾金墅水源地4,120.3795,31.3777,7.9,10.09,422.0,34.0,0.07,3.72
2021/12/07 12:00:00,白洋湾金墅水源地4,120.3795,31.3777,7.9,10.09,422.0,34.0,0.07,3.72
2021/12/07 18:00:00,白洋湾金墅水源地4,120.3795,31.3777,7.9,10.1,422.0,34.0,0.07,3.72
2021/12/08 00:00:00,白洋湾金墅水源地4,120.3795,31.3777,7.9,10.1,423.0,34.0,0.07,3.73
2021/12/08 06:00:00,白洋湾金墅水源地4,120.3795,31.3777,7.9,10.11,423.0,34.0,0.07,3.73
2021/12/08 12:00:00,白洋湾金墅水源地4,120.3795,31.3777,7.9,10.11,423.0,34.0,0.07,3.74
2021/12/08 18:00:00,白洋湾金墅水源地4,120.3795,31.3777,7.9,10.12,424.0,34.0,0.07,3.74
2021/12/09 00:00:00,白洋湾金墅水源地4,120.3795,31.3777,7.9,10.12,424.0,34.0,0.07,3.75
2021/12/09 06:00:00,白洋湾金墅水源地4,120.3795,31.3777,7.9,10.13,425.0,34.0,0.07,3.75
2021/12/09 12:00:00,白洋湾金墅水源地4,120.3795,31.3777,7.9,10.13,425.0,35.0,0.07,3.76
2021/12/09 18:00:00,白洋湾金墅水源地4,120.3795,31.3777,7.9,10.14,425.0,35.0,0.07,3.77
2021/12/10 00:00:00,白洋湾金墅水源地4,120.3795,31.3777,7.9,10.14,426.0,35.0,0.07,3.77
2021/12/10 06:00:00,白洋湾金墅水源地4,120.3795,31.3777,7.9,10.14,426.0,35.0,0.07,3.78
2021/12/10 12:00:00,白洋湾金墅水源地4,120.3795,31.3777,7.9,10.15,426.0,35.0,0.07,3.78
2021/12/10 18:00:00,白洋湾金墅水源地4,120.3795,31.3777,7.9,10.15,426.0,35.0,0.07,3.79
2021/12/11 00:00:00,白洋湾金墅水源地4,120.3795,31.3777,7.9,10.16,427.0,36.0,0.07,3.8
2021/12/11 06:00:00,白洋湾金墅水源地4,120.3795,31.3777,7.9,10.16,427.0,36.0,0.07,3.8
2021/12/11 12:00:00,白洋湾金墅水源地4,120.3795,31.3777,7.9,10.17,427.0,36.0,0.07,3.81
2021/12/11 18:00:00,白洋湾金墅水源地4,120.3795,31.3777,7.9,10.18,428.0,36.0,0.07,3.81
2021/12/12 00:00:00,白洋湾金墅水源地4,120.3795,31.3777,7.9,10.18,428.0,37.0,0.07,3.82
2021/12/12 06:00:00,白洋湾金墅水源地4,120.3795,31.3777,7.9,10.19,428.0,37.0,0.07,3.82
2021/12/12 12:00:00,白洋湾金墅水源地4,120.3795,31.3777,7.9,10.2,428.0,37.0,0.07,3.83
2021/12/12 18:00:00,白洋湾金墅水源地4,120.3795,31.3777,7.9,10.2,428.0,38.0,0.07,3.83
2021/12/13 00:00:00,白洋湾金墅水源地4,120.3795,31.3777,7.9,10.21,429.0,38.0,0.07,3.84
2021/12/13 06:00:00,白洋湾金墅水源地4,120.3795,31.3777,7.9,10.22,429.0,39.0,0.07,3.84
2021/12/13 12:00:00,白洋湾金墅水源地4,120.3795,31.3777,7.9,10.23,429.0,39.0,0.07,3.84
2021/12/13 18:00:00,白洋湾金墅水源地4,120.3795,31.3777,7.9,10.24,429.0,40.0,0.07,3.84
2021/12/14 00:00:00,白洋湾金墅水源地4,120.3795,31.3777,7.9,10.25,429.0,40.0,0.07,3.85
2021/12/14 06:00:00,白洋湾金墅水源地4,120.3795,31.3777,7.9,10.27,429.0,41.0,0.07,3.85
2021/12/14 12:00:00,白洋湾金墅水源地4,120.3795,31.3777,7.9,10.28,429.0,41.0,0.07,3.85
2021/12/14 18:00:00,白洋湾金墅水源地4,120.3795,31.3777,7.9,10.29,429.0,42.0,0.07,3.85
2021/12/15 00:00:00,白洋湾金墅水源地4,120.3795,31.3777,7.9,10.31,429.0,43.0,0.06,3.85
2021/12/15 06:00:00,白洋湾金墅水源地4,120.3795,31.3777,7.9,10.32,429.0,44.0,0.06,3.84
2021/12/15 12:00:00,白洋湾金墅水源地4,120.3795,31.3777,7.9,10.34,429.0,44.0,0.06,3.84
2021/12/15 18:00:00,白洋湾金墅水源地4,120.3795,31.3777,7.9,10.36,429.0,45.0,0.06,3.84
2021/12/16 00:00:00,白洋湾金墅水源地4,120.3795,31.3777,7.9,10.38,429.0,46.0,0.06,3.83
2021/12/16 06:00:00,白洋湾金墅水源地4,120.3795,31.3777,7.9,10.4,429.0,47.0,0.06,3.83
2021/12/16 12:00:00,白洋湾金墅水源地4,120.3795,31.3777,7.9,10.42,429.0,48.0,0.06,3.82
2021/12/16 18:00:00,白洋湾金墅水源地4,120.3795,31.3777,7.9,10.44,429.0,49.0,0.06,3.81
2021/12/17 00:00:00,白洋湾金墅水源地4,120.3795,31.3777,7.9,10.46,429.0,50.0,0.06,3.81
2021/12/17 06:00:00,白洋湾金墅水源地4,120.3795,31.3777,7.9,10.49,428.0,51.0,0.06,3.8
2021/12/17 12:00:00,白洋湾金墅水源地4,120.3795,31.3777,7.9,10.52,428.0,52.0,0.06,3.79
2021/12/17 18:00:00,白洋湾金墅水源地4,120.3795,31.3777,7.9,10.54,428.0,53.0,0.06,3.78
2021/12/18 00:00:00,白洋湾金墅水源地4,120.3795,31.3777,7.9,10.57,428.0,54.0,0.06,3.76
2021/12/18 06:00:00,白洋湾金墅水源地4,120.3795,31.3777,7.9,10.6,427.0,55.0,0.06,3.75
2021/12/18 12:00:00,白洋湾金墅水源地4,120.3795,31.3777,7.9,10.63,427.0,56.0,0.06,3.74
2021/12/18 18:00:00,白洋湾金墅水源地4,120.3795,31.3777,7.9,10.66,427.0,57.0,0.06,3.72
2021/12/19 00:00:00,白洋湾金墅水源地4,120.3795,31.3777,7.9,10.69,426.0,58.0,0.06,3.71
2021/12/19 06:00:00,白洋湾金墅水源地4,120.3795,31.3777,7.9,10.72,426.0,60.0,0.06,3.69
2021/12/19 12:00:00,白洋湾金墅水源地4,120.3795,31.3777,7.9,10.75,426.0,61.0,0.06,3.68
2021/12/19 18:00:00,白洋湾金墅水源地4,120.3795,31.3777,7.9,10.79,425.0,62.0,0.06,3.66
2021/12/20 00:00:00,白洋湾金墅水源地4,120.3795,31.3777,7.9,10.82,425.0,63.0,0.06,3.65
2021/12/20 06:00:00,白洋湾金墅水源地4,120.3795,31.3777,7.9,10.85,425.0,65.0,0.06,3.63
2021/12/20 12:00:00,白洋湾金墅水源地4,120.3795,31.3777,7.9,10.89,424.0,66.0,0.06,3.61
2021/12/20 18:00:00,白洋湾金墅水源地4,120.3795,31.3777,7.9,10.92,424.0,67.0,0.06,3.59
2021/12/21 00:00:00,白洋湾金墅水源地4,120.3795,31.3777,7.9,10.95,424.0,68.0,0.06,3.58
2021/12/21 06:00:00,白洋湾金墅水源地4,120.3795,31.3777,7.9,10.99,423.0,69.0,0.06,3.56
2021/12/21 12:00:00,白洋湾金墅水源地4,120.3795,31.3777,7.9,11.02,423.0,71.0,0.06,3.54
2021/12/21 18:00:00,白洋湾金墅水源地4,120.3795,31.3777,7.9,11.05,422.0,72.0,0.06,3.52
2021/12/22 00:00:00,白洋湾金墅水源地4,120.3795,31.3777,7.9,11.09,422.0,73.0,0.06,3.5
2021/12/22 06:00:00,白洋湾金墅水源地4,120.3795,31.3777,7.9,11.12,422.0,74.0,0.06,3.48
2021/12/22 12:00:00,白洋湾金墅水源地4,120.3795,31.3777,7.9,11.15,421.0,75.0,0.06,3.46
2021/12/22 18:00:00,白洋湾金墅水源地4,120.3795,31.3777,7.9,11.19,421.0,76.0,0.06,3.44
2021/12/23 00:00:00,白洋湾金墅水源地4,120.3795,31.3777,7.9,11.22,421.0,77.0,0.06,3.43
2021/12/23 06:00:00,白洋湾金墅水源地4,120.3795,31.3777,7.9,11.25,420.0,78.0,0.06,3.41
2021/12/23 12:00:00,白洋湾金墅水源地4,120.3795,31.3777,7.9,11.28,420.0,79.0,0.06,3.39
2021/12/23 18:00:00,白洋湾金墅水源地4,120.3795,31.3777,7.9,11.31,419.0,80.0,0.06,3.37
2021/12/24 00:00:00,白洋湾金墅水源地4,120.3795,31.3777,7.9,11.34,419.0,81.0,0.06,3.35
2021/12/24 06:00:00,白洋湾金墅水源地4,120.3795,31.3777,7.9,11.37,419.0,82.0,0.06,3.33
2021/12/24 12:00:00,白洋湾金墅水源地4,120.3795,31.3777,7.9,11.4,418.0,83.0,0.06,3.31
2021/12/24 18:00:00,白洋湾金墅水源地4,120.3795,31.3777,7.9,11.43,418.0,84.0,0.06,3.3
2021/12/25 00:00:00,白洋湾金墅水源地4,120.3795,31.3777,7.9,11.45,418.0,85.0,0.06,3.28
2021/12/25 06:00:00,白洋湾金墅水源地4,120.3795,31.3777,7.9,11.48,417.0,85.0,0.06,3.26
2021/12/25 12:00:00,白洋湾金墅水源地4,120.3795,31.3777,7.9,11.5,417.0,86.0,0.06,3.25
2021/12/25 18:00:00,白洋湾金墅水源地4,120.3795,31.3777,7.9,11.53,417.0,87.0,0.06,3.23
2021/12/26 00:00:00,白洋湾金墅水源地4,120.3795,31.3777,7.9,11.55,417.0,87.0,0.06,3.22
2021/12/26 06:00:00,白洋湾金墅水源地4,120.3795,31.3777,7.9,11.57,416.0,88.0,0.06,3.2
2021/12/26 12:00:00,白洋湾金墅水源地4,120.3795,31.3777,7.9,11.59,416.0,88.0,0.06,3.19
2021/12/26 18:00:00,白洋湾金墅水源地4,120.3795,31.3777,7.9,11.61,416.0,88.0,0.06,3.17
2021/12/27 00:00:00,白洋湾金墅水源地4,120.3795,31.3777,7.9,11.62,416.0,88.0,0.06,3.16
2021/12/27 06:00:00,白洋湾金墅水源地4,120.3795,31.3777,7.9,11.64,416.0,89.0,0.06,3.15
2021/12/27 12:00:00,白洋湾金墅水源地4,120.3795,31.3777,7.9,11.65,416.0,89.0,0.06,3.14
2021/12/27 18:00:00,白洋湾金墅水源地4,120.3795,31.3777,7.9,11.67,415.0,89.0,0.06,3.13
2021/12/28 00:00:00,白洋湾金墅水源地4,120.3795,31.3777,7.9,11.68,415.0,89.0,0.06,3.12
2021/12/28 06:00:00,白洋湾金墅水源地4,120.3795,31.3777,7.9,11.69,415.0,89.0,0.06,3.11
2021/12/28 12:00:00,白洋湾金墅水源地4,120.3795,31.3777,7.9,11.69,415.0,89.0,0.06,3.1
2021/12/28 18:00:00,白洋湾金墅水源地4,120.3795,31.3777,7.9,11.7,415.0,88.0,0.07,3.09
2021/12/29 00:00:00,白洋湾金墅水源地4,120.3795,31.3777,7.9,11.71,415.0,88.0,0.07,3.09
2021/12/29 06:00:00,白洋湾金墅水源地4,120.3795,31.3777,7.9,11.71,415.0,88.0,0.07,3.08
2021/12/29 12:00:00,白洋湾金墅水源地4,120.3795,31.3777,7.9,11.71,415.0,88.0,0.07,3.07
2021/12/29 18:00:00,白洋湾金墅水源地4,120.3795,31.3777,7.9,11.72,415.0,87.0,0.07,3.07
2021/12/30 00:00:00,白洋湾金墅水源地4,120.3795,31.3777,7.9,11.72,415.0,87.0,0.07,3.06
2021/12/30 06:00:00,白洋湾金墅水源地4,120.3795,31.3777,7.9,11.72,416.0,86.0,0.07,3.06
2021/12/30 12:00:00,白洋湾金墅水源地4,120.3795,31.3777,7.9,11.72,416.0,86.0,0.07,3.06
2021/12/30 18:00:00,白洋湾金墅水源地4,120.3795,31.3777,7.9,11.72,416.0,85.0,0.07,3.05
2021/12/31 00:00:00,白洋湾金墅水源地4,120.3795,31.3777,7.9,11.72,416.0,85.0,0.07,3.05
2021/12/31 06:00:00,白洋湾金墅水源地4,120.3795,31.3777,7.9,11.71,416.0,84.0,0.07,3.05
2021/12/31 12:00:00,白洋湾金墅水源地4,120.3795,31.3777,7.9,11.71,416.0,84.0,0.07,3.05
2021/12/31 18:00:00,白洋湾金墅水源地4,120.3795,31.3777,7.9,11.71,416.0,83.0,0.07,3.04
2022/01/01 00:00:00,白洋湾金墅水源地4,120.3795,31.3777,7.9,11.7,416.0,82.0,0.07,3.04
2022/01/01 06:00:00,白洋湾金墅水源地4,120.3795,31.3777,8.0,11.7,417.0,82.0,0.07,3.04
2022/01/01 12:00:00,白洋湾金墅水源地4,120.3795,31.3777,8.0,11.69,417.0,81.0,0.07,3.04
2022/01/01 18:00:00,白洋湾金墅水源地4,120.3795,31.3777,8.0,11.69,417.0,81.0,0.07,3.04
2022/01/02 00:00:00,白洋湾金墅水源地4,120.3795,31.3777,8.0,11.68,417.0,80.0,0.07,3.04
2022/01/02 06:00:00,白洋湾金墅水源地4,120.3795,31.3777,8.0,11.67,417.0,79.0,0.07,3.04
2022/01/02 12:00:00,白洋湾金墅水源地4,120.3795,31.3777,8.0,11.67,418.0,79.0,0.07,3.05
2022/01/02 18:00:00,白洋湾金墅水源地4,120.3795,31.3777,8.0,11.66,418.0,78.0,0.07,3.05
2022/01/03 00:00:00,白洋湾金墅水源地4,120.3795,31.3777,8.0,11.65,418.0,77.0,0.07,3.05
2022/01/03 06:00:00,白洋湾金墅水源地4,120.3795,31.3777,8.0,11.64,418.0,77.0,0.07,3.05
2022/01/03 12:00:00,白洋湾金墅水源地4,120.3795,31.3777,8.0,11.64,419.0,76.0,0.07,3.05
2022/01/03 18:00:00,白洋湾金墅水源地4,120.3795,31.3777,8.0,11.63,419.0,75.0,0.07,3.06
2022/01/04 00:00:00,白洋湾金墅水源地4,120.3795,31.3777,8.0,11.62,419.0,75.0,0.07,3.06
2022/01/04 06:00:00,白洋湾金墅水源地4,120.3795,31.3777,8.0,11.62,419.0,74.0,0.07,3.06
2022/01/04 12:00:00,白洋湾金墅水源地4,120.3795,31.3777,8.0,11.61,420.0,74.0,0.07,3.06
2022/01/04 18:00:00,白洋湾金墅水源地4,120.3795,31.3777,8.0,11.6,420.0,73.0,0.07,3.07
2022/01/05 00:00:00,白洋湾金墅水源地4,120.3795,31.3777,8.0,11.6,420.0,73.0,0.08,3.07
2022/01/05 06:00:00,白洋湾金墅水源地4,120.3795,31.3777,8.0,11.59,420.0,72.0,0.08,3.07
2022/01/05 12:00:00,白洋湾金墅水源地4,120.3795,31.3777,8.0,11.58,421.0,72.0,0.08,3.08
2022/01/05 18:00:00,白洋湾金墅水源地4,120.3795,31.3777,8.0,11.58,421.0,72.0,0.08,3.08
2022/01/06 00:00:00,白洋湾金墅水源地4,120.3795,31.3777,8.0,11.57,421.0,71.0,0.08,3.08
2022/01/06 06:00:00,白洋湾金墅水源地4,120.3795,31.3777,8.0,11.57,421.0,71.0,0.08,3.09
2022/01/06 12:00:00,白洋湾金墅水源地4,120.3795,31.3777,8.0,11.57,421.0,71.0,0.08,3.09
2022/01/06 18:00:00,白洋湾金墅水源地4,120.3795,31.3777,8.0,11.56,422.0,71.0,0.08,3.1
2022/01/07 00:00:00,白洋湾金墅水源地4,120.3795,31.3777,8.0,11.56,422.0,71.0,0.08,3.1
2022/01/07 06:00:00,白洋湾金墅水源地4,120.3795,31.3777,8.0,11.56,422.0,71.0,0.08,3.1
2022/01/07 12:00:00,白洋湾金墅水源地4,120.3795,31.3777,8.0,11.56,422.0,71.0,0.08,3.11
2022/01/07 18:00:00,白洋湾金墅水源地4,120.3795,31.3777,8.0,11.56,423.0,71.0,0.08,3.11
2022/01/08 00:00:00,白洋湾金墅水源地4,120.3795,31.3777,8.0,11.56,423.0,71.0,0.08,3.11
2022/01/08 06:00:00,白洋湾金墅水源地4,120.3795,31.3777,8.0,11.56,423.0,71.0,0.08,3.12
2022/01/08 12:00:00,白洋湾金墅水源地4,120.3795,31.3777,8.0,11.56,423.0,71.0,0.08,3.12
2022/01/08 18:00:00,白洋湾金墅水源地4,120.3795,31.3777,8.0,11.56,423.0,71.0,0.08,3.12
2022/01/09 00:00:00,白洋湾金墅水源地4,120.3795,31.3777,8.0,11.56,424.0,72.0,0.08,3.13
2022/01/09 06:00:00,白洋湾金墅水源地4,120.3795,31.3777,8.0,11.56,424.0,72.0,0.08,3.13
2022/01/09 12:00:00,白洋湾金墅水源地4,120.3795,31.3777,8.0,11.56,424.0,72.0,0.08,3.14
2022/01/09 18:00:00,白洋湾金墅水源地4,120.3795,31.3777,8.0,11.56,424.0,73.0,0.08,3.14
2022/01/10 00:00:00,白洋湾金墅水源地4,120.3795,31.3777,8.0,11.56,424.0,73.0,0.08,3.14
2022/01/10 06:00:00,白洋湾金墅水源地4,120.3795,31.3777,8.0,11.57,424.0,74.0,0.08,3.15
2022/01/10 12:00:00,白洋湾金墅水源地4,120.3795,31.3777,8.0,11.57,425.0,74.0,0.08,3.15
2022/01/10 18:00:00,白洋湾金墅水源地4,120.3795,31.3777,8.0,11.57,425.0,74.0,0.08,3.15
2022/01/11 00:00:00,白洋湾金墅水源地4,120.3795,31.3777,8.0,11.57,425.0,75.0,0.08,3.16
2022/01/11 06:00:00,白洋湾金墅水源地4,120.3795,31.3777,8.0,11.57,425.0,75.0,0.08,3.16
2022/01/11 12:00:00,白洋湾金墅水源地4,120.3795,31.3777,8.0,11.58,425.0,76.0,0.08,3.16
2022/01/11 18:00:00,白洋湾金墅水源地4,120.3795,31.3777,8.0,11.58,425.0,77.0,0.08,3.16
2022/01/12 00:00:00,白洋湾金墅水源地4,120.3795,31.3777,8.0,11.58,425.0,77.0,0.08,3.17
2022/01/12 06:00:00,白洋湾金墅水源地4,120.3795,31.3777,8.0,11.58,426.0,78.0,0.08,3.17
2022/01/12 12:00:00,白洋湾金墅水源地4,120.3795,31.3777,8.0,11.58,426.0,78.0,0.08,3.17
2022/01/12 18:00:00,白洋湾金墅水源地4,120.3795,31.3777,8.0,11.58,426.0,79.0,0.08,3.18
2022/01/13 00:00:00,白洋湾金墅水源地4,120.3795,31.3777,8.0,11.58,426.0,79.0,0.08,3.18
2022/01/13 06:00:00,白洋湾金墅水源地4,120.3795,31.3777,8.0,11.58,426.0,80.0,0.08,3.18
2022/01/13 12:00:00,白洋湾金墅水源地4,120.3795,31.3777,8.0,11.58,426.0,81.0,0.08,3.18
2022/01/13 18:00:00,白洋湾金墅水源地4,120.3795,31.3777,8.0,11.58,426.0,81.0,0.08,3.19
2022/01/14 00:00:00,白洋湾金墅水源地4,120.3795,31.3777,8.0,11.58,426.0,82.0,0.08,3.19
2022/01/14 06:00:00,白洋湾金墅水源地4,120.3795,31.3777,8.0,11.58,426.0,82.0,0.08,3.19
2022/01/14 12:00:00,白洋湾金墅水源地4,120.3795,31.3777,8.0,11.58,427.0,83.0,0.08,3.19
2022/01/14 18:00:00,白洋湾金墅水源地4,120.3795,31.3777,8.0,11.57,427.0,84.0,0.08,3.19
2022/01/15 00:00:00,白洋湾金墅水源地4,120.3795,31.3777,8.0,11.57,427.0,84.0,0.08,3.2
2022/01/15 06:00:00,白洋湾金墅水源地4,120.3795,31.3777,8.0,11.57,427.0,85.0,0.08,3.2
2022/01/15 12:00:00,白洋湾金墅水源地4,120.3795,31.3777,8.0,11.56,427.0,85.0,0.08,3.2
2022/01/15 18:00:00,白洋湾金墅水源地4,120.3795,31.3777,8.0,11.56,427.0,86.0,0.08,3.2
2022/01/16 00:00:00,白洋湾金墅水源地4,120.3795,31.3777,8.0,11.55,427.0,86.0,0.08,3.2
2022/01/16 06:00:00,白洋湾金墅水源地4,120.3795,31.3777,8.0,11.54,427.0,87.0,0.08,3.2
2022/01/16 12:00:00,白洋湾金墅水源地4,120.3795,31.3777,8.0,11.53,427.0,87.0,0.08,3.2
2022/01/16 18:00:00,白洋湾金墅水源地4,120.3795,31.3777,8.0,11.52,427.0,88.0,0.08,3.21
2022/01/17 00:00:00,白洋湾金墅水源地4,120.3795,31.3777,8.0,11.52,428.0,88.0,0.08,3.21
2022/01/17 06:00:00,白洋湾金墅水源地4,120.3795,31.3777,8.0,11.5,428.0,89.0,0.09,3.21
2022/01/17 12:00:00,白洋湾金墅水源地4,120.3795,31.3777,8.0,11.49,428.0,89.0,0.09,3.21
2022/01/17 18:00:00,白洋湾金墅水源地4,120.3795,31.3777,8.0,11.48,428.0,90.0,0.09,3.21
2022/01/18 00:00:00,白洋湾金墅水源地4,120.3795,31.3777,8.0,11.47,428.0,90.0,0.09,3.21
2022/01/18 06:00:00,白洋湾金墅水源地4,120.3795,31.3777,8.0,11.45,428.0,90.0,0.09,3.21
2022/01/18 12:00:00,白洋湾金墅水源地4,120.3795,31.3777,8.0,11.44,428.0,90.0,0.09,3.21
2022/01/18 18:00:00,白洋湾金墅水源地4,120.3795,31.3777,8.0,11.42,428.0,91.0,0.09,3.21
2022/01/19 00:00:00,白洋湾金墅水源地4,120.3795,31.3777,8.0,11.41,428.0,91.0,0.09,3.21
2022/01/19 06:00:00,白洋湾金墅水源地4,120.3795,31.3777,8.0,11.39,428.0,91.0,0.09,3.21
2022/01/19 12:00:00,白洋湾金墅水源地4,120.3795,31.3777,8.0,11.37,428.0,91.0,0.09,3.21
2022/01/19 18:00:00,白洋湾金墅水源地4,120.3795,31.3777,8.0,11.36,428.0,91.0,0.09,3.21
2022/01/20 00:00:00,白洋湾金墅水源地4,120.3795,31.3777,8.0,11.34,429.0,92.0,0.09,3.21
2022/01/20 06:00:00,白洋湾金墅水源地4,120.3795,31.3777,8.0,11.32,429.0,92.0,0.09,3.2
2022/01/20 12:00:00,白洋湾金墅水源地4,120.3795,31.3777,8.0,11.3,429.0,92.0,0.09,3.2
2022/01/20 18:00:00,白洋湾金墅水源地4,120.3795,31.3777,8.0,11.28,429.0,92.0,0.09,3.2
2022/01/21 00:00:00,白洋湾金墅水源地4,120.3795,31.3777,8.0,11.26,429.0,92.0,0.09,3.2
2022/01/21 06:00:00,白洋湾金墅水源地4,120.3795,31.3777,8.0,11.25,429.0,92.0,0.09,3.2
2022/01/21 12:00:00,白洋湾金墅水源地4,120.3795,31.3777,8.0,11.23,429.0,92.0,0.09,3.2
2022/01/21 18:00:00,白洋湾金墅水源地4,120.3795,31.3777,8.0,11.21,429.0,91.0,0.09,3.2
2022/01/22 00:00:00,白洋湾金墅水源地4,120.3795,31.3777,8.0,11.19,429.0,91.0,0.09,3.2
2022/01/22 06:00:00,白洋湾金墅水源地4,120.3795,31.3777,8.0,11.17,430.0,91.0,0.09,3.19
2022/01/22 12:00:00,白洋湾金墅水源地4,120.3795,31.3777,7.9,11.15,430.0,91.0,0.1,3.19
2022/01/22 18:00:00,白洋湾金墅水源地4,120.3795,31.3777,7.9,11.14,430.0,91.0,0.1,3.19
2022/01/23 00:00:00,白洋湾金墅水源地4,120.3795,31.3777,7.9,11.12,430.0,90.0,0.1,3.19
2022/01/23 06:00:00,白洋湾金墅水源地4,120.3795,31.3777,7.9,11.1,430.0,90.0,0.1,3.19
2022/01/23 12:00:00,白洋湾金墅水源地4,120.3795,31.3777,7.9,11.09,430.0,90.0,0.1,3.18
2022/01/23 18:00:00,白洋湾金墅水源地4,120.3795,31.3777,7.9,11.07,431.0,90.0,0.1,3.18
2022/01/24 00:00:00,白洋湾金墅水源地4,120.3795,31.3777,7.9,11.06,431.0,89.0,0.1,3.18
2022/01/24 06:00:00,白洋湾金墅水源地4,120.3795,31.3777,7.9,11.04,431.0,89.0,0.1,3.18
2022/01/24 12:00:00,白洋湾金墅水源地4,120.3795,31.3777,7.9,11.03,431.0,88.0,0.1,3.18
2022/01/24 18:00:00,白洋湾金墅水源地4,120.3795,31.3777,7.9,11.01,432.0,88.0,0.1,3.17
2022/01/25 00:00:00,白洋湾金墅水源地4,120.3795,31.3777,7.9,11.0,432.0,87.0,0.1,3.17
2022/01/25 06:00:00,白洋湾金墅水源地4,120.3795,31.3777,7.9,10.99,432.0,87.0,0.1,3.17
2022/01/25 12:00:00,白洋湾金墅水源地4,120.3795,31.3777,7.9,10.98,432.0,86.0,0.1,3.17
2022/01/25 18:00:00,白洋湾金墅水源地4,120.3795,31.3777,7.9,10.97,433.0,85.0,0.1,3.16
2022/01/26 00:00:00,白洋湾金墅水源地4,120.3795,31.3777,7.9,10.96,433.0,85.0,0.1,3.16
2022/01/26 06:00:00,白洋湾金墅水源地4,120.3795,31.3777,7.9,10.95,433.0,84.0,0.1,3.16
2022/01/26 12:00:00,白洋湾金墅水源地4,120.3795,31.3777,7.9,10.95,434.0,83.0,0.1,3.16
2022/01/26 18:00:00,白洋湾金墅水源地4,120.3795,31.3777,7.9,10.94,434.0,83.0,0.1,3.15
2022/01/27 00:00:00,白洋湾金墅水源地4,120.3795,31.3777,7.9,10.94,435.0,82.0,0.1,3.15
2022/01/27 06:00:00,白洋湾金墅水源地4,120.3795,31.3777,7.9,10.94,435.0,81.0,0.1,3.15
2022/01/27 12:00:00,白洋湾金墅水源地4,120.3795,31.3777,7.9,10.94,435.0,80.0,0.1,3.14
2022/01/27 18:00:00,白洋湾金墅水源地4,120.3795,31.3777,7.9,10.94,436.0,79.0,0.1,3.14
2022/01/28 00:00:00,白洋湾金墅水源地4,120.3795,31.3777,7.9,10.94,436.0,78.0,0.1,3.14
2022/01/28 06:00:00,白洋湾金墅水源地4,120.3795,31.3777,7.9,10.94,437.0,77.0,0.1,3.14
2022/01/28 12:00:00,白洋湾金墅水源地4,120.3795,31.3777,7.9,10.95,437.0,76.0,0.1,3.13
2022/01/28 18:00:00,白洋湾金墅水源地4,120.3795,31.3777,7.9,10.95,438.0,75.0,0.1,3.13
2022/01/29 00:00:00,白洋湾金墅水源地4,120.3795,31.3777,7.9,10.96,438.0,74.0,0.1,3.13
2022/01/29 06:00:00,白洋湾金墅水源地4,120.3795,31.3777,7.9,10.97,439.0,73.0,0.1,3.13
2022/01/29 12:00:00,白洋湾金墅水源地4,120.3795,31.3777,7.9,10.98,439.0,72.0,0.1,3.12
2022/01/29 18:00:00,白洋湾金墅水源地4,120.3795,31.3777,7.9,10.99,440.0,71.0,0.1,3.12
2022/01/30 00:00:00,白洋湾金墅水源地4,120.3795,31.3777,7.9,11.0,440.0,69.0,0.1,3.12
2022/01/30 06:00:00,白洋湾金墅水源地4,120.3795,31.3777,7.9,11.01,441.0,68.0,0.1,3.11
2022/01/30 12:00:00,白洋湾金墅水源地4,120.3795,31.3777,7.9,11.03,441.0,67.0,0.1,3.11
2022/01/30 18:00:00,白洋湾金墅水源地4,120.3795,31.3777,7.9,11.04,442.0,66.0,0.1,3.11
2022/01/31 00:00:00,白洋湾金墅水源地4,120.3795,31.3777,7.9,11.05,442.0,65.0,0.1,3.11
2022/01/31 06:00:00,白洋湾金墅水源地4,120.3795,31.3777,7.9,11.07,443.0,63.0,0.1,3.1
2022/01/31 12:00:00,白洋湾金墅水源地4,120.3795,31.3777,7.9,11.09,443.0,62.0,0.1,3.1
2022/01/31 18:00:00,白洋湾金墅水源地4,120.3795,31.3777,7.9,11.11,444.0,61.0,0.1,3.1
2022/02/01 00:00:00,白洋湾金墅水源地4,120.3795,31.3777,7.9,11.12,444.0,60.0,0.1,3.09
2022/02/01 06:00:00,白洋湾金墅水源地4,120.3795,31.3777,7.9,11.14,445.0,58.0,0.1,3.09
2022/02/01 12:00:00,白洋湾金墅水源地4,120.3795,31.3777,7.9,11.16,445.0,57.0,0.1,3.09
2022/02/01 18:00:00,白洋湾金墅水源地4,120.3795,31.3777,7.9,11.18,446.0,56.0,0.1,3.08
2022/02/02 00:00:00,白洋湾金墅水源地4,120.3795,31.3777,7.9,11.2,446.0,55.0,0.1,3.08
2022/02/02 06:00:00,白洋湾金墅水源地4,120.3795,31.3777,7.9,11.22,447.0,53.0,0.1,3.08
2022/02/02 12:00:00,白洋湾金墅水源地4,120.3795,31.3777,7.9,11.24,447.0,52.0,0.1,3.08
2022/02/02 18:00:00,白洋湾金墅水源地4,120.3795,31.3777,7.9,11.27,448.0,51.0,0.1,3.07
2022/02/03 00:00:00,白洋湾金墅水源地4,120.3795,31.3777,7.9,11.29,448.0,50.0,0.1,3.07
2022/02/03 06:00:00,白洋湾金墅水源地4,120.3795,31.3777,7.9,11.31,448.0,49.0,0.1,3.07
2022/02/03 12:00:00,白洋湾金墅水源地4,120.3795,31.3777,7.9,11.33,449.0,47.0,0.09,3.06
2022/02/03 18:00:00,白洋湾金墅水源地4,120.3795,31.3777,7.9,11.36,449.0,46.0,0.09,3.06
2022/02/04 00:00:00,白洋湾金墅水源地4,120.3795,31.3777,7.9,11.38,449.0,45.0,0.09,3.06
2022/02/04 06:00:00,白洋湾金墅水源地4,120.3795,31.3777,7.9,11.4,449.0,44.0,0.09,3.06
2022/02/04 12:00:00,白洋湾金墅水源地4,120.3795,31.3777,7.9,11.42,450.0,43.0,0.09,3.05
2022/02/04 18:00:00,白洋湾金墅水源地4,120.3795,31.3777,7.9,11.45,450.0,42.0,0.09,3.05
2022/02/05 00:00:00,白洋湾金墅水源地4,120.3795,31.3777,7.9,11.47,450.0,41.0,0.09,3.05
2022/02/05 06:00:00,白洋湾金墅水源地4,120.3795,31.3777,7.9,11.49,450.0,40.0,0.09,3.04
2022/02/05 12:00:00,白洋湾金墅水源地4,120.3795,31.3777,7.9,11.52,450.0,39.0,0.09,3.04
2022/02/05 18:00:00,白洋湾金墅水源地4,120.3795,31.3777,7.9,11.54,450.0,38.0,0.09,3.04
2022/02/06 00:00:00,白洋湾金墅水源地4,120.3795,31.3777,7.9,11.56,450.0,37.0,0.09,3.03
2022/02/06 06:00:00,白洋湾金墅水源地4,120.3795,31.3777,7.9,11.58,450.0,36.0,0.09,3.03
2022/02/06 12:00:00,白洋湾金墅水源地4,120.3795,31.3777,7.9,11.6,450.0,35.0,0.09,3.03
2022/02/06 18:00:00,白洋湾金墅水源地4,120.3795,31.3777,7.9,11.63,450.0,35.0,0.09,3.03
2022/02/07 00:00:00,白洋湾金墅水源地4,120.3795,31.3777,7.9,11.65,450.0,34.0,0.08,3.02
2022/02/07 06:00:00,白洋湾金墅水源地4,120.3795,31.3777,7.9,11.67,449.0,33.0,0.08,3.02
2022/02/07 12:00:00,白洋湾金墅水源地4,120.3795,31.3777,7.9,11.69,449.0,33.0,0.08,3.02
2022/02/07 18:00:00,白洋湾金墅水源地4,120.3795,31.3777,7.9,11.71,449.0,32.0,0.08,3.01
2022/02/08 00:00:00,白洋湾金墅水源地4,120.3795,31.3777,7.9,11.73,448.0,32.0,0.08,3.01
2022/02/08 06:00:00,白洋湾金墅水源地4,120.3795,31.3777,7.9,11.74,448.0,31.0,0.08,3.01
2022/02/08 12:00:00,白洋湾金墅水源地4,120.3795,31.3777,7.9,11.76,448.0,31.0,0.08,3.01
2022/02/08 18:00:00,白洋湾金墅水源地4,120.3795,31.3777,7.9,11.78,447.0,30.0,0.08,3.0
2022/02/09 00:00:00,白洋湾金墅水源地4,120.3795,31.3777,7.9,11.8,447.0,30.0,0.08,3.0
2022/02/09 06:00:00,白洋湾金墅水源地4,120.3795,31.3777,7.9,11.81,446.0,30.0,0.08,3.0
2022/02/09 12:00:00,白洋湾金墅水源地4,120.3795,31.3777,7.9,11.83,445.0,29.0,0.08,2.99
2022/02/09 18:00:00,白洋湾金墅水源地4,120.3795,31.3777,7.9,11.85,445.0,29.0,0.08,2.99
2022/02/10 00:00:00,白洋湾金墅水源地4,120.3795,31.3777,7.9,11.86,444.0,29.0,0.07,2.99
2022/02/10 06:00:00,白洋湾金墅水源地4,120.3795,31.3777,7.9,11.88,443.0,28.0,0.07,2.99
2022/02/10 12:00:00,白洋湾金墅水源地4,120.3795,31.3777,7.9,11.89,443.0,28.0,0.07,2.98
2022/02/10 18:00:00,白洋湾金墅水源地4,120.3795,31.3777,7.9,11.91,442.0,28.0,0.07,2.98
2022/02/11 00:00:00,白洋湾金墅水源地4,120.3795,31.3777,7.9,11.92,441.0,28.0,0.07,2.98
2022/02/11 06:00:00,白洋湾金墅水源地4,120.3795,31.3777,7.9,11.93,441.0,28.0,0.07,2.97
2022/02/11 12:00:00,白洋湾金墅水源地4,120.3795,31.3777,7.9,11.95,440.0,28.0,0.07,2.97
2022/02/11 18:00:00,白洋湾金墅水源地4,120.3795,31.3777,7.9,11.96,439.0,28.0,0.07,2.97
2022/02/12 00:00:00,白洋湾金墅水源地4,120.3795,31.3777,7.9,11.97,438.0,28.0,0.07,2.96
2022/02/12 06:00:00,白洋湾金墅水源地4,120.3795,31.3777,8.0,11.98,437.0,28.0,0.07,2.96
2022/02/12 12:00:00,白洋湾金墅水源地4,120.3795,31.3777,8.0,11.99,437.0,28.0,0.06,2.95
2022/02/12 18:00:00,白洋湾金墅水源地4,120.3795,31.3777,8.0,12.0,436.0,28.0,0.06,2.95
2022/02/13 00:00:00,白洋湾金墅水源地4,120.3795,31.3777,8.0,12.01,435.0,28.0,0.06,2.95
2022/02/13 06:00:00,白洋湾金墅水源地4,120.3795,31.3777,8.0,12.02,434.0,28.0,0.06,2.94
2022/02/13 12:00:00,白洋湾金墅水源地4,120.3795,31.3777,8.0,12.03,433.0,28.0,0.06,2.94
2022/02/13 18:00:00,白洋湾金墅水源地4,120.3795,31.3777,8.0,12.04,432.0,28.0,0.06,2.93
2022/02/14 00:00:00,白洋湾金墅水源地4,120.3795,31.3777,8.0,12.05,431.0,28.0,0.06,2.93
2022/02/14 06:00:00,白洋湾金墅水源地4,120.3795,31.3777,8.0,12.06,431.0,28.0,0.06,2.92
2022/02/14 12:00:00,白洋湾金墅水源地4,120.3795,31.3777,8.0,12.06,430.0,28.0,0.06,2.92
2022/02/14 18:00:00,白洋湾金墅水源地4,120.3795,31.3777,8.0,12.07,429.0,28.0,0.06,2.92
2022/02/15 00:00:00,白洋湾金墅水源地4,120.3795,31.3777,8.0,12.08,428.0,28.0,0.06,2.91
2022/02/15 06:00:00,白洋湾金墅水源地4,120.3795,31.3777,8.0,12.08,427.0,28.0,0.05,2.91
2022/02/15 12:00:00,白洋湾金墅水源地4,120.3795,31.3777,8.0,12.09,427.0,28.0,0.05,2.9
2022/02/15 18:00:00,白洋湾金墅水源地4,120.3795,31.3777,8.0,12.09,426.0,28.0,0.05,2.89
2022/02/16 00:00:00,白洋湾金墅水源地4,120.3795,31.3777,8.0,12.1,425.0,28.0,0.05,2.89
2022/02/16 06:00:00,白洋湾金墅水源地4,120.3795,31.3777,8.0,12.1,424.0,28.0,0.05,2.88
2022/02/16 12:00:00,白洋湾金墅水源地4,120.3795,31.3777,8.0,12.1,424.0,28.0,0.05,2.88
2022/02/16 18:00:00,白洋湾金墅水源地4,120.3795,31.3777,8.0,12.11,423.0,28.0,0.05,2.87
2022/02/17 00:00:00,白洋湾金墅水源地4,120.3795,31.3777,8.0,12.11,422.0,28.0,0.05,2.86
2022/02/17 06:00:00,白洋湾金墅水源地4,120.3795,31.3777,8.0,12.11,422.0,29.0,0.05,2.86
2022/02/17 12:00:00,白洋湾金墅水源地4,120.3795,31.3777,8.0,12.11,421.0,28.0,0.05,2.85
2022/02/17 18:00:00,白洋湾金墅水源地4,120.3795,31.3777,8.0,12.11,420.0,28.0,0.05,2.84
2022/02/18 00:00:00,白洋湾金墅水源地4,120.3795,31.3777,8.0,12.11,420.0,28.0,0.05,2.84
2022/02/18 06:00:00,白洋湾金墅水源地4,120.3795,31.3777,8.0,12.11,419.0,28.0,0.05,2.83
2022/02/18 12:00:00,白洋湾金墅水源地4,120.3795,31.3777,8.0,12.11,419.0,28.0,0.05,2.82
2022/02/18 18:00:00,白洋湾金墅水源地4,120.3795,31.3777,8.0,12.11,418.0,28.0,0.05,2.82
2022/02/19 00:00:00,白洋湾金墅水源地4,120.3795,31.3777,8.0,12.11,418.0,28.0,0.05,2.81
2022/02/19 06:00:00,白洋湾金墅水源地4,120.3795,31.3777,8.0,12.11,418.0,28.0,0.04,2.8
2022/02/19 12:00:00,白洋湾金墅水源地4,120.3795,31.3777,8.0,12.11,417.0,28.0,0.04,2.79
2022/02/19 18:00:00,白洋湾金墅水源地4,120.3795,31.3777,8.0,12.1,417.0,28.0,0.04,2.78
2022/02/20 00:00:00,白洋湾金墅水源地4,120.3795,31.3777,8.0,12.1,416.0,28.0,0.04,2.78
2022/02/20 06:00:00,白洋湾金墅水源地4,120.3795,31.3777,8.0,12.09,416.0,28.0,0.04,2.77
2022/02/20 12:00:00,白洋湾金墅水源地4,120.3795,31.3777,8.0,12.09,416.0,27.0,0.04,2.76
2022/02/20 18:00:00,白洋湾金墅水源地4,120.3795,31.3777,8.0,12.08,416.0,27.0,0.04,2.75
2022/02/21 00:00:00,白洋湾金墅水源地4,120.3795,31.3777,8.0,12.08,415.0,27.0,0.04,2.74
2022/02/21 06:00:00,白洋湾金墅水源地4,120.3795,31.3777,8.0,12.07,415.0,27.0,0.04,2.74
2022/02/21 12:00:00,白洋湾金墅水源地4,120.3795,31.3777,8.0,12.06,415.0,27.0,0.04,2.73
2022/02/21 18:00:00,白洋湾金墅水源地4,120.3795,31.3777,8.0,12.05,415.0,27.0,0.04,2.72
2022/02/22 00:00:00,白洋湾金墅水源地4,120.3795,31.3777,8.0,12.04,415.0,26.0,0.04,2.71
2022/02/22 06:00:00,白洋湾金墅水源地4,120.3795,31.3777,8.0,12.04,415.0,26.0,0.04,2.7
2022/02/22 12:00:00,白洋湾金墅水源地4,120.3795,31.3777,8.0,12.02,414.0,26.0,0.04,2.7
2022/02/22 18:00:00,白洋湾金墅水源地4,120.3795,31.3777,8.0,12.01,414.0,26.0,0.04,2.69
2022/02/23 00:00:00,白洋湾金墅水源地4,120.3795,31.3777,8.0,12.0,414.0,25.0,0.04,2.68
2022/02/23 06:00:00,白洋湾金墅水源地4,120.3795,31.3777,8.0,11.99,414.0,25.0,0.04,2.67
2022/02/23 12:00:00,白洋湾金墅水源地4,120.3795,31.3777,8.0,11.97,414.0,25.0,0.04,2.66
2022/02/23 18:00:00,白洋湾金墅水源地4,120.3795,31.3777,8.0,11.96,414.0,25.0,0.04,2.66
2022/02/24 00:00:00,白洋湾金墅水源地4,120.3795,31.3777,8.0,11.94,414.0,25.0,0.04,2.65
2022/02/24 06:00:00,白洋湾金墅水源地4,120.3795,31.3777,8.0,11.93,414.0,24.0,0.04,2.64
2022/02/24 12:00:00,白洋湾金墅水源地4,120.3795,31.3777,8.0,11.91,414.0,24.0,0.04,2.64
2022/02/24 18:00:00,白洋湾金墅水源地4,120.3795,31.3777,8.0,11.89,414.0,24.0,0.05,2.63
2022/02/25 00:00:00,白洋湾金墅水源地4,120.3795,31.3777,8.0,11.87,414.0,24.0,0.05,2.62
2022/02/25 06:00:00,白洋湾金墅水源地4,120.3795,31.3777,8.0,11.85,415.0,23.0,0.05,2.62
2022/02/25 12:00:00,白洋湾金墅水源地4,120.3795,31.3777,8.0,11.83,415.0,23.0,0.05,2.61
2022/02/25 18:00:00,白洋湾金墅水源地4,120.3795,31.3777,8.0,11.81,415.0,23.0,0.05,2.61
2022/02/26 00:00:00,白洋湾金墅水源地4,120.3795,31.3777,8.0,11.79,415.0,23.0,0.05,2.6
2022/02/26 06:00:00,白洋湾金墅水源地4,120.3795,31.3777,8.0,11.77,415.0,23.0,0.05,2.6
2022/02/26 12:00:00,白洋湾金墅水源地4,120.3795,31.3777,8.0,11.74,415.0,22.0,0.05,2.59
2022/02/26 18:00:00,白洋湾金墅水源地4,120.3795,31.3777,8.0,11.72,415.0,22.0,0.05,2.59
2022/02/27 00:00:00,白洋湾金墅水源地4,120.3795,31.3777,8.0,11.69,415.0,22.0,0.05,2.58
2022/02/27 06:00:00,白洋湾金墅水源地4,120.3795,31.3777,8.0,11.66,416.0,22.0,0.05,2.58
2022/02/27 12:00:00,白洋湾金墅水源地4,120.3795,31.3777,8.0,11.63,416.0,22.0,0.05,2.58
2022/02/27 18:00:00,白洋湾金墅水源地4,120.3795,31.3777,8.0,11.6,416.0,21.0,0.05,2.57
2022/02/28 00:00:00,白洋湾金墅水源地4,120.3795,31.3777,8.0,11.57,416.0,21.0,0.06,2.57
2022/02/28 06:00:00,白洋湾金墅水源地4,120.3795,31.3777,8.0,11.54,416.0,21.0,0.06,2.57
2022/02/28 12:00:00,白洋湾金墅水源地4,120.3795,31.3777,8.0,11.51,417.0,21.0,0.06,2.57
2022/02/28 18:00:00,白洋湾金墅水源地4,120.3795,31.3777,8.0,11.48,417.0,21.0,0.06,2.56
2022/03/01 00:00:00,白洋湾金墅水源地4,120.3795,31.3777,8.0,11.44,417.0,21.0,0.06,2.56
2022/03/01 06:00:00,白洋湾金墅水源地4,120.3795,31.3777,8.0,11.4,417.0,20.0,0.06,2.56
2022/03/01 12:00:00,白洋湾金墅水源地4,120.3795,31.3777,8.0,11.37,417.0,20.0,0.06,2.56
2022/03/01 18:00:00,白洋湾金墅水源地4,120.3795,31.3777,8.0,11.33,418.0,20.0,0.06,2.56
2022/03/02 00:00:00,白洋湾金墅水源地4,120.3795,31.3777,8.0,11.29,418.0,20.0,0.06,2.56
2022/03/02 06:00:00,白洋湾金墅水源地4,120.3795,31.3777,8.0,11.25,418.0,20.0,0.07,2.57
2022/03/02 12:00:00,白洋湾金墅水源地4,120.3795,31.3777,8.0,11.21,418.0,20.0,0.07,2.57
2022/03/02 18:00:00,白洋湾金墅水源地4,120.3795,31.3777,8.0,11.17,419.0,20.0,0.07,2.57
2022/03/03 00:00:00,白洋湾金墅水源地4,120.3795,31.3777,8.0,11.13,419.0,20.0,0.07,2.57
2022/03/03 06:00:00,白洋湾金墅水源地4,120.3795,31.3777,8.0,11.09,419.0,21.0,0.07,2.57
2022/03/03 12:00:00,白洋湾金墅水源地4,120.3795,31.3777,8.0,11.05,419.0,21.0,0.07,2.58
2022/03/03 18:00:00,白洋湾金墅水源地4,120.3795,31.3777,8.0,11.01,420.0,21.0,0.08,2.58
2022/03/04 00:00:00,白洋湾金墅水源地4,120.3795,31.3777,8.0,10.97,420.0,21.0,0.08,2.59
2022/03/04 06:00:00,白洋湾金墅水源地4,120.3795,31.3777,8.0,10.92,420.0,22.0,0.08,2.59
2022/03/04 12:00:00,白洋湾金墅水源地4,120.3795,31.3777,8.0,10.88,420.0,22.0,0.08,2.59
2022/03/04 18:00:00,白洋湾金墅水源地4,120.3795,31.3777,8.0,10.84,421.0,23.0,0.08,2.6
2022/03/05 00:00:00,白洋湾金墅水源地4,120.3795,31.3777,8.0,10.79,421.0,23.0,0.08,2.61
2022/03/05 06:00:00,白洋湾金墅水源地4,120.3795,31.3777,8.0,10.75,421.0,24.0,0.08,2.61
2022/03/05 12:00:00,白洋湾金墅水源地4,120.3795,31.3777,8.0,10.71,421.0,24.0,0.09,2.62
2022/03/05 18:00:00,白洋湾金墅水源地4,120.3795,31.3777,8.0,10.66,421.0,25.0,0.09,2.63
2022/03/06 00:00:00,白洋湾金墅水源地4,120.3795,31.3777,8.0,10.62,422.0,26.0,0.09,2.63
2022/03/06 06:00:00,白洋湾金墅水源地4,120.3795,31.3777,8.0,10.57,422.0,27.0,0.09,2.64
2022/03/06 12:00:00,白洋湾金墅水源地4,120.3795,31.3777,8.0,10.53,422.0,28.0,0.09,2.65
2022/03/06 18:00:00,白洋湾金墅水源地4,120.3795,31.3777,8.0,10.48,422.0,29.0,0.09,2.66
2022/03/07 00:00:00,白洋湾金墅水源地4,120.3795,31.3777,8.0,10.44,422.0,30.0,0.1,2.67
2022/03/07 06:00:00,白洋湾金墅水源地4,120.3795,31.3777,8.0,10.4,422.0,31.0,0.1,2.68
2022/03/07 12:00:00,白洋湾金墅水源地4,120.3795,31.3777,8.0,10.35,423.0,33.0,0.1,2.69
2022/03/07 18:00:00,白洋湾金墅水源地4,120.3795,31.3777,8.0,10.31,423.0,34.0,0.1,2.7
2022/03/08 00:00:00,白洋湾金墅水源地4,120.3795,31.3777,8.0,10.27,423.0,36.0,0.1,2.71
2022/03/08 06:00:00,白洋湾金墅水源地4,120.3795,31.3777,8.0,10.22,423.0,37.0,0.1,2.72
2022/03/08 12:00:00,白洋湾金墅水源地4,120.3795,31.3777,8.0,10.18,423.0,39.0,0.11,2.73
2022/03/08 18:00:00,白洋湾金墅水源地4,120.3795,31.3777,8.0,10.14,423.0,41.0,0.11,2.75
2022/03/09 00:00:00,白洋湾金墅水源地4,120.3795,31.3777,8.0,10.1,423.0,43.0,0.11,2.76
2022/03/09 06:00:00,白洋湾金墅水源地4,120.3795,31.3777,8.0,10.06,423.0,45.0,0.11,2.77
2022/03/09 12:00:00,白洋湾金墅水源地4,120.3795,31.3777,8.0,10.02,423.0,47.0,0.11,2.79
2022/03/09 18:00:00,白洋湾金墅水源地4,120.3795,31.3777,8.0,9.98,423.0,49.0,0.11,2.8
2022/03/10 00:00:00,白洋湾金墅水源地4,120.3795,31.3777,8.0,9.94,423.0,52.0,0.11,2.82
2022/03/10 06:00:00,白洋湾金墅水源地4,120.3795,31.3777,8.0,9.9,423.0,54.0,0.11,2.83
2022/03/10 12:00:00,白洋湾金墅水源地4,120.3795,31.3777,8.0,9.86,423.0,57.0,0.12,2.85
2022/03/10 18:00:00,白洋湾金墅水源地4,120.3795,31.3777,8.0,9.82,423.0,60.0,0.12,2.86
2022/03/11 00:00:00,白洋湾金墅水源地4,120.3795,31.3777,8.0,9.79,423.0,63.0,0.12,2.88
2022/03/11 06:00:00,白洋湾金墅水源地4,120.3795,31.3777,8.0,9.75,422.0,66.0,0.12,2.9
2022/03/11 12:00:00,白洋湾金墅水源地4,120.3795,31.3777,8.0,9.72,422.0,69.0,0.12,2.91
2022/03/11 18:00:00,白洋湾金墅水源地4,120.3795,31.3777,8.0,9.69,422.0,72.0,0.12,2.93
2022/03/12 00:00:00,白洋湾金墅水源地4,120.3795,31.3777,8.0,9.65,422.0,76.0,0.12,2.95
2022/03/12 06:00:00,白洋湾金墅水源地4,120.3795,31.3777,8.0,9.62,422.0,79.0,0.12,2.97
2022/03/12 12:00:00,白洋湾金墅水源地4,120.3795,31.3777,8.0,9.59,422.0,83.0,0.12,2.99
2022/03/12 18:00:00,白洋湾金墅水源地4,120.3795,31.3777,8.0,9.56,421.0,86.0,0.12,3.0
2022/03/13 00:00:00,白洋湾金墅水源地4,120.3795,31.3777,8.0,9.53,421.0,90.0,0.12,3.02
2022/03/13 06:00:00,白洋湾金墅水源地4,120.3795,31.3777,8.0,9.5,421.0,93.0,0.12,3.04
2022/03/13 12:00:00,白洋湾金墅水源地4,120.3795,31.3777,8.0,9.47,420.0,97.0,0.12,3.06
2022/03/13 18:00:00,白洋湾金墅水源地4,120.3795,31.3777,8.0,9.44,420.0,101.0,0.12,3.08
2022/03/14 00:00:00,白洋湾金墅水源地4,120.3795,31.3777,7.9,9.42,420.0,104.0,0.13,3.1
2022/03/14 06:00:00,白洋湾金墅水源地4,120.3795,31.3777,7.9,9.39,420.0,108.0,0.13,3.11
2022/03/14 12:00:00,白洋湾金墅水源地4,120.3795,31.3777,7.9,9.37,419.0,112.0,0.13,3.13
2022/03/14 18:00:00,白洋湾金墅水源地4,120.3795,31.3777,7.9,9.34,419.0,116.0,0.13,3.15
2022/03/15 00:00:00,白洋湾金墅水源地4,120.3795,31.3777,7.9,9.32,419.0,119.0,0.13,3.17
2022/03/15 06:00:00,白洋湾金墅水源地4,120.3795,31.3777,7.9,9.3,418.0,123.0,0.13,3.18
2022/03/15 12:00:00,白洋湾金墅水源地4,120.3795,31.3777,7.9,9.28,418.0,126.0,0.13,3.2
2022/03/15 18:00:00,白洋湾金墅水源地4,120.3795,31.3777,7.9,9.26,417.0,130.0,0.13,3.22
2022/03/16 00:00:00,白洋湾金墅水源地4,120.3795,31.3777,7.9,9.24,417.0,133.0,0.13,3.23
2022/03/16 06:00:00,白洋湾金墅水源地4,120.3795,31.3777,7.9,9.22,417.0,137.0,0.13,3.25
2022/03/16 12:00:00,白洋湾金墅水源地4,120.3795,31.3777,7.9,9.2,416.0,140.0,0.13,3.26
2022/03/16 18:00:00,白洋湾金墅水源地4,120.3795,31.3777,7.9,9.18,416.0,143.0,0.13,3.27
2022/03/17 00:00:00,白洋湾金墅水源地4,120.3795,31.3777,7.9,9.16,415.0,146.0,0.13,3.29
2022/03/17 06:00:00,白洋湾金墅水源地4,120.3795,31.3777,7.9,9.15,415.0,149.0,0.13,3.3
2022/03/17 12:00:00,白洋湾金墅水源地4,120.3795,31.3777,7.9,9.13,414.0,152.0,0.13,3.31
2022/03/17 18:00:00,白洋湾金墅水源地4,120.3795,31.3777,7.9,9.12,414.0,155.0,0.13,3.32
2022/03/18 00:00:00,白洋湾金墅水源地4,120.3795,31.3777,7.8,9.11,414.0,158.0,0.13,3.33
2022/03/18 06:00:00,白洋湾金墅水源地4,120.3795,31.3777,7.8,9.09,413.0,160.0,0.13,3.34
2022/03/18 12:00:00,白洋湾金墅水源地4,120.3795,31.3777,7.8,9.08,413.0,163.0,0.12,3.35
2022/03/18 18:00:00,白洋湾金墅水源地4,120.3795,31.3777,7.8,9.07,412.0,165.0,0.12,3.36
2022/03/19 00:00:00,白洋湾金墅水源地4,120.3795,31.3777,7.8,9.06,412.0,167.0,0.12,3.36
2022/03/19 06:00:00,白洋湾金墅水源地4,120.3795,31.3777,7.8,9.05,411.0,168.0,0.12,3.37
2022/03/19 12:00:00,白洋湾金墅水源地4,120.3795,31.3777,7.8,9.04,411.0,170.0,0.12,3.37
2022/03/19 18:00:00,白洋湾金墅水源地4,120.3795,31.3777,7.8,9.04,410.0,171.0,0.12,3.38
2022/03/20 00:00:00,白洋湾金墅水源地4,120.3795,31.3777,7.8,9.03,410.0,173.0,0.12,3.38
2022/03/20 06:00:00,白洋湾金墅水源地4,120.3795,31.3777,7.8,9.03,410.0,174.0,0.12,3.38
2022/03/20 12:00:00,白洋湾金墅水源地4,120.3795,31.3777,7.8,9.02,409.0,174.0,0.12,3.38
2022/03/20 18:00:00,白洋湾金墅水源地4,120.3795,31.3777,7.8,9.02,409.0,175.0,0.12,3.38
2022/03/21 00:00:00,白洋湾金墅水源地4,120.3795,31.3777,7.8,9.01,408.0,175.0,0.12,3.37
2022/03/21 06:00:00,白洋湾金墅水源地4,120.3795,31.3777,7.8,9.01,408.0,175.0,0.12,3.37
2022/03/21 12:00:00,白洋湾金墅水源地4,120.3795,31.3777,7.8,9.01,407.0,175.0,0.12,3.36
2022/03/21 18:00:00,白洋湾金墅水源地4,120.3795,31.3777,7.8,9.01,407.0,174.0,0.12,3.36
2022/03/22 00:00:00,白洋湾金墅水源地4,120.3795,31.3777,7.8,9.01,406.0,174.0,0.11,3.35
2022/03/22 06:00:00,白洋湾金墅水源地4,120.3795,31.3777,7.8,9.01,406.0,173.0,0.11,3.34
2022/03/22 12:00:00,白洋湾金墅水源地4,120.3795,31.3777,7.8,9.01,406.0,172.0,0.11,3.33
2022/03/22 18:00:00,白洋湾金墅水源地4,120.3795,31.3777,7.8,9.01,405.0,170.0,0.11,3.31
2022/03/23 00:00:00,白洋湾金墅水源地4,120.3795,31.3777,7.8,9.02,405.0,169.0,0.11,3.3
2022/03/23 06:00:00,白洋湾金墅水源地4,120.3795,31.3777,7.8,9.02,404.0,167.0,0.11,3.29
2022/03/23 12:00:00,白洋湾金墅水源地4,120.3795,31.3777,7.8,9.02,404.0,165.0,0.11,3.27
2022/03/23 18:00:00,白洋湾金墅水源地4,120.3795,31.3777,7.8,9.02,404.0,163.0,0.11,3.26
2022/03/24 00:00:00,白洋湾金墅水源地4,120.3795,31.3777,7.8,9.03,403.0,161.0,0.11,3.24
2022/03/24 06:00:00,白洋湾金墅水源地4,120.3795,31.3777,7.8,9.03,403.0,158.0,0.1,3.22
2022/03/24 12:00:00,白洋湾金墅水源地4,120.3795,31.3777,7.8,9.04,403.0,156.0,0.1,3.2
2022/03/24 18:00:00,白洋湾金墅水源地4,120.3795,31.3777,7.8,9.04,402.0,153.0,0.1,3.18
2022/03/25 00:00:00,白洋湾金墅水源地4,120.3795,31.3777,7.8,9.04,402.0,150.0,0.1,3.16
2022/03/25 06:00:00,白洋湾金墅水源地4,120.3795,31.3777,7.8,9.05,401.0,148.0,0.1,3.15
2022/03/25 12:00:00,白洋湾金墅水源地4,120.3795,31.3777,7.8,9.05,401.0,145.0,0.1,3.12
2022/03/25 18:00:00,白洋湾金墅水源地4,120.3795,31.3777,7.8,9.05,401.0,141.0,0.1,3.1
2022/03/26 00:00:00,白洋湾金墅水源地4,120.3795,31.3777,7.8,9.06,401.0,138.0,0.1,3.08
2022/03/26 06:00:00,白洋湾金墅水源地4,120.3795,31.3777,7.8,9.06,400.0,135.0,0.1,3.06
2022/03/26 12:00:00,白洋湾金墅水源地4,120.3795,31.3777,7.8,9.06,400.0,132.0,0.09,3.04
2022/03/26 18:00:00,白洋湾金墅水源地4,120.3795,31.3777,7.8,9.07,400.0,128.0,0.09,3.02
2022/03/27 00:00:00,白洋湾金墅水源地4,120.3795,31.3777,7.8,9.07,399.0,125.0,0.09,3.0
2022/03/27 06:00:00,白洋湾金墅水源地4,120.3795,31.3777,7.8,9.07,399.0,121.0,0.09,2.97
2022/03/27 12:00:00,白洋湾金墅水源地4,120.3795,31.3777,7.8,9.07,399.0,118.0,0.09,2.95
2022/03/27 18:00:00,白洋湾金墅水源地4,120.3795,31.3777,7.8,9.07,399.0,114.0,0.09,2.93
2022/03/28 00:00:00,白洋湾金墅水源地4,120.3795,31.3777,7.9,9.07,398.0,111.0,0.09,2.91
2022/03/28 06:00:00,白洋湾金墅水源地4,120.3795,31.3777,7.9,9.07,398.0,107.0,0.09,2.88
2022/03/28 12:00:00,白洋湾金墅水源地4,120.3795,31.3777,7.9,9.07,398.0,104.0,0.09,2.86
2022/03/28 18:00:00,白洋湾金墅水源地4,120.3795,31.3777,7.9,9.06,398.0,100.0,0.08,2.84
2022/03/29 00:00:00,白洋湾金墅水源地4,120.3795,31.3777,7.9,9.06,398.0,97.0,0.08,2.82
2022/03/29 06:00:00,白洋湾金墅水源地4,120.3795,31.3777,7.9,9.06,397.0,93.0,0.08,2.8
2022/03/29 12:00:00,白洋湾金墅水源地4,120.3795,31.3777,7.9,9.05,397.0,90.0,0.08,2.78
2022/03/29 18:00:00,白洋湾金墅水源地4,120.3795,31.3777,7.9,9.04,397.0,86.0,0.08,2.76
2022/03/30 00:00:00,白洋湾金墅水源地4,120.3795,31.3777,7.9,9.04,397.0,83.0,0.08,2.74
2022/03/30 06:00:00,白洋湾金墅水源地4,120.3795,31.3777,7.9,9.03,397.0,80.0,0.08,2.72
2022/03/30 12:00:00,白洋湾金墅水源地4,120.3795,31.3777,7.9,9.02,397.0,76.0,0.08,2.7
2022/03/30 18:00:00,白洋湾金墅水源地4,120.3795,31.3777,7.9,9.01,397.0,73.0,0.08,2.68
2022/03/31 00:00:00,白洋湾金墅水源地4,120.3795,31.3777,7.9,8.99,397.0,70.0,0.08,2.67
2022/03/31 06:00:00,白洋湾金墅水源地4,120.3795,31.3777,7.9,8.98,397.0,67.0,0.08,2.65
2022/03/31 12:00:00,白洋湾金墅水源地4,120.3795,31.3777,8.0,8.96,396.0,64.0,0.08,2.64
2022/03/31 18:00:00,白洋湾金墅水源地4,120.3795,31.3777,8.0,8.95,396.0,62.0,0.07,2.62
2022/04/01 00:00:00,白洋湾金墅水源地4,120.3795,31.3777,8.0,8.93,396.0,59.0,0.07,2.61
2022/04/01 06:00:00,白洋湾金墅水源地4,120.3795,31.3777,8.0,8.91,396.0,57.0,0.07,2.6
2022/04/01 12:00:00,白洋湾金墅水源地4,120.3795,31.3777,8.0,8.89,396.0,54.0,0.07,2.58
2022/04/01 18:00:00,白洋湾金墅水源地4,120.3795,31.3777,8.0,8.86,397.0,52.0,0.07,2.57
2022/04/02 00:00:00,白洋湾金墅水源地4,120.3795,31.3777,8.0,8.84,397.0,50.0,0.07,2.56
2022/04/02 06:00:00,白洋湾金墅水源地4,120.3795,31.3777,8.0,8.81,397.0,48.0,0.07,2.55
2022/04/02 12:00:00,白洋湾金墅水源地4,120.3795,31.3777,8.0,8.79,397.0,46.0,0.07,2.55
2022/04/02 18:00:00,白洋湾金墅水源地4,120.3795,31.3777,8.0,8.76,397.0,44.0,0.07,2.54
2022/04/03 00:00:00,白洋湾金墅水源地4,120.3795,31.3777,8.0,8.73,397.0,43.0,0.07,2.53
2022/04/03 06:00:00,白洋湾金墅水源地4,120.3795,31.3777,8.0,8.7,397.0,41.0,0.07,2.52
2022/04/03 12:00:00,白洋湾金墅水源地4,120.3795,31.3777,8.1,8.67,397.0,39.0,0.07,2.52
2022/04/03 18:00:00,白洋湾金墅水源地4,120.3795,31.3777,8.1,8.64,397.0,38.0,0.07,2.51
2022/04/04 00:00:00,白洋湾金墅水源地4,120.3795,31.3777,8.1,8.61,397.0,37.0,0.07,2.51
2022/04/04 06:00:00,白洋湾金墅水源地4,120.3795,31.3777,8.1,8.58,398.0,35.0,0.07,2.5
2022/04/04 12:00:00,白洋湾金墅水源地4,120.3795,31.3777,8.1,8.55,398.0,34.0,0.07,2.5
2022/04/04 18:00:00,白洋湾金墅水源地4,120.3795,31.3777,8.1,8.51,398.0,33.0,0.07,2.5
2022/04/05 00:00:00,白洋湾金墅水源地4,120.3795,31.3777,8.1,8.48,398.0,32.0,0.07,2.49
2022/04/05 06:00:00,白洋湾金墅水源地4,120.3795,31.3777,8.1,8.44,398.0,31.0,0.07,2.49
2022/04/05 12:00:00,白洋湾金墅水源地4,120.3795,31.3777,8.1,8.41,398.0,30.0,0.07,2.49
2022/04/05 18:00:00,白洋湾金墅水源地4,120.3795,31.3777,8.1,8.37,399.0,29.0,0.07,2.49
2022/04/06 00:00:00,白洋湾金墅水源地4,120.3795,31.3777,8.1,8.34,399.0,28.0,0.07,2.49
2022/04/06 06:00:00,白洋湾金墅水源地4,120.3795,31.3777,8.1,8.3,399.0,27.0,0.07,2.49
2022/04/06 12:00:00,白洋湾金墅水源地4,120.3795,31.3777,8.2,8.27,399.0,27.0,0.07,2.49
2022/04/06 18:00:00,白洋湾金墅水源地4,120.3795,31.3777,8.2,8.23,400.0,26.0,0.07,2.49
2022/04/07 00:00:00,白洋湾金墅水源地4,120.3795,31.3777,8.2,8.19,400.0,26.0,0.07,2.49
2022/04/07 06:00:00,白洋湾金墅水源地4,120.3795,31.3777,8.2,8.16,400.0,25.0,0.07,2.49
2022/04/07 12:00:00,白洋湾金墅水源地4,120.3795,31.3777,8.2,8.12,401.0,24.0,0.07,2.49
2022/04/07 18:00:00,白洋湾金墅水源地4,120.3795,31.3777,8.2,8.09,401.0,24.0,0.07,2.49
2022/04/08 00:00:00,白洋湾金墅水源地4,120.3795,31.3777,8.2,8.05,401.0,24.0,0.07,2.49
2022/04/08 06:00:00,白洋湾金墅水源地4,120.3795,31.3777,8.2,8.01,401.0,23.0,0.07,2.49
2022/04/08 12:00:00,白洋湾金墅水源地4,120.3795,31.3777,8.2,7.98,402.0,23.0,0.07,2.49
2022/04/08 18:00:00,白洋湾金墅水源地4,120.3795,31.3777,8.2,7.94,402.0,23.0,0.07,2.49
2022/04/09 00:00:00,白洋湾金墅水源地4,120.3795,31.3777,8.2,7.91,402.0,22.0,0.07,2.5
2022/04/09 06:00:00,白洋湾金墅水源地4,120.3795,31.3777,8.2,7.88,403.0,22.0,0.07,2.5
2022/04/09 12:00:00,白洋湾金墅水源地4,120.3795,31.3777,8.2,7.84,403.0,22.0,0.07,2.5
2022/04/09 18:00:00,白洋湾金墅水源地4,120.3795,31.3777,8.2,7.81,403.0,21.0,0.07,2.5
2022/04/10 00:00:00,白洋湾金墅水源地4,120.3795,31.3777,8.2,7.78,404.0,21.0,0.07,2.5
2022/04/10 06:00:00,白洋湾金墅水源地4,120.3795,31.3777,8.2,7.75,404.0,21.0,0.07,2.5
2022/04/10 12:00:00,白洋湾金墅水源地4,120.3795,31.3777,8.2,7.72,404.0,21.0,0.07,2.51
2022/04/10 18:00:00,白洋湾金墅水源地4,120.3795,31.3777,8.2,7.69,405.0,21.0,0.07,2.51
2022/04/11 00:00:00,白洋湾金墅水源地4,120.3795,31.3777,8.2,7.66,405.0,20.0,0.07,2.51
2022/04/11 06:00:00,白洋湾金墅水源地4,120.3795,31.3777,8.2,7.63,406.0,20.0,0.07,2.51
2022/04/11 12:00:00,白洋湾金墅水源地4,120.3795,31.3777,8.2,7.6,406.0,20.0,0.07,2.51
2022/04/11 18:00:00,白洋湾金墅水源地4,120.3795,31.3777,8.2,7.58,406.0,20.0,0.07,2.51
2022/04/12 00:00:00,白洋湾金墅水源地4,120.3795,31.3777,8.2,7.55,407.0,20.0,0.07,2.51
2022/04/12 06:00:00,白洋湾金墅水源地4,120.3795,31.3777,8.2,7.53,407.0,20.0,0.07,2.51
2022/04/12 12:00:00,白洋湾金墅水源地4,120.3795,31.3777,8.2,7.5,407.0,19.0,0.07,2.51
2022/04/12 18:00:00,白洋湾金墅水源地4,120.3795,31.3777,8.2,7.48,408.0,19.0,0.07,2.51
2022/04/13 00:00:00,白洋湾金墅水源地4,120.3795,31.3777,8.2,7.46,408.0,19.0,0.06,2.52
2022/04/13 06:00:00,白洋湾金墅水源地4,120.3795,31.3777,8.2,7.44,409.0,19.0,0.06,2.52
2022/04/13 12:00:00,白洋湾金墅水源地4,120.3795,31.3777,8.2,7.42,409.0,19.0,0.06,2.52
2022/04/13 18:00:00,白洋湾金墅水源地4,120.3795,31.3777,8.2,7.4,409.0,19.0,0.06,2.52
2022/04/14 00:00:00,白洋湾金墅水源地4,120.3795,31.3777,8.2,7.38,410.0,19.0,0.06,2.52
2022/04/14 06:00:00,白洋湾金墅水源地4,120.3795,31.3777,8.2,7.36,410.0,18.0,0.06,2.52
2022/04/14 12:00:00,白洋湾金墅水源地4,120.3795,31.3777,8.1,7.35,411.0,18.0,0.06,2.52
2022/04/14 18:00:00,白洋湾金墅水源地4,120.3795,31.3777,8.1,7.33,411.0,18.0,0.06,2.52
2022/04/15 00:00:00,白洋湾金墅水源地4,120.3795,31.3777,8.1,7.32,411.0,18.0,0.06,2.52
2022/04/15 06:00:00,白洋湾金墅水源地4,120.3795,31.3777,8.1,7.3,412.0,18.0,0.06,2.52
2022/04/15 12:00:00,白洋湾金墅水源地4,120.3795,31.3777,8.1,7.29,412.0,18.0,0.06,2.52
2022/04/15 18:00:00,白洋湾金墅水源地4,120.3795,31.3777,8.1,7.28,413.0,18.0,0.06,2.52
2022/04/16 00:00:00,白洋湾金墅水源地4,120.3795,31.3777,8.1,7.27,413.0,17.0,0.06,2.52
2022/04/16 06:00:00,白洋湾金墅水源地4,120.3795,31.3777,8.1,7.26,413.0,17.0,0.06,2.52
2022/04/16 12:00:00,白洋湾金墅水源地4,120.3795,31.3777,8.1,7.25,414.0,17.0,0.06,2.52
2022/04/16 18:00:00,白洋湾金墅水源地4,120.3795,31.3777,8.1,7.24,414.0,17.0,0.05,2.52
2022/04/17 00:00:00,白洋湾金墅水源地4,120.3795,31.3777,8.1,7.23,415.0,17.0,0.05,2.52
2022/04/17 06:00:00,白洋湾金墅水源地4,120.3795,31.3777,8.1,7.22,415.0,17.0,0.05,2.52
2022/04/17 12:00:00,白洋湾金墅水源地4,120.3795,31.3777,8.0,7.22,415.0,17.0,0.05,2.52
2022/04/17 18:00:00,白洋湾金墅水源地4,120.3795,31.3777,8.0,7.21,416.0,17.0,0.05,2.52
2022/04/18 00:00:00,白洋湾金墅水源地4,120.3795,31.3777,8.0,7.21,416.0,17.0,0.05,2.52
2022/04/18 06:00:00,白洋湾金墅水源地4,120.3795,31.3777,8.0,7.2,417.0,16.0,0.05,2.52
2022/04/18 12:00:00,白洋湾金墅水源地4,120.3795,31.3777,8.0,7.2,417.0,16.0,0.05,2.53
2022/04/18 18:00:00,白洋湾金墅水源地4,120.3795,31.3777,8.0,7.2,417.0,16.0,0.05,2.53
2022/04/19 00:00:00,白洋湾金墅水源地4,120.3795,31.3777,8.0,7.19,418.0,16.0,0.05,2.53
2022/04/19 06:00:00,白洋湾金墅水源地4,120.3795,31.3777,8.0,7.19,418.0,16.0,0.05,2.53
2022/04/19 12:00:00,白洋湾金墅水源地4,120.3795,31.3777,8.0,7.19,419.0,16.0,0.05,2.53
2022/04/19 18:00:00,白洋湾金墅水源地4,120.3795,31.3777,8.0,7.19,419.0,16.0,0.05,2.53
2022/04/20 00:00:00,白洋湾金墅水源地4,120.3795,31.3777,7.9,7.19,419.0,16.0,0.05,2.54
2022/04/20 06:00:00,白洋湾金墅水源地4,120.3795,31.3777,7.9,7.2,420.0,16.0,0.05,2.54
2022/04/20 12:00:00,白洋湾金墅水源地4,120.3795,31.3777,7.9,7.2,420.0,16.0,0.05,2.54
2022/04/20 18:00:00,白洋湾金墅水源地4,120.3795,31.3777,7.9,7.2,420.0,16.0,0.05,2.54
2022/04/21 00:00:00,白洋湾金墅水源地4,120.3795,31.3777,7.9,7.21,421.0,16.0,0.05,2.55
2022/04/21 06:00:00,白洋湾金墅水源地4,120.3795,31.3777,7.9,7.21,421.0,16.0,0.05,2.55
2022/04/21 12:00:00,白洋湾金墅水源地4,120.3795,31.3777,7.9,7.22,421.0,16.0,0.05,2.55
2022/04/21 18:00:00,白洋湾金墅水源地4,120.3795,31.3777,7.9,7.22,422.0,16.0,0.05,2.56
2022/04/22 00:00:00,白洋湾金墅水源地4,120.3795,31.3777,7.9,7.23,422.0,16.0,0.05,2.56
2022/04/22 06:00:00,白洋湾金墅水源地4,120.3795,31.3777,7.9,7.24,422.0,16.0,0.05,2.57
2022/04/22 12:00:00,白洋湾金墅水源地4,120.3795,31.3777,7.9,7.25,423.0,16.0,0.05,2.57
2022/04/22 18:00:00,白洋湾金墅水源地4,120.3795,31.3777,7.9,7.26,423.0,16.0,0.05,2.57
2022/04/23 00:00:00,白洋湾金墅水源地4,120.3795,31.3777,7.9,7.27,423.0,16.0,0.05,2.58
2022/04/23 06:00:00,白洋湾金墅水源地4,120.3795,31.3777,7.9,7.28,424.0,16.0,0.05,2.58
2022/04/23 12:00:00,白洋湾金墅水源地4,120.3795,31.3777,7.9,7.29,424.0,16.0,0.05,2.59
2022/04/23 18:00:00,白洋湾金墅水源地4,120.3795,31.3777,7.8,7.3,424.0,16.0,0.05,2.59
2022/04/24 00:00:00,白洋湾金墅水源地4,120.3795,31.3777,7.8,7.31,424.0,16.0,0.05,2.6
2022/04/24 06:00:00,白洋湾金墅水源地4,120.3795,31.3777,7.8,7.32,425.0,16.0,0.05,2.61
2022/04/24 12:00:00,白洋湾金墅水源地4,120.3795,31.3777,7.8,7.33,425.0,16.0,0.05,2.61
2022/04/24 18:00:00,白洋湾金墅水源地4,120.3795,31.3777,7.8,7.34,425.0,16.0,0.05,2.62
2022/04/25 00:00:00,白洋湾金墅水源地4,120.3795,31.3777,7.8,7.36,425.0,16.0,0.06,2.62
2022/04/25 06:00:00,白洋湾金墅水源地4,120.3795,31.3777,7.8,7.37,426.0,16.0,0.06,2.63
2022/04/25 12:00:00,白洋湾金墅水源地4,120.3795,31.3777,7.8,7.38,426.0,16.0,0.06,2.64
2022/04/25 18:00:00,白洋湾金墅水源地4,120.3795,31.3777,7.8,7.39,426.0,16.0,0.06,2.64
2022/04/26 00:00:00,白洋湾金墅水源地4,120.3795,31.3777,7.8,7.41,426.0,16.0,0.06,2.65
2022/04/26 06:00:00,白洋湾金墅水源地4,120.3795,31.3777,7.8,7.42,427.0,16.0,0.06,2.66
2022/04/26 12:00:00,白洋湾金墅水源地4,120.3795,31.3777,7.8,7.43,427.0,17.0,0.06,2.66
2022/04/26 18:00:00,白洋湾金墅水源地4,120.3795,31.3777,7.8,7.45,427.0,17.0,0.06,2.67
2022/04/27 00:00:00,白洋湾金墅水源地4,120.3795,31.3777,7.8,7.46,427.0,17.0,0.06,2.68
2022/04/27 06:00:00,白洋湾金墅水源地4,120.3795,31.3777,7.8,7.47,428.0,17.0,0.06,2.68
2022/04/27 12:00:00,白洋湾金墅水源地4,120.3795,31.3777,7.8,7.49,428.0,17.0,0.06,2.69
2022/04/27 18:00:00,白洋湾金墅水源地4,120.3795,31.3777,7.8,7.5,428.0,17.0,0.06,2.7
2022/04/28 00:00:00,白洋湾金墅水源地4,120.3795,31.3777,7.8,7.51,428.0,17.0,0.07,2.7
2022/04/28 06:00:00,白洋湾金墅水源地4,120.3795,31.3777,7.8,7.52,428.0,17.0,0.07,2.71
2022/04/28 12:00:00,白洋湾金墅水源地4,120.3795,31.3777,7.8,7.53,429.0,17.0,0.07,2.72
2022/04/28 18:00:00,白洋湾金墅水源地4,120.3795,31.3777,7.8,7.55,429.0,17.0,0.07,2.73
2022/04/29 00:00:00,白洋湾金墅水源地4,120.3795,31.3777,7.8,7.56,429.0,17.0,0.07,2.73
2022/04/29 06:00:00,白洋湾金墅水源地4,120.3795,31.3777,7.8,7.57,429.0,17.0,0.07,2.74
2022/04/29 12:00:00,白洋湾金墅水源地4,120.3795,31.3777,7.8,7.58,429.0,17.0,0.07,2.75
2022/04/29 18:00:00,白洋湾金墅水源地4,120.3795,31.3777,7.8,7.59,430.0,17.0,0.07,2.75
2022/04/30 00:00:00,白洋湾金墅水源地4,120.3795,31.3777,7.8,7.6,430.0,18.0,0.07,2.76
2022/04/30 06:00:00,白洋湾金墅水源地4,120.3795,31.3777,7.8,7.61,430.0,18.0,0.07,2.77
2022/04/30 12:00:00,白洋湾金墅水源地4,120.3795,31.3777,7.8,7.62,430.0,18.0,0.07,2.78
2022/04/30 18:00:00,白洋湾金墅水源地4,120.3795,31.3777,7.8,7.62,430.0,18.0,0.07,2.78
2022/05/01 00:00:00,白洋湾金墅水源地4,120.3795,31.3777,7.8,7.63,430.0,18.0,0.08,2.79
2022/05/01 06:00:00,白洋湾金墅水源地4,120.3795,31.3777,7.8,7.64,431.0,18.0,0.08,2.8
2022/05/01 12:00:00,白洋湾金墅水源地4,120.3795,31.3777,7.8,7.65,431.0,18.0,0.08,2.8
2022/05/01 18:00:00,白洋湾金墅水源地4,120.3795,31.3777,7.8,7.65,431.0,18.0,0.08,2.81
2022/05/02 00:00:00,白洋湾金墅水源地4,120.3795,31.3777,7.8,7.65,431.0,18.0,0.08,2.82
2022/05/02 06:00:00,白洋湾金墅水源地4,120.3795,31.3777,7.8,7.66,431.0,18.0,0.08,2.82
2022/05/02 12:00:00,白洋湾金墅水源地4,120.3795,31.3777,7.8,7.66,431.0,18.0,0.08,2.83
2022/05/02 18:00:00,白洋湾金墅水源地4,120.3795,31.3777,7.8,7.66,431.0,18.0,0.08,2.83
2022/05/03 00:00:00,白洋湾金墅水源地4,120.3795,31.3777,7.8,7.67,432.0,18.0,0.08,2.84
2022/05/03 06:00:00,白洋湾金墅水源地4,120.3795,31.3777,7.8,7.67,432.0,18.0,0.08,2.84
2022/05/03 12:00:00,白洋湾金墅水源地4,120.3795,31.3777,7.8,7.67,432.0,18.0,0.08,2.85
2022/05/03 18:00:00,白洋湾金墅水源地4,120.3795,31.3777,7.8,7.67,432.0,18.0,0.08,2.85
2022/05/04 00:00:00,白洋湾金墅水源地4,120.3795,31.3777,7.8,7.66,432.0,18.0,0.08,2.86
2022/05/04 06:00:00,白洋湾金墅水源地4,120.3795,31.3777,7.8,7.66,432.0,18.0,0.08,2.86
2022/05/04 12:00:00,白洋湾金墅水源地4,120.3795,31.3777,7.8,7.66,432.0,18.0,0.08,2.87
2022/05/04 18:00:00,白洋湾金墅水源地4,120.3795,31.3777,7.8,7.66,432.0,18.0,0.08,2.87
2022/05/05 00:00:00,白洋湾金墅水源地4,120.3795,31.3777,7.8,7.65,432.0,18.0,0.08,2.87
2022/05/05 06:00:00,白洋湾金墅水源地4,120.3795,31.3777,7.8,7.65,433.0,18.0,0.08,2.87
2022/05/05 12:00:00,白洋湾金墅水源地4,120.3795,31.3777,7.8,7.65,433.0,18.0,0.08,2.87
2022/05/05 18:00:00,白洋湾金墅水源地4,120.3795,31.3777,7.8,7.64,433.0,18.0,0.08,2.88
2022/05/06 00:00:00,白洋湾金墅水源地4,120.3795,31.3777,7.8,7.64,433.0,19.0,0.08,2.88
2022/05/06 06:00:00,白洋湾金墅水源地4,120.3795,31.3777,7.8,7.63,433.0,19.0,0.08,2.87
2022/05/06 12:00:00,白洋湾金墅水源地4,120.3795,31.3777,7.8,7.62,433.0,19.0,0.08,2.87
2022/05/06 18:00:00,白洋湾金墅水源地4,120.3795,31.3777,7.8,7.62,433.0,19.0,0.08,2.87
2022/05/07 00:00:00,白洋湾金墅水源地4,120.3795,31.3777,7.8,7.61,433.0,19.0,0.08,2.87
2022/05/07 06:00:00,白洋湾金墅水源地4,120.3795,31.3777,7.8,7.6,433.0,19.0,0.08,2.86
2022/05/07 12:00:00,白洋湾金墅水源地4,120.3795,31.3777,7.8,7.6,433.0,19.0,0.08,2.86
2022/05/07 18:00:00,白洋湾金墅水源地4,120.3795,31.3777,7.8,7.59,433.0,19.0,0.08,2.85
2022/05/08 00:00:00,白洋湾金墅水源地4,120.3795,31.3777,7.9,7.58,434.0,19.0,0.08,2.85
2022/05/08 06:00:00,白洋湾金墅水源地4,120.3795,31.3777,7.9,7.57,434.0,19.0,0.08,2.84
2022/05/08 12:00:00,白洋湾金墅水源地4,120.3795,31.3777,7.9,7.57,434.0,19.0,0.08,2.83
2022/05/08 18:00:00,白洋湾金墅水源地4,120.3795,31.3777,7.9,7.56,434.0,19.0,0.08,2.82
2022/05/09 00:00:00,白洋湾金墅水源地4,120.3795,31.3777,7.9,7.55,434.0,19.0,0.08,2.81
2022/05/09 06:00:00,白洋湾金墅水源地4,120.3795,31.3777,7.9,7.54,434.0,19.0,0.08,2.8
2022/05/09 12:00:00,白洋湾金墅水源地4,120.3795,31.3777,7.9,7.53,434.0,19.0,0.08,2.78
2022/05/09 18:00:00,白洋湾金墅水源地4,120.3795,31.3777,7.9,7.52,434.0,19.0,0.08,2.77
2022/05/10 00:00:00,白洋湾金墅水源地4,120.3795,31.3777,7.9,7.51,434.0,19.0,0.08,2.75
2022/05/10 06:00:00,白洋湾金墅水源地4,120.3795,31.3777,7.9,7.5,434.0,19.0,0.08,2.73
2022/05/10 12:00:00,白洋湾金墅水源地4,120.3795,31.3777,7.9,7.5,434.0,20.0,0.08,2.72
2022/05/10 18:00:00,白洋湾金墅水源地4,120.3795,31.3777,7.9,7.49,434.0,20.0,0.08,2.7
2022/05/11 00:00:00,白洋湾金墅水源地4,120.3795,31.3777,7.9,7.48,434.0,20.0,0.08,2.67
2022/05/11 06:00:00,白洋湾金墅水源地4,120.3795,31.3777,7.9,7.47,434.0,20.0,0.08,2.65
2022/05/11 12:00:00,白洋湾金墅水源地4,120.3795,31.3777,7.9,7.46,434.0,20.0,0.08,2.63
2022/05/11 18:00:00,白洋湾金墅水源地4,120.3795,31.3777,7.9,7.45,434.0,20.0,0.08,2.6
2022/05/12 00:00:00,白洋湾金墅水源地4,120.3795,31.3777,7.9,7.44,434.0,20.0,0.08,2.57
2022/05/12 06:00:00,白洋湾金墅水源地4,120.3795,31.3777,7.9,7.44,434.0,21.0,0.08,2.54
2022/05/12 12:00:00,白洋湾金墅水源地4,120.3795,31.3777,7.9,7.43,434.0,21.0,0.08,2.51
2022/05/12 18:00:00,白洋湾金墅水源地4,120.3795,31.3777,7.9,7.42,435.0,21.0,0.08,2.48
2022/05/13 00:00:00,白洋湾金墅水源地4,120.3795,31.3777,7.9,7.41,435.0,21.0,0.08,2.45
2022/05/13 06:00:00,白洋湾金墅水源地4,120.3795,31.3777,7.9,7.41,435.0,21.0,0.08,2.41
2022/05/13 12:00:00,白洋湾金墅水源地4,120.3795,31.3777,7.9,7.4,435.0,21.0,0.08,2.38
2022/05/13 18:00:00,白洋湾金墅水源地4,120.3795,31.3777,7.9,7.39,435.0,22.0,0.08,2.34
2022/05/14 00:00:00,白洋湾金墅水源地4,120.3795,31.3777,7.9,7.38,435.0,22.0,0.08,2.3
2022/05/14 06:00:00,白洋湾金墅水源地4,120.3795,31.3777,7.9,7.38,435.0,22.0,0.08,2.26
2022/05/14 12:00:00,白洋湾金墅水源地4,120.3795,31.3777,7.8,7.37,435.0,22.0,0.08,2.23
2022/05/14 18:00:00,白洋湾金墅水源地4,120.3795,31.3777,7.8,7.36,435.0,22.0,0.08,2.19
2022/05/15 00:00:00,白洋湾金墅水源地4,120.3795,31.3777,7.8,7.35,435.0,23.0,0.08,2.15
2022/05/15 06:00:00,白洋湾金墅水源地4,120.3795,31.3777,7.8,7.34,435.0,23.0,0.08,2.11
2022/05/15 12:00:00,白洋湾金墅水源地4,120.3795,31.3777,7.8,7.33,435.0,23.0,0.08,2.08
2022/05/15 18:00:00,白洋湾金墅水源地4,120.3795,31.3777,7.8,7.32,435.0,23.0,0.08,2.04
2022/05/16 00:00:00,白洋湾金墅水源地4,120.3795,31.3777,7.8,7.31,435.0,23.0,0.08,2.01
2022/05/16 06:00:00,白洋湾金墅水源地4,120.3795,31.3777,7.8,7.3,435.0,23.0,0.08,1.98
2022/05/16 12:00:00,白洋湾金墅水源地4,120.3795,31.3777,7.8,7.29,435.0,23.0,0.08,1.95
2022/05/16 18:00:00,白洋湾金墅水源地4,120.3795,31.3777,7.8,7.28,435.0,24.0,0.08,1.92
2022/05/17 00:00:00,白洋湾金墅水源地4,120.3795,31.3777,7.8,7.27,435.0,24.0,0.08,1.89
2022/05/17 06:00:00,白洋湾金墅水源地4,120.3795,31.3777,7.8,7.25,435.0,24.0,0.08,1.87
2022/05/17 12:00:00,白洋湾金墅水源地4,120.3795,31.3777,7.8,7.24,435.0,24.0,0.08,1.85
2022/05/17 18:00:00,白洋湾金墅水源地4,120.3795,31.3777,7.8,7.22,435.0,24.0,0.08,1.83
2022/05/18 00:00:00,白洋湾金墅水源地4,120.3795,31.3777,7.8,7.2,435.0,24.0,0.08,1.81
2022/05/18 06:00:00,白洋湾金墅水源地4,120.3795,31.3777,7.8,7.18,435.0,24.0,0.08,1.8
2022/05/18 12:00:00,白洋湾金墅水源地4,120.3795,31.3777,7.8,7.16,435.0,24.0,0.08,1.79
2022/05/18 18:00:00,白洋湾金墅水源地4,120.3795,31.3777,7.8,7.14,435.0,24.0,0.08,1.79
2022/05/19 00:00:00,白洋湾金墅水源地4,120.3795,31.3777,7.8,7.12,435.0,24.0,0.08,1.79
2022/05/19 06:00:00,白洋湾金墅水源地4,120.3795,31.3777,7.8,7.1,435.0,24.0,0.08,1.79
2022/05/19 12:00:00,白洋湾金墅水源地4,120.3795,31.3777,7.8,7.07,435.0,23.0,0.08,1.8
2022/05/19 18:00:00,白洋湾金墅水源地4,120.3795,31.3777,7.8,7.05,435.0,23.0,0.08,1.82
2022/05/20 00:00:00,白洋湾金墅水源地4,120.3795,31.3777,7.8,7.02,435.0,23.0,0.08,1.83
2022/05/20 06:00:00,白洋湾金墅水源地4,120.3795,31.3777,7.8,6.99,435.0,23.0,0.08,1.86
2022/05/20 12:00:00,白洋湾金墅水源地4,120.3795,31.3777,7.8,6.96,435.0,22.0,0.08,1.89
2022/05/20 18:00:00,白洋湾金墅水源地4,120.3795,31.3777,7.8,6.92,435.0,22.0,0.08,1.92
2022/05/21 00:00:00,白洋湾金墅水源地4,120.3795,31.3777,7.8,6.89,435.0,22.0,0.09,1.96
2022/05/21 06:00:00,白洋湾金墅水源地4,120.3795,31.3777,7.8,6.85,435.0,21.0,0.09,2.01
2022/05/21 12:00:00,白洋湾金墅水源地4,120.3795,31.3777,7.8,6.81,435.0,21.0,0.09,2.06
2022/05/21 18:00:00,白洋湾金墅水源地4,120.3795,31.3777,7.8,6.77,435.0,20.0,0.09,2.12
2022/05/22 00:00:00,白洋湾金墅水源地4,120.3795,31.3777,7.8,6.73,435.0,20.0,0.09,2.18
2022/05/22 06:00:00,白洋湾金墅水源地4,120.3795,31.3777,7.8,6.68,435.0,19.0,0.09,2.26
2022/05/22 12:00:00,白洋湾金墅水源地4,120.3795,31.3777,7.8,6.63,435.0,18.0,0.09,2.34
2022/05/22 18:00:00,白洋湾金墅水源地4,120.3795,31.3777,7.8,6.58,435.0,18.0,0.09,2.42
2022/05/23 00:00:00,白洋湾金墅水源地4,120.3795,31.3777,7.8,6.53,435.0,17.0,0.09,2.52
2021/06/21 00:00:00,白洋湾金墅水源地5,120.3803,31.3792,8.2,7.1,448.0,11.0,0.08,2.79
2021/06/21 06:00:00,白洋湾金墅水源地5,120.3803,31.3792,8.2,7.03,450.0,11.0,0.08,2.74
2021/06/21 12:00:00,白洋湾金墅水源地5,120.3803,31.3792,8.2,6.97,452.0,11.0,0.08,2.7
2021/06/21 18:00:00,白洋湾金墅水源地5,120.3803,31.3792,8.1,6.91,454.0,11.0,0.08,2.66
2021/06/22 00:00:00,白洋湾金墅水源地5,120.3803,31.3792,8.1,6.85,456.0,11.0,0.08,2.62
2021/06/22 06:00:00,白洋湾金墅水源地5,120.3803,31.3792,8.1,6.79,458.0,11.0,0.08,2.59
2021/06/22 12:00:00,白洋湾金墅水源地5,120.3803,31.3792,8.1,6.74,459.0,11.0,0.08,2.56
2021/06/22 18:00:00,白洋湾金墅水源地5,120.3803,31.3792,8.1,6.7,461.0,11.0,0.08,2.54
2021/06/23 00:00:00,白洋湾金墅水源地5,120.3803,31.3792,8.1,6.65,462.0,11.0,0.08,2.52
2021/06/23 06:00:00,白洋湾金墅水源地5,120.3803,31.3792,8.1,6.61,463.0,12.0,0.08,2.5
2021/06/23 12:00:00,白洋湾金墅水源地5,120.3803,31.3792,8.1,6.57,465.0,12.0,0.08,2.49
2021/06/23 18:00:00,白洋湾金墅水源地5,120.3803,31.3792,8.1,6.53,466.0,12.0,0.08,2.48
2021/06/24 00:00:00,白洋湾金墅水源地5,120.3803,31.3792,8.1,6.5,467.0,12.0,0.08,2.48
2021/06/24 06:00:00,白洋湾金墅水源地5,120.3803,31.3792,8.1,6.47,467.0,12.0,0.08,2.47
2021/06/24 12:00:00,白洋湾金墅水源地5,120.3803,31.3792,8.1,6.44,468.0,12.0,0.08,2.47
2021/06/24 18:00:00,白洋湾金墅水源地5,120.3803,31.3792,8.1,6.42,469.0,12.0,0.08,2.48
2021/06/25 00:00:00,白洋湾金墅水源地5,120.3803,31.3792,8.1,6.39,470.0,13.0,0.07,2.48
2021/06/25 06:00:00,白洋湾金墅水源地5,120.3803,31.3792,8.1,6.37,470.0,13.0,0.07,2.49
2021/06/25 12:00:00,白洋湾金墅水源地5,120.3803,31.3792,8.1,6.35,470.0,13.0,0.07,2.5
2021/06/25 18:00:00,白洋湾金墅水源地5,120.3803,31.3792,8.1,6.33,471.0,13.0,0.07,2.51
2021/06/26 00:00:00,白洋湾金墅水源地5,120.3803,31.3792,8.1,6.32,471.0,13.0,0.07,2.53
2021/06/26 06:00:00,白洋湾金墅水源地5,120.3803,31.3792,8.1,6.3,471.0,14.0,0.07,2.54
2021/06/26 12:00:00,白洋湾金墅水源地5,120.3803,31.3792,8.1,6.29,471.0,14.0,0.07,2.56
2021/06/26 18:00:00,白洋湾金墅水源地5,120.3803,31.3792,8.1,6.28,472.0,14.0,0.07,2.58
2021/06/27 00:00:00,白洋湾金墅水源地5,120.3803,31.3792,8.1,6.27,472.0,14.0,0.07,2.6
2021/06/27 06:00:00,白洋湾金墅水源地5,120.3803,31.3792,8.1,6.26,472.0,15.0,0.07,2.62
2021/06/27 12:00:00,白洋湾金墅水源地5,120.3803,31.3792,8.1,6.26,472.0,15.0,0.07,2.65
2021/06/27 18:00:00,白洋湾金墅水源地5,120.3803,31.3792,8.1,6.25,471.0,15.0,0.07,2.67
2021/06/28 00:00:00,白洋湾金墅水源地5,120.3803,31.3792,8.1,6.25,471.0,15.0,0.07,2.7
2021/06/28 06:00:00,白洋湾金墅水源地5,120.3803,31.3792,8.1,6.25,471.0,16.0,0.07,2.72
2021/06/28 12:00:00,白洋湾金墅水源地5,120.3803,31.3792,8.1,6.24,471.0,16.0,0.07,2.75
2021/06/28 18:00:00,白洋湾金墅水源地5,120.3803,31.3792,8.2,6.24,471.0,16.0,0.07,2.78
2021/06/29 00:00:00,白洋湾金墅水源地5,120.3803,31.3792,8.2,6.24,470.0,16.0,0.06,2.81
2021/06/29 06:00:00,白洋湾金墅水源地5,120.3803,31.3792,8.2,6.24,470.0,17.0,0.06,2.83
2021/06/29 12:00:00,白洋湾金墅水源地5,120.3803,31.3792,8.2,6.24,470.0,17.0,0.06,2.86
2021/06/29 18:00:00,白洋湾金墅水源地5,120.3803,31.3792,8.2,6.24,469.0,17.0,0.06,2.89
2021/06/30 00:00:00,白洋湾金墅水源地5,120.3803,31.3792,8.2,6.24,469.0,18.0,0.06,2.92
2021/06/30 06:00:00,白洋湾金墅水源地5,120.3803,31.3792,8.2,6.25,469.0,18.0,0.06,2.94
2021/06/30 12:00:00,白洋湾金墅水源地5,120.3803,31.3792,8.2,6.25,468.0,18.0,0.06,2.97
2021/06/30 18:00:00,白洋湾金墅水源地5,120.3803,31.3792,8.2,6.25,468.0,18.0,0.06,3.0
2021/07/01 00:00:00,白洋湾金墅水源地5,120.3803,31.3792,8.2,6.25,467.0,19.0,0.06,3.02
2021/07/01 06:00:00,白洋湾金墅水源地5,120.3803,31.3792,8.3,6.25,467.0,19.0,0.06,3.04
2021/07/01 12:00:00,白洋湾金墅水源地5,120.3803,31.3792,8.3,6.25,467.0,19.0,0.06,3.07
2021/07/01 18:00:00,白洋湾金墅水源地5,120.3803,31.3792,8.3,6.25,466.0,19.0,0.06,3.09
2021/07/02 00:00:00,白洋湾金墅水源地5,120.3803,31.3792,8.3,6.25,466.0,20.0,0.06,3.11
2021/07/02 06:00:00,白洋湾金墅水源地5,120.3803,31.3792,8.3,6.25,466.0,20.0,0.06,3.13
2021/07/02 12:00:00,白洋湾金墅水源地5,120.3803,31.3792,8.3,6.25,465.0,20.0,0.06,3.14
2021/07/02 18:00:00,白洋湾金墅水源地5,120.3803,31.3792,8.3,6.25,465.0,20.0,0.06,3.16
2021/07/03 00:00:00,白洋湾金墅水源地5,120.3803,31.3792,8.3,6.25,465.0,21.0,0.06,3.18
2021/07/03 06:00:00,白洋湾金墅水源地5,120.3803,31.3792,8.3,6.25,464.0,21.0,0.06,3.19
2021/07/03 12:00:00,白洋湾金墅水源地5,120.3803,31.3792,8.3,6.25,464.0,21.0,0.06,3.2
2021/07/03 18:00:00,白洋湾金墅水源地5,120.3803,31.3792,8.3,6.25,464.0,21.0,0.06,3.22
2021/07/04 00:00:00,白洋湾金墅水源地5,120.3803,31.3792,8.3,6.25,463.0,21.0,0.06,3.23
2021/07/04 06:00:00,白洋湾金墅水源地5,120.3803,31.3792,8.3,6.25,463.0,22.0,0.06,3.24
2021/07/04 12:00:00,白洋湾金墅水源地5,120.3803,31.3792,8.3,6.24,463.0,22.0,0.06,3.25
2021/07/04 18:00:00,白洋湾金墅水源地5,120.3803,31.3792,8.3,6.24,462.0,22.0,0.06,3.25
2021/07/05 00:00:00,白洋湾金墅水源地5,120.3803,31.3792,8.3,6.24,462.0,22.0,0.06,3.26
2021/07/05 06:00:00,白洋湾金墅水源地5,120.3803,31.3792,8.3,6.24,462.0,23.0,0.06,3.27
2021/07/05 12:00:00,白洋湾金墅水源地5,120.3803,31.3792,8.3,6.24,462.0,23.0,0.06,3.27
2021/07/05 18:00:00,白洋湾金墅水源地5,120.3803,31.3792,8.3,6.23,461.0,23.0,0.06,3.28
2021/07/06 00:00:00,白洋湾金墅水源地5,120.3803,31.3792,8.3,6.23,461.0,23.0,0.06,3.28
2021/07/06 06:00:00,白洋湾金墅水源地5,120.3803,31.3792,8.3,6.23,461.0,23.0,0.06,3.29
2021/07/06 12:00:00,白洋湾金墅水源地5,120.3803,31.3792,8.3,6.23,461.0,23.0,0.06,3.29
2021/07/06 18:00:00,白洋湾金墅水源地5,120.3803,31.3792,8.3,6.22,460.0,24.0,0.06,3.29
2021/07/07 00:00:00,白洋湾金墅水源地5,120.3803,31.3792,8.3,6.22,460.0,24.0,0.06,3.3
2021/07/07 06:00:00,白洋湾金墅水源地5,120.3803,31.3792,8.3,6.22,460.0,24.0,0.06,3.3
2021/07/07 12:00:00,白洋湾金墅水源地5,120.3803,31.3792,8.3,6.22,460.0,24.0,0.06,3.3
2021/07/07 18:00:00,白洋湾金墅水源地5,120.3803,31.3792,8.3,6.21,460.0,24.0,0.06,3.3
2021/07/08 00:00:00,白洋湾金墅水源地5,120.3803,31.3792,8.3,6.21,459.0,24.0,0.06,3.3
2021/07/08 06:00:00,白洋湾金墅水源地5,120.3803,31.3792,8.3,6.21,459.0,25.0,0.06,3.3
2021/07/08 12:00:00,白洋湾金墅水源地5,120.3803,31.3792,8.3,6.21,459.0,25.0,0.06,3.3
2021/07/08 18:00:00,白洋湾金墅水源地5,120.3803,31.3792,8.3,6.21,459.0,25.0,0.06,3.3
2021/07/09 00:00:00,白洋湾金墅水源地5,120.3803,31.3792,8.3,6.2,459.0,25.0,0.06,3.3
2021/07/09 06:00:00,白洋湾金墅水源地5,120.3803,31.3792,8.4,6.2,459.0,25.0,0.06,3.3
2021/07/09 12:00:00,白洋湾金墅水源地5,120.3803,31.3792,8.4,6.2,458.0,25.0,0.06,3.3
2021/07/09 18:00:00,白洋湾金墅水源地5,120.3803,31.3792,8.4,6.2,458.0,25.0,0.06,3.29
2021/07/10 00:00:00,白洋湾金墅水源地5,120.3803,31.3792,8.4,6.2,458.0,25.0,0.06,3.29
2021/07/10 06:00:00,白洋湾金墅水源地5,120.3803,31.3792,8.4,6.2,458.0,26.0,0.06,3.29
2021/07/10 12:00:00,白洋湾金墅水源地5,120.3803,31.3792,8.4,6.2,458.0,26.0,0.06,3.29
2021/07/10 18:00:00,白洋湾金墅水源地5,120.3803,31.3792,8.4,6.2,458.0,26.0,0.06,3.29
2021/07/11 00:00:00,白洋湾金墅水源地5,120.3803,31.3792,8.4,6.2,458.0,26.0,0.06,3.28
2021/07/11 06:00:00,白洋湾金墅水源地5,120.3803,31.3792,8.4,6.2,458.0,26.0,0.06,3.28
2021/07/11 12:00:00,白洋湾金墅水源地5,120.3803,31.3792,8.4,6.21,457.0,26.0,0.06,3.28
2021/07/11 18:00:00,白洋湾金墅水源地5,120.3803,31.3792,8.4,6.21,457.0,26.0,0.06,3.28
2021/07/12 00:00:00,白洋湾金墅水源地5,120.3803,31.3792,8.4,6.21,457.0,26.0,0.06,3.28
2021/07/12 06:00:00,白洋湾金墅水源地5,120.3803,31.3792,8.4,6.21,457.0,26.0,0.06,3.28
2021/07/12 12:00:00,白洋湾金墅水源地5,120.3803,31.3792,8.4,6.22,457.0,26.0,0.06,3.28
2021/07/12 18:00:00,白洋湾金墅水源地5,120.3803,31.3792,8.4,6.22,457.0,26.0,0.06,3.28
2021/07/13 00:00:00,白洋湾金墅水源地5,120.3803,31.3792,8.4,6.22,457.0,26.0,0.06,3.27
2021/07/13 06:00:00,白洋湾金墅水源地5,120.3803,31.3792,8.4,6.23,457.0,26.0,0.06,3.27
2021/07/13 12:00:00,白洋湾金墅水源地5,120.3803,31.3792,8.4,6.23,457.0,26.0,0.06,3.27
2021/07/13 18:00:00,白洋湾金墅水源地5,120.3803,31.3792,8.4,6.24,456.0,26.0,0.06,3.27
2021/07/14 00:00:00,白洋湾金墅水源地5,120.3803,31.3792,8.4,6.24,456.0,26.0,0.06,3.27
2021/07/14 06:00:00,白洋湾金墅水源地5,120.3803,31.3792,8.4,6.25,456.0,26.0,0.07,3.27
2021/07/14 12:00:00,白洋湾金墅水源地5,120.3803,31.3792,8.4,6.26,456.0,26.0,0.07,3.27
2021/07/14 18:00:00,白洋湾金墅水源地5,120.3803,31.3792,8.4,6.26,456.0,26.0,0.07,3.27
2021/07/15 00:00:00,白洋湾金墅水源地5,120.3803,31.3792,8.4,6.27,456.0,26.0,0.07,3.27
2021/07/15 06:00:00,白洋湾金墅水源地5,120.3803,31.3792,8.4,6.28,456.0,26.0,0.07,3.27
2021/07/15 12:00:00,白洋湾金墅水源地5,120.3803,31.3792,8.4,6.28,456.0,26.0,0.07,3.28
2021/07/15 18:00:00,白洋湾金墅水源地5,120.3803,31.3792,8.4,6.29,456.0,26.0,0.07,3.28
2021/07/16 00:00:00,白洋湾金墅水源地5,120.3803,31.3792,8.4,6.3,456.0,26.0,0.07,3.28
2021/07/16 06:00:00,白洋湾金墅水源地5,120.3803,31.3792,8.4,6.31,456.0,26.0,0.07,3.28
2021/07/16 12:00:00,白洋湾金墅水源地5,120.3803,31.3792,8.4,6.32,456.0,26.0,0.07,3.28
2021/07/16 18:00:00,白洋湾金墅水源地5,120.3803,31.3792,8.4,6.33,455.0,26.0,0.07,3.28
2021/07/17 00:00:00,白洋湾金墅水源地5,120.3803,31.3792,8.4,6.34,455.0,26.0,0.07,3.28
2021/07/17 06:00:00,白洋湾金墅水源地5,120.3803,31.3792,8.4,6.34,455.0,26.0,0.07,3.28
2021/07/17 12:00:00,白洋湾金墅水源地5,120.3803,31.3792,8.4,6.35,455.0,26.0,0.07,3.28
2021/07/17 18:00:00,白洋湾金墅水源地5,120.3803,31.3792,8.5,6.36,455.0,26.0,0.07,3.28
2021/07/18 00:00:00,白洋湾金墅水源地5,120.3803,31.3792,8.5,6.37,455.0,26.0,0.07,3.28
2021/07/18 06:00:00,白洋湾金墅水源地5,120.3803,31.3792,8.5,6.38,455.0,26.0,0.07,3.29
2021/07/18 12:00:00,白洋湾金墅水源地5,120.3803,31.3792,8.5,6.39,455.0,26.0,0.07,3.29
2021/07/18 18:00:00,白洋湾金墅水源地5,120.3803,31.3792,8.5,6.4,455.0,26.0,0.07,3.29
2021/07/19 00:00:00,白洋湾金墅水源地5,120.3803,31.3792,8.5,6.41,455.0,26.0,0.07,3.29
2021/07/19 06:00:00,白洋湾金墅水源地5,120.3803,31.3792,8.5,6.43,454.0,26.0,0.07,3.29
2021/07/19 12:00:00,白洋湾金墅水源地5,120.3803,31.3792,8.5,6.44,454.0,26.0,0.07,3.29
2021/07/19 18:00:00,白洋湾金墅水源地5,120.3803,31.3792,8.5,6.45,454.0,26.0,0.07,3.29
2021/07/20 00:00:00,白洋湾金墅水源地5,120.3803,31.3792,8.5,6.46,454.0,26.0,0.07,3.29
2021/07/20 06:00:00,白洋湾金墅水源地5,120.3803,31.3792,8.5,6.47,454.0,26.0,0.07,3.29
2021/07/20 12:00:00,白洋湾金墅水源地5,120.3803,31.3792,8.5,6.48,454.0,26.0,0.07,3.29
2021/07/20 18:00:00,白洋湾金墅水源地5,120.3803,31.3792,8.5,6.49,454.0,26.0,0.07,3.29
2021/07/21 00:00:00,白洋湾金墅水源地5,120.3803,31.3792,8.5,6.5,453.0,26.0,0.07,3.29
2021/07/21 06:00:00,白洋湾金墅水源地5,120.3803,31.3792,8.5,6.51,453.0,26.0,0.07,3.29
2021/07/21 12:00:00,白洋湾金墅水源地5,120.3803,31.3792,8.5,6.52,453.0,26.0,0.07,3.29
2021/07/21 18:00:00,白洋湾金墅水源地5,120.3803,31.3792,8.5,6.53,453.0,26.0,0.07,3.29
2021/07/22 00:00:00,白洋湾金墅水源地5,120.3803,31.3792,8.5,6.55,453.0,26.0,0.07,3.29
2021/07/22 06:00:00,白洋湾金墅水源地5,120.3803,31.3792,8.5,6.56,452.0,26.0,0.07,3.29
2021/07/22 12:00:00,白洋湾金墅水源地5,120.3803,31.3792,8.5,6.57,452.0,26.0,0.07,3.29
2021/07/22 18:00:00,白洋湾金墅水源地5,120.3803,31.3792,8.5,6.58,452.0,26.0,0.07,3.29
2021/07/23 00:00:00,白洋湾金墅水源地5,120.3803,31.3792,8.5,6.59,452.0,26.0,0.07,3.29
2021/07/23 06:00:00,白洋湾金墅水源地5,120.3803,31.3792,8.5,6.6,451.0,26.0,0.07,3.29
2021/07/23 12:00:00,白洋湾金墅水源地5,120.3803,31.3792,8.5,6.61,451.0,26.0,0.07,3.29
2021/07/23 18:00:00,白洋湾金墅水源地5,120.3803,31.3792,8.5,6.62,451.0,26.0,0.07,3.29
2021/07/24 00:00:00,白洋湾金墅水源地5,120.3803,31.3792,8.5,6.63,451.0,26.0,0.07,3.29
2021/07/24 06:00:00,白洋湾金墅水源地5,120.3803,31.3792,8.5,6.64,450.0,26.0,0.07,3.29
2021/07/24 12:00:00,白洋湾金墅水源地5,120.3803,31.3792,8.5,6.65,450.0,26.0,0.07,3.29
2021/07/24 18:00:00,白洋湾金墅水源地5,120.3803,31.3792,8.5,6.66,450.0,26.0,0.07,3.28
2021/07/25 00:00:00,白洋湾金墅水源地5,120.3803,31.3792,8.5,6.67,450.0,26.0,0.07,3.28
2021/07/25 06:00:00,白洋湾金墅水源地5,120.3803,31.3792,8.5,6.68,449.0,26.0,0.07,3.28
2021/07/25 12:00:00,白洋湾金墅水源地5,120.3803,31.3792,8.5,6.69,449.0,26.0,0.07,3.28
2021/07/25 18:00:00,白洋湾金墅水源地5,120.3803,31.3792,8.5,6.7,449.0,26.0,0.07,3.28
2021/07/26 00:00:00,白洋湾金墅水源地5,120.3803,31.3792,8.5,6.71,448.0,26.0,0.07,3.27
2021/07/26 06:00:00,白洋湾金墅水源地5,120.3803,31.3792,8.5,6.72,448.0,26.0,0.07,3.27
2021/07/26 12:00:00,白洋湾金墅水源地5,120.3803,31.3792,8.5,6.73,448.0,26.0,0.07,3.27
2021/07/26 18:00:00,白洋湾金墅水源地5,120.3803,31.3792,8.5,6.74,447.0,26.0,0.07,3.27
2021/07/27 00:00:00,白洋湾金墅水源地5,120.3803,31.3792,8.5,6.75,447.0,26.0,0.07,3.27
2021/07/27 06:00:00,白洋湾金墅水源地5,120.3803,31.3792,8.5,6.75,447.0,26.0,0.07,3.26
2021/07/27 12:00:00,白洋湾金墅水源地5,120.3803,31.3792,8.4,6.76,446.0,26.0,0.07,3.26
2021/07/27 18:00:00,白洋湾金墅水源地5,120.3803,31.3792,8.4,6.77,446.0,26.0,0.07,3.26
2021/07/28 00:00:00,白洋湾金墅水源地5,120.3803,31.3792,8.4,6.77,446.0,26.0,0.07,3.26
2021/07/28 06:00:00,白洋湾金墅水源地5,120.3803,31.3792,8.4,6.78,445.0,26.0,0.07,3.25
2021/07/28 12:00:00,白洋湾金墅水源地5,120.3803,31.3792,8.4,6.79,445.0,26.0,0.07,3.25
2021/07/28 18:00:00,白洋湾金墅水源地5,120.3803,31.3792,8.4,6.79,445.0,26.0,0.07,3.25
2021/07/29 00:00:00,白洋湾金墅水源地5,120.3803,31.3792,8.4,6.8,444.0,26.0,0.07,3.25
2021/07/29 06:00:00,白洋湾金墅水源地5,120.3803,31.3792,8.4,6.8,444.0,26.0,0.07,3.25
2021/07/29 12:00:00,白洋湾金墅水源地5,120.3803,31.3792,8.4,6.81,444.0,26.0,0.07,3.24
2021/07/29 18:00:00,白洋湾金墅水源地5,120.3803,31.3792,8.4,6.81,443.0,26.0,0.07,3.24
2021/07/30 00:00:00,白洋湾金墅水源地5,120.3803,31.3792,8.4,6.81,443.0,26.0,0.07,3.24
2021/07/30 06:00:00,白洋湾金墅水源地5,120.3803,31.3792,8.4,6.82,443.0,26.0,0.07,3.24
2021/07/30 12:00:00,白洋湾金墅水源地5,120.3803,31.3792,8.4,6.82,443.0,26.0,0.07,3.23
2021/07/30 18:00:00,白洋湾金墅水源地5,120.3803,31.3792,8.4,6.82,442.0,26.0,0.07,3.23
2021/07/31 00:00:00,白洋湾金墅水源地5,120.3803,31.3792,8.4,6.82,442.0,26.0,0.07,3.23
2021/07/31 06:00:00,白洋湾金墅水源地5,120.3803,31.3792,8.4,6.82,442.0,26.0,0.07,3.23
2021/07/31 12:00:00,白洋湾金墅水源地5,120.3803,31.3792,8.4,6.82,441.0,27.0,0.07,3.23
2021/07/31 18:00:00,白洋湾金墅水源地5,120.3803,31.3792,8.4,6.82,441.0,27.0,0.07,3.23
2021/08/01 00:00:00,白洋湾金墅水源地5,120.3803,31.3792,8.4,6.82,441.0,27.0,0.07,3.22
2021/08/01 06:00:00,白洋湾金墅水源地5,120.3803,31.3792,8.4,6.82,441.0,27.0,0.07,3.22
2021/08/01 12:00:00,白洋湾金墅水源地5,120.3803,31.3792,8.4,6.82,440.0,27.0,0.07,3.22
2021/08/01 18:00:00,白洋湾金墅水源地5,120.3803,31.3792,8.4,6.81,440.0,27.0,0.07,3.22
2021/08/02 00:00:00,白洋湾金墅水源地5,120.3803,31.3792,8.4,6.81,440.0,27.0,0.07,3.22
2021/08/02 06:00:00,白洋湾金墅水源地5,120.3803,31.3792,8.4,6.8,440.0,27.0,0.07,3.22
2021/08/02 12:00:00,白洋湾金墅水源地5,120.3803,31.3792,8.4,6.8,440.0,27.0,0.07,3.22
2021/08/02 18:00:00,白洋湾金墅水源地5,120.3803,31.3792,8.4,6.79,439.0,27.0,0.07,3.22
2021/08/03 00:00:00,白洋湾金墅水源地5,120.3803,31.3792,8.4,6.79,439.0,27.0,0.07,3.22
2021/08/03 06:00:00,白洋湾金墅水源地5,120.3803,31.3792,8.4,6.78,439.0,27.0,0.07,3.21
2021/08/03 12:00:00,白洋湾金墅水源地5,120.3803,31.3792,8.4,6.77,439.0,27.0,0.07,3.21
2021/08/03 18:00:00,白洋湾金墅水源地5,120.3803,31.3792,8.4,6.76,439.0,27.0,0.07,3.21
2021/08/04 00:00:00,白洋湾金墅水源地5,120.3803,31.3792,8.4,6.76,439.0,27.0,0.07,3.21
2021/08/04 06:00:00,白洋湾金墅水源地5,120.3803,31.3792,8.4,6.75,438.0,27.0,0.07,3.21
2021/08/04 12:00:00,白洋湾金墅水源地5,120.3803,31.3792,8.4,6.74,438.0,27.0,0.07,3.22
2021/08/04 18:00:00,白洋湾金墅水源地5,120.3803,31.3792,8.4,6.73,438.0,27.0,0.07,3.22
2021/08/05 00:00:00,白洋湾金墅水源地5,120.3803,31.3792,8.4,6.72,438.0,27.0,0.07,3.22
2021/08/05 06:00:00,白洋湾金墅水源地5,120.3803,31.3792,8.4,6.7,438.0,27.0,0.07,3.22
2021/08/05 12:00:00,白洋湾金墅水源地5,120.3803,31.3792,8.4,6.69,438.0,27.0,0.07,3.22
2021/08/05 18:00:00,白洋湾金墅水源地5,120.3803,31.3792,8.4,6.68,438.0,27.0,0.07,3.22
2021/08/06 00:00:00,白洋湾金墅水源地5,120.3803,31.3792,8.4,6.67,438.0,27.0,0.07,3.22
2021/08/06 06:00:00,白洋湾金墅水源地5,120.3803,31.3792,8.4,6.66,437.0,27.0,0.07,3.22
2021/08/06 12:00:00,白洋湾金墅水源地5,120.3803,31.3792,8.4,6.65,437.0,27.0,0.07,3.23
2021/08/06 18:00:00,白洋湾金墅水源地5,120.3803,31.3792,8.4,6.63,437.0,27.0,0.07,3.23
2021/08/07 00:00:00,白洋湾金墅水源地5,120.3803,31.3792,8.4,6.62,437.0,27.0,0.07,3.23
2021/08/07 06:00:00,白洋湾金墅水源地5,120.3803,31.3792,8.4,6.61,437.0,27.0,0.07,3.23
2021/08/07 12:00:00,白洋湾金墅水源地5,120.3803,31.3792,8.3,6.59,437.0,27.0,0.07,3.24
2021/08/07 18:00:00,白洋湾金墅水源地5,120.3803,31.3792,8.3,6.58,437.0,27.0,0.07,3.24
2021/08/08 00:00:00,白洋湾金墅水源地5,120.3803,31.3792,8.3,6.57,437.0,27.0,0.07,3.24
2021/08/08 06:00:00,白洋湾金墅水源地5,120.3803,31.3792,8.3,6.55,437.0,27.0,0.07,3.25
2021/08/08 12:00:00,白洋湾金墅水源地5,120.3803,31.3792,8.3,6.54,436.0,27.0,0.07,3.25
2021/08/08 18:00:00,白洋湾金墅水源地5,120.3803,31.3792,8.3,6.52,436.0,27.0,0.07,3.26
2021/08/09 00:00:00,白洋湾金墅水源地5,120.3803,31.3792,8.3,6.51,436.0,27.0,0.07,3.26
2021/08/09 06:00:00,白洋湾金墅水源地5,120.3803,31.3792,8.3,6.5,436.0,27.0,0.07,3.27
2021/08/09 12:00:00,白洋湾金墅水源地5,120.3803,31.3792,8.3,6.48,436.0,27.0,0.07,3.27
2021/08/09 18:00:00,白洋湾金墅水源地5,120.3803,31.3792,8.3,6.47,436.0,27.0,0.07,3.28
2021/08/10 00:00:00,白洋湾金墅水源地5,120.3803,31.3792,8.3,6.45,436.0,28.0,0.07,3.28
2021/08/10 06:00:00,白洋湾金墅水源地5,120.3803,31.3792,8.3,6.44,436.0,28.0,0.07,3.29
2021/08/10 12:00:00,白洋湾金墅水源地5,120.3803,31.3792,8.3,6.43,435.0,28.0,0.08,3.3
2021/08/10 18:00:00,白洋湾金墅水源地5,120.3803,31.3792,8.3,6.41,435.0,28.0,0.08,3.3
2021/08/11 00:00:00,白洋湾金墅水源地5,120.3803,31.3792,8.3,6.4,435.0,28.0,0.08,3.31
2021/08/11 06:00:00,白洋湾金墅水源地5,120.3803,31.3792,8.3,6.39,435.0,28.0,0.08,3.32
2021/08/11 12:00:00,白洋湾金墅水源地5,120.3803,31.3792,8.3,6.37,435.0,28.0,0.08,3.32
2021/08/11 18:00:00,白洋湾金墅水源地5,120.3803,31.3792,8.3,6.36,435.0,28.0,0.08,3.33
2021/08/12 00:00:00,白洋湾金墅水源地5,120.3803,31.3792,8.3,6.35,434.0,28.0,0.08,3.34
2021/08/12 06:00:00,白洋湾金墅水源地5,120.3803,31.3792,8.3,6.34,434.0,28.0,0.08,3.35
2021/08/12 12:00:00,白洋湾金墅水源地5,120.3803,31.3792,8.3,6.32,434.0,28.0,0.08,3.36
2021/08/12 18:00:00,白洋湾金墅水源地5,120.3803,31.3792,8.3,6.31,434.0,28.0,0.08,3.37
2021/08/13 00:00:00,白洋湾金墅水源地5,120.3803,31.3792,8.3,6.3,434.0,28.0,0.08,3.38
2021/08/13 06:00:00,白洋湾金墅水源地5,120.3803,31.3792,8.3,6.29,433.0,28.0,0.08,3.39
2021/08/13 12:00:00,白洋湾金墅水源地5,120.3803,31.3792,8.3,6.28,433.0,29.0,0.08,3.4
2021/08/13 18:00:00,白洋湾金墅水源地5,120.3803,31.3792,8.3,6.27,433.0,29.0,0.08,3.41
2021/08/14 00:00:00,白洋湾金墅水源地5,120.3803,31.3792,8.3,6.26,433.0,29.0,0.08,3.42
2021/08/14 06:00:00,白洋湾金墅水源地5,120.3803,31.3792,8.3,6.25,432.0,29.0,0.08,3.44
2021/08/14 12:00:00,白洋湾金墅水源地5,120.3803,31.3792,8.3,6.24,432.0,29.0,0.08,3.45
2021/08/14 18:00:00,白洋湾金墅水源地5,120.3803,31.3792,8.3,6.23,432.0,29.0,0.08,3.46
2021/08/15 00:00:00,白洋湾金墅水源地5,120.3803,31.3792,8.3,6.22,431.0,29.0,0.08,3.47
2021/08/15 06:00:00,白洋湾金墅水源地5,120.3803,31.3792,8.3,6.21,431.0,29.0,0.08,3.49
2021/08/15 12:00:00,白洋湾金墅水源地5,120.3803,31.3792,8.3,6.2,431.0,29.0,0.08,3.5
2021/08/15 18:00:00,白洋湾金墅水源地5,120.3803,31.3792,8.3,6.19,430.0,29.0,0.08,3.52
2021/08/16 00:00:00,白洋湾金墅水源地5,120.3803,31.3792,8.3,6.19,430.0,30.0,0.08,3.53
2021/08/16 06:00:00,白洋湾金墅水源地5,120.3803,31.3792,8.3,6.18,430.0,30.0,0.08,3.54
2021/08/16 12:00:00,白洋湾金墅水源地5,120.3803,31.3792,8.3,6.17,429.0,30.0,0.08,3.56
2021/08/16 18:00:00,白洋湾金墅水源地5,120.3803,31.3792,8.3,6.17,429.0,30.0,0.08,3.58
2021/08/17 00:00:00,白洋湾金墅水源地5,120.3803,31.3792,8.3,6.16,428.0,30.0,0.08,3.59
2021/08/17 06:00:00,白洋湾金墅水源地5,120.3803,31.3792,8.3,6.15,428.0,30.0,0.08,3.61
2021/08/17 12:00:00,白洋湾金墅水源地5,120.3803,31.3792,8.3,6.15,428.0,30.0,0.08,3.62
2021/08/17 18:00:00,白洋湾金墅水源地5,120.3803,31.3792,8.2,6.14,427.0,30.0,0.08,3.64
2021/08/18 00:00:00,白洋湾金墅水源地5,120.3803,31.3792,8.2,6.14,427.0,30.0,0.08,3.66
2021/08/18 06:00:00,白洋湾金墅水源地5,120.3803,31.3792,8.2,6.13,426.0,31.0,0.08,3.68
2021/08/18 12:00:00,白洋湾金墅水源地5,120.3803,31.3792,8.2,6.13,426.0,31.0,0.08,3.69
2021/08/18 18:00:00,白洋湾金墅水源地5,120.3803,31.3792,8.2,6.12,425.0,31.0,0.08,3.71
2021/08/19 00:00:00,白洋湾金墅水源地5,120.3803,31.3792,8.2,6.12,425.0,31.0,0.08,3.73
2021/08/19 06:00:00,白洋湾金墅水源地5,120.3803,31.3792,8.2,6.11,424.0,31.0,0.08,3.75
2021/08/19 12:00:00,白洋湾金墅水源地5,120.3803,31.3792,8.2,6.11,424.0,31.0,0.08,3.77
2021/08/19 18:00:00,白洋湾金墅水源地5,120.3803,31.3792,8.2,6.11,423.0,31.0,0.08,3.79
2021/08/20 00:00:00,白洋湾金墅水源地5,120.3803,31.3792,8.2,6.1,423.0,31.0,0.08,3.81
2021/08/20 06:00:00,白洋湾金墅水源地5,120.3803,31.3792,8.2,6.1,422.0,31.0,0.08,3.83
2021/08/20 12:00:00,白洋湾金墅水源地5,120.3803,31.3792,8.2,6.1,422.0,31.0,0.08,3.85
2021/08/20 18:00:00,白洋湾金墅水源地5,120.3803,31.3792,8.2,6.09,421.0,31.0,0.08,3.87
2021/08/21 00:00:00,白洋湾金墅水源地5,120.3803,31.3792,8.2,6.09,421.0,32.0,0.08,3.89
2021/08/21 06:00:00,白洋湾金墅水源地5,120.3803,31.3792,8.2,6.09,420.0,32.0,0.08,3.92
2021/08/21 12:00:00,白洋湾金墅水源地5,120.3803,31.3792,8.2,6.09,420.0,32.0,0.08,3.94
2021/08/21 18:00:00,白洋湾金墅水源地5,120.3803,31.3792,8.2,6.09,419.0,32.0,0.08,3.96
2021/08/22 00:00:00,白洋湾金墅水源地5,120.3803,31.3792,8.2,6.09,418.0,32.0,0.08,3.98
2021/08/22 06:00:00,白洋湾金墅水源地5,120.3803,31.3792,8.2,6.09,418.0,32.0,0.08,4.01
2021/08/22 12:00:00,白洋湾金墅水源地5,120.3803,31.3792,8.2,6.09,417.0,32.0,0.08,4.03
2021/08/22 18:00:00,白洋湾金墅水源地5,120.3803,31.3792,8.2,6.09,417.0,32.0,0.08,4.06
2021/08/23 00:00:00,白洋湾金墅水源地5,120.3803,31.3792,8.1,6.08,416.0,32.0,0.08,4.08
2021/08/23 06:00:00,白洋湾金墅水源地5,120.3803,31.3792,8.1,6.09,415.0,32.0,0.08,4.1
2021/08/23 12:00:00,白洋湾金墅水源地5,120.3803,31.3792,8.1,6.09,415.0,32.0,0.08,4.13
2021/08/23 18:00:00,白洋湾金墅水源地5,120.3803,31.3792,8.1,6.09,414.0,32.0,0.08,4.16
2021/08/24 00:00:00,白洋湾金墅水源地5,120.3803,31.3792,8.1,6.09,413.0,32.0,0.08,4.18
2021/08/24 06:00:00,白洋湾金墅水源地5,120.3803,31.3792,8.1,6.09,413.0,32.0,0.08,4.21
2021/08/24 12:00:00,白洋湾金墅水源地5,120.3803,31.3792,8.1,6.09,412.0,32.0,0.08,4.23
2021/08/24 18:00:00,白洋湾金墅水源地5,120.3803,31.3792,8.1,6.09,411.0,32.0,0.08,4.26
2021/08/25 00:00:00,白洋湾金墅水源地5,120.3803,31.3792,8.1,6.09,411.0,32.0,0.08,4.29
2021/08/25 06:00:00,白洋湾金墅水源地5,120.3803,31.3792,8.1,6.1,410.0,32.0,0.08,4.32
2021/08/25 12:00:00,白洋湾金墅水源地5,120.3803,31.3792,8.1,6.1,409.0,32.0,0.08,4.34
2021/08/25 18:00:00,白洋湾金墅水源地5,120.3803,31.3792,8.1,6.1,408.0,32.0,0.08,4.37
2021/08/26 00:00:00,白洋湾金墅水源地5,120.3803,31.3792,8.1,6.1,408.0,31.0,0.08,4.4
2021/08/26 06:00:00,白洋湾金墅水源地5,120.3803,31.3792,8.1,6.11,407.0,31.0,0.08,4.43
2021/08/26 12:00:00,白洋湾金墅水源地5,120.3803,31.3792,8.1,6.11,406.0,31.0,0.07,4.46
2021/08/26 18:00:00,白洋湾金墅水源地5,120.3803,31.3792,8.1,6.11,406.0,31.0,0.07,4.49
2021/08/27 00:00:00,白洋湾金墅水源地5,120.3803,31.3792,8.1,6.12,405.0,31.0,0.07,4.52
2021/08/27 06:00:00,白洋湾金墅水源地5,120.3803,31.3792,8.1,6.12,404.0,31.0,0.07,4.56
2021/08/27 12:00:00,白洋湾金墅水源地5,120.3803,31.3792,8.1,6.12,403.0,31.0,0.07,4.59
2021/08/27 18:00:00,白洋湾金墅水源地5,120.3803,31.3792,8.1,6.13,403.0,31.0,0.07,4.62
2021/08/28 00:00:00,白洋湾金墅水源地5,120.3803,31.3792,8.1,6.13,402.0,31.0,0.07,4.66
2021/08/28 06:00:00,白洋湾金墅水源地5,120.3803,31.3792,8.1,6.14,401.0,31.0,0.07,4.69
2021/08/28 12:00:00,白洋湾金墅水源地5,120.3803,31.3792,8.1,6.14,401.0,31.0,0.07,4.72
2021/08/28 18:00:00,白洋湾金墅水源地5,120.3803,31.3792,8.1,6.15,400.0,30.0,0.07,4.76
2021/08/29 00:00:00,白洋湾金墅水源地5,120.3803,31.3792,8.1,6.15,399.0,30.0,0.07,4.8
2021/08/29 06:00:00,白洋湾金墅水源地5,120.3803,31.3792,8.1,6.16,398.0,30.0,0.07,4.83
2021/08/29 12:00:00,白洋湾金墅水源地5,120.3803,31.3792,8.1,6.16,398.0,30.0,0.07,4.87
2021/08/29 18:00:00,白洋湾金墅水源地5,120.3803,31.3792,8.1,6.17,397.0,30.0,0.07,4.91
2021/08/30 00:00:00,白洋湾金墅水源地5,120.3803,31.3792,8.1,6.17,396.0,30.0,0.07,4.95
2021/08/30 06:00:00,白洋湾金墅水源地5,120.3803,31.3792,8.1,6.18,396.0,30.0,0.06,4.99
2021/08/30 12:00:00,白洋湾金墅水源地5,120.3803,31.3792,8.1,6.18,395.0,29.0,0.06,5.03
2021/08/30 18:00:00,白洋湾金墅水源地5,120.3803,31.3792,8.1,6.19,395.0,29.0,0.06,5.07
2021/08/31 00:00:00,白洋湾金墅水源地5,120.3803,31.3792,8.2,6.19,394.0,29.0,0.06,5.11
2021/08/31 06:00:00,白洋湾金墅水源地5,120.3803,31.3792,8.2,6.2,393.0,29.0,0.06,5.15
2021/08/31 12:00:00,白洋湾金墅水源地5,120.3803,31.3792,8.2,6.2,393.0,29.0,0.06,5.19
2021/08/31 18:00:00,白洋湾金墅水源地5,120.3803,31.3792,8.2,6.21,392.0,29.0,0.06,5.24
2021/09/01 00:00:00,白洋湾金墅水源地5,120.3803,31.3792,8.2,6.22,391.0,29.0,0.06,5.28
2021/09/01 06:00:00,白洋湾金墅水源地5,120.3803,31.3792,8.2,6.22,391.0,28.0,0.06,5.33
2021/09/01 12:00:00,白洋湾金墅水源地5,120.3803,31.3792,8.2,6.23,390.0,28.0,0.06,5.37
2021/09/01 18:00:00,白洋湾金墅水源地5,120.3803,31.3792,8.2,6.24,390.0,28.0,0.06,5.42
2021/09/02 00:00:00,白洋湾金墅水源地5,120.3803,31.3792,8.2,6.24,389.0,28.0,0.06,5.47
2021/09/02 06:00:00,白洋湾金墅水源地5,120.3803,31.3792,8.2,6.25,389.0,28.0,0.06,5.52
2021/09/02 12:00:00,白洋湾金墅水源地5,120.3803,31.3792,8.2,6.25,388.0,28.0,0.06,5.57
2021/09/02 18:00:00,白洋湾金墅水源地5,120.3803,31.3792,8.2,6.26,388.0,27.0,0.06,5.62
2021/09/03 00:00:00,白洋湾金墅水源地5,120.3803,31.3792,8.2,6.27,387.0,27.0,0.06,5.67
2021/09/03 06:00:00,白洋湾金墅水源地5,120.3803,31.3792,8.2,6.27,387.0,27.0,0.06,5.72
2021/09/03 12:00:00,白洋湾金墅水源地5,120.3803,31.3792,8.3,6.28,387.0,27.0,0.06,5.77
2021/09/03 18:00:00,白洋湾金墅水源地5,120.3803,31.3792,8.3,6.29,386.0,27.0,0.06,5.83
2021/09/04 00:00:00,白洋湾金墅水源地5,120.3803,31.3792,8.3,6.3,386.0,26.0,0.06,5.88
2021/09/04 06:00:00,白洋湾金墅水源地5,120.3803,31.3792,8.3,6.3,385.0,26.0,0.06,5.93
2021/09/04 12:00:00,白洋湾金墅水源地5,120.3803,31.3792,8.3,6.31,385.0,26.0,0.06,5.99
2021/09/04 18:00:00,白洋湾金墅水源地5,120.3803,31.3792,8.3,6.32,385.0,26.0,0.06,6.04
2021/09/05 00:00:00,白洋湾金墅水源地5,120.3803,31.3792,8.3,6.32,384.0,26.0,0.06,6.1
2021/09/05 06:00:00,白洋湾金墅水源地5,120.3803,31.3792,8.3,6.33,384.0,25.0,0.06,6.15
2021/09/05 12:00:00,白洋湾金墅水源地5,120.3803,31.3792,8.3,6.34,384.0,25.0,0.06,6.2
2021/09/05 18:00:00,白洋湾金墅水源地5,120.3803,31.3792,8.4,6.34,384.0,25.0,0.06,6.25
2021/09/06 00:00:00,白洋湾金墅水源地5,120.3803,31.3792,8.4,6.35,383.0,25.0,0.06,6.31
2021/09/06 06:00:00,白洋湾金墅水源地5,120.3803,31.3792,8.4,6.36,383.0,25.0,0.06,6.36
2021/09/06 12:00:00,白洋湾金墅水源地5,120.3803,31.3792,8.4,6.36,383.0,25.0,0.06,6.41
2021/09/06 18:00:00,白洋湾金墅水源地5,120.3803,31.3792,8.4,6.37,383.0,24.0,0.06,6.46
2021/09/07 00:00:00,白洋湾金墅水源地5,120.3803,31.3792,8.4,6.38,382.0,24.0,0.06,6.51
2021/09/07 06:00:00,白洋湾金墅水源地5,120.3803,31.3792,8.4,6.39,382.0,24.0,0.06,6.55
2021/09/07 12:00:00,白洋湾金墅水源地5,120.3803,31.3792,8.4,6.39,382.0,24.0,0.06,6.6
2021/09/07 18:00:00,白洋湾金墅水源地5,120.3803,31.3792,8.5,6.4,382.0,24.0,0.06,6.64
2021/09/08 00:00:00,白洋湾金墅水源地5,120.3803,31.3792,8.5,6.41,382.0,23.0,0.06,6.69
2021/09/08 06:00:00,白洋湾金墅水源地5,120.3803,31.3792,8.5,6.41,382.0,23.0,0.06,6.73
2021/09/08 12:00:00,白洋湾金墅水源地5,120.3803,31.3792,8.5,6.42,382.0,23.0,0.06,6.77
2021/09/08 18:00:00,白洋湾金墅水源地5,120.3803,31.3792,8.5,6.43,381.0,23.0,0.06,6.81
2021/09/09 00:00:00,白洋湾金墅水源地5,120.3803,31.3792,8.5,6.43,381.0,23.0,0.06,6.84
2021/09/09 06:00:00,白洋湾金墅水源地5,120.3803,31.3792,8.5,6.44,381.0,23.0,0.06,6.88
2021/09/09 12:00:00,白洋湾金墅水源地5,120.3803,31.3792,8.5,6.45,381.0,22.0,0.06,6.91
2021/09/09 18:00:00,白洋湾金墅水源地5,120.3803,31.3792,8.5,6.46,381.0,22.0,0.06,6.94
2021/09/10 00:00:00,白洋湾金墅水源地5,120.3803,31.3792,8.6,6.46,381.0,22.0,0.06,6.97
2021/09/10 06:00:00,白洋湾金墅水源地5,120.3803,31.3792,8.6,6.47,381.0,22.0,0.06,6.99
2021/09/10 12:00:00,白洋湾金墅水源地5,120.3803,31.3792,8.6,6.48,381.0,22.0,0.06,7.02
2021/09/10 18:00:00,白洋湾金墅水源地5,120.3803,31.3792,8.6,6.48,381.0,22.0,0.06,7.04
2021/09/11 00:00:00,白洋湾金墅水源地5,120.3803,31.3792,8.6,6.49,381.0,22.0,0.06,7.06
2021/09/11 06:00:00,白洋湾金墅水源地5,120.3803,31.3792,8.6,6.5,381.0,21.0,0.06,7.07
2021/09/11 12:00:00,白洋湾金墅水源地5,120.3803,31.3792,8.6,6.5,381.0,21.0,0.06,7.08
2021/09/11 18:00:00,白洋湾金墅水源地5,120.3803,31.3792,8.6,6.51,381.0,21.0,0.06,7.09
2021/09/12 00:00:00,白洋湾金墅水源地5,120.3803,31.3792,8.6,6.52,381.0,21.0,0.06,7.1
2021/09/12 06:00:00,白洋湾金墅水源地5,120.3803,31.3792,8.7,6.52,381.0,21.0,0.06,7.1
2021/09/12 12:00:00,白洋湾金墅水源地5,120.3803,31.3792,8.7,6.53,381.0,21.0,0.06,7.1
2021/09/12 18:00:00,白洋湾金墅水源地5,120.3803,31.3792,8.7,6.54,381.0,21.0,0.06,7.09
2021/09/13 00:00:00,白洋湾金墅水源地5,120.3803,31.3792,8.7,6.54,381.0,21.0,0.06,7.08
2021/09/13 06:00:00,白洋湾金墅水源地5,120.3803,31.3792,8.7,6.55,381.0,21.0,0.06,7.07
2021/09/13 12:00:00,白洋湾金墅水源地5,120.3803,31.3792,8.7,6.56,381.0,20.0,0.06,7.05
2021/09/13 18:00:00,白洋湾金墅水源地5,120.3803,31.3792,8.7,6.56,382.0,20.0,0.06,7.03
2021/09/14 00:00:00,白洋湾金墅水源地5,120.3803,31.3792,8.7,6.57,382.0,20.0,0.07,7.01
2021/09/14 06:00:00,白洋湾金墅水源地5,120.3803,31.3792,8.7,6.58,382.0,20.0,0.07,6.99
2021/09/14 12:00:00,白洋湾金墅水源地5,120.3803,31.3792,8.7,6.58,382.0,20.0,0.07,6.96
2021/09/14 18:00:00,白洋湾金墅水源地5,120.3803,31.3792,8.7,6.59,382.0,20.0,0.07,6.93
2021/09/15 00:00:00,白洋湾金墅水源地5,120.3803,31.3792,8.7,6.6,382.0,20.0,0.07,6.89
2021/09/15 06:00:00,白洋湾金墅水源地5,120.3803,31.3792,8.7,6.6,382.0,20.0,0.07,6.86
2021/09/15 12:00:00,白洋湾金墅水源地5,120.3803,31.3792,8.7,6.61,382.0,20.0,0.07,6.82
2021/09/15 18:00:00,白洋湾金墅水源地5,120.3803,31.3792,8.8,6.62,382.0,20.0,0.07,6.78
2021/09/16 00:00:00,白洋湾金墅水源地5,120.3803,31.3792,8.8,6.62,383.0,20.0,0.07,6.74
2021/09/16 06:00:00,白洋湾金墅水源地5,120.3803,31.3792,8.8,6.63,383.0,20.0,0.07,6.69
2021/09/16 12:00:00,白洋湾金墅水源地5,120.3803,31.3792,8.8,6.64,383.0,20.0,0.07,6.65
2021/09/16 18:00:00,白洋湾金墅水源地5,120.3803,31.3792,8.8,6.65,383.0,20.0,0.07,6.6
2021/09/17 00:00:00,白洋湾金墅水源地5,120.3803,31.3792,8.8,6.66,383.0,20.0,0.07,6.55
2021/09/17 06:00:00,白洋湾金墅水源地5,120.3803,31.3792,8.8,6.67,383.0,20.0,0.07,6.5
2021/09/17 12:00:00,白洋湾金墅水源地5,120.3803,31.3792,8.8,6.68,383.0,20.0,0.07,6.46
2021/09/17 18:00:00,白洋湾金墅水源地5,120.3803,31.3792,8.8,6.69,383.0,20.0,0.07,6.41
2021/09/18 00:00:00,白洋湾金墅水源地5,120.3803,31.3792,8.8,6.7,384.0,20.0,0.07,6.36
2021/09/18 06:00:00,白洋湾金墅水源地5,120.3803,31.3792,8.8,6.71,384.0,20.0,0.07,6.31
2021/09/18 12:00:00,白洋湾金墅水源地5,120.3803,31.3792,8.8,6.72,384.0,20.0,0.07,6.26
2021/09/18 18:00:00,白洋湾金墅水源地5,120.3803,31.3792,8.8,6.73,384.0,20.0,0.08,6.21
2021/09/19 00:00:00,白洋湾金墅水源地5,120.3803,31.3792,8.8,6.75,384.0,20.0,0.08,6.16
2021/09/19 06:00:00,白洋湾金墅水源地5,120.3803,31.3792,8.8,6.76,384.0,20.0,0.08,6.11
2021/09/19 12:00:00,白洋湾金墅水源地5,120.3803,31.3792,8.8,6.78,384.0,20.0,0.08,6.06
2021/09/19 18:00:00,白洋湾金墅水源地5,120.3803,31.3792,8.8,6.79,384.0,20.0,0.08,6.01
2021/09/20 00:00:00,白洋湾金墅水源地5,120.3803,31.3792,8.8,6.81,384.0,20.0,0.08,5.97
2021/09/20 06:00:00,白洋湾金墅水源地5,120.3803,31.3792,8.7,6.82,384.0,21.0,0.08,5.92
2021/09/20 12:00:00,白洋湾金墅水源地5,120.3803,31.3792,8.7,6.84,384.0,21.0,0.08,5.88
2021/09/20 18:00:00,白洋湾金墅水源地5,120.3803,31.3792,8.7,6.86,385.0,21.0,0.08,5.84
2021/09/21 00:00:00,白洋湾金墅水源地5,120.3803,31.3792,8.7,6.88,385.0,21.0,0.08,5.8
2021/09/21 06:00:00,白洋湾金墅水源地5,120.3803,31.3792,8.7,6.9,385.0,21.0,0.08,5.76
2021/09/21 12:00:00,白洋湾金墅水源地5,120.3803,31.3792,8.7,6.92,385.0,21.0,0.08,5.73
2021/09/21 18:00:00,白洋湾金墅水源地5,120.3803,31.3792,8.7,6.94,385.0,21.0,0.08,5.69
2021/09/22 00:00:00,白洋湾金墅水源地5,120.3803,31.3792,8.7,6.96,385.0,21.0,0.08,5.66
2021/09/22 06:00:00,白洋湾金墅水源地5,120.3803,31.3792,8.7,6.99,385.0,21.0,0.08,5.63
2021/09/22 12:00:00,白洋湾金墅水源地5,120.3803,31.3792,8.7,7.01,385.0,22.0,0.08,5.61
2021/09/22 18:00:00,白洋湾金墅水源地5,120.3803,31.3792,8.7,7.04,385.0,22.0,0.08,5.59
2021/09/23 00:00:00,白洋湾金墅水源地5,120.3803,31.3792,8.7,7.06,384.0,22.0,0.08,5.57
2021/09/23 06:00:00,白洋湾金墅水源地5,120.3803,31.3792,8.7,7.09,384.0,22.0,0.08,5.55
2021/09/23 12:00:00,白洋湾金墅水源地5,120.3803,31.3792,8.6,7.12,384.0,22.0,0.08,5.54
2021/09/23 18:00:00,白洋湾金墅水源地5,120.3803,31.3792,8.6,7.15,384.0,23.0,0.08,5.53
2021/09/24 00:00:00,白洋湾金墅水源地5,120.3803,31.3792,8.6,7.18,384.0,23.0,0.08,5.53
2021/09/24 06:00:00,白洋湾金墅水源地5,120.3803,31.3792,8.6,7.21,384.0,23.0,0.08,5.53
2021/09/24 12:00:00,白洋湾金墅水源地5,120.3803,31.3792,8.6,7.25,384.0,23.0,0.08,5.53
2021/09/24 18:00:00,白洋湾金墅水源地5,120.3803,31.3792,8.6,7.28,384.0,23.0,0.08,5.54
2021/09/25 00:00:00,白洋湾金墅水源地5,120.3803,31.3792,8.6,7.32,384.0,24.0,0.08,5.55
2021/09/25 06:00:00,白洋湾金墅水源地5,120.3803,31.3792,8.6,7.35,383.0,24.0,0.08,5.56
2021/09/25 12:00:00,白洋湾金墅水源地5,120.3803,31.3792,8.5,7.39,383.0,24.0,0.08,5.57
2021/09/25 18:00:00,白洋湾金墅水源地5,120.3803,31.3792,8.5,7.42,383.0,24.0,0.08,5.59
2021/09/26 00:00:00,白洋湾金墅水源地5,120.3803,31.3792,8.5,7.46,383.0,25.0,0.08,5.61
2021/09/26 06:00:00,白洋湾金墅水源地5,120.3803,31.3792,8.5,7.5,383.0,25.0,0.08,5.63
2021/09/26 12:00:00,白洋湾金墅水源地5,120.3803,31.3792,8.5,7.54,382.0,25.0,0.08,5.66
2021/09/26 18:00:00,白洋湾金墅水源地5,120.3803,31.3792,8.5,7.57,382.0,25.0,0.08,5.68
2021/09/27 00:00:00,白洋湾金墅水源地5,120.3803,31.3792,8.5,7.61,382.0,26.0,0.08,5.71
2021/09/27 06:00:00,白洋湾金墅水源地5,120.3803,31.3792,8.4,7.65,382.0,26.0,0.08,5.74
2021/09/27 12:00:00,白洋湾金墅水源地5,120.3803,31.3792,8.4,7.69,381.0,26.0,0.08,5.77
2021/09/27 18:00:00,白洋湾金墅水源地5,120.3803,31.3792,8.4,7.73,381.0,27.0,0.08,5.8
2021/09/28 00:00:00,白洋湾金墅水源地5,120.3803,31.3792,8.4,7.77,381.0,27.0,0.08,5.84
2021/09/28 06:00:00,白洋湾金墅水源地5,120.3803,31.3792,8.4,7.81,381.0,27.0,0.08,5.87
2021/09/28 12:00:00,白洋湾金墅水源地5,120.3803,31.3792,8.4,7.84,381.0,27.0,0.07,5.91
2021/09/28 18:00:00,白洋湾金墅水源地5,120.3803,31.3792,8.3,7.88,380.0,28.0,0.07,5.94
2021/09/29 00:00:00,白洋湾金墅水源地5,120.3803,31.3792,8.3,7.92,380.0,28.0,0.07,5.98
2021/09/29 06:00:00,白洋湾金墅水源地5,120.3803,31.3792,8.3,7.96,380.0,28.0,0.07,6.02
2021/09/29 12:00:00,白洋湾金墅水源地5,120.3803,31.3792,8.3,7.99,380.0,29.0,0.07,6.06
2021/09/29 18:00:00,白洋湾金墅水源地5,120.3803,31.3792,8.3,8.03,379.0,29.0,0.07,6.1
2021/09/30 00:00:00,白洋湾金墅水源地5,120.3803,31.3792,8.3,8.06,379.0,29.0,0.07,6.13
2021/09/30 06:00:00,白洋湾金墅水源地5,120.3803,31.3792,8.2,8.1,379.0,30.0,0.07,6.17
2021/09/30 12:00:00,白洋湾金墅水源地5,120.3803,31.3792,8.2,8.13,379.0,30.0,0.07,6.21
2021/09/30 18:00:00,白洋湾金墅水源地5,120.3803,31.3792,8.2,8.16,379.0,30.0,0.07,6.25
2021/10/01 00:00:00,白洋湾金墅水源地5,120.3803,31.3792,8.2,8.19,379.0,31.0,0.07,6.28
2021/10/01 06:00:00,白洋湾金墅水源地5,120.3803,31.3792,8.2,8.23,379.0,31.0,0.07,6.32
2021/10/01 12:00:00,白洋湾金墅水源地5,120.3803,31.3792,8.2,8.25,378.0,31.0,0.07,6.35
2021/10/01 18:00:00,白洋湾金墅水源地5,120.3803,31.3792,8.1,8.28,378.0,32.0,0.07,6.39
2021/10/02 00:00:00,白洋湾金墅水源地5,120.3803,31.3792,8.1,8.31,378.0,32.0,0.07,6.42
2021/10/02 06:00:00,白洋湾金墅水源地5,120.3803,31.3792,8.1,8.34,378.0,32.0,0.07,6.45
2021/10/02 12:00:00,白洋湾金墅水源地5,120.3803,31.3792,8.1,8.36,378.0,33.0,0.07,6.48
2021/10/02 18:00:00,白洋湾金墅水源地5,120.3803,31.3792,8.1,8.38,378.0,33.0,0.07,6.51
2021/10/03 00:00:00,白洋湾金墅水源地5,120.3803,31.3792,8.1,8.4,378.0,33.0,0.07,6.53
2021/10/03 06:00:00,白洋湾金墅水源地5,120.3803,31.3792,8.1,8.42,378.0,34.0,0.06,6.56
2021/10/03 12:00:00,白洋湾金墅水源地5,120.3803,31.3792,8.0,8.44,378.0,34.0,0.06,6.58
2021/10/03 18:00:00,白洋湾金墅水源地5,120.3803,31.3792,8.0,8.46,378.0,34.0,0.06,6.6
2021/10/04 00:00:00,白洋湾金墅水源地5,120.3803,31.3792,8.0,8.47,378.0,35.0,0.06,6.62
2021/10/04 06:00:00,白洋湾金墅水源地5,120.3803,31.3792,8.0,8.48,378.0,35.0,0.06,6.63
2021/10/04 12:00:00,白洋湾金墅水源地5,120.3803,31.3792,8.0,8.49,378.0,36.0,0.06,6.64
2021/10/04 18:00:00,白洋湾金墅水源地5,120.3803,31.3792,8.0,8.5,379.0,36.0,0.06,6.65
2021/10/05 00:00:00,白洋湾金墅水源地5,120.3803,31.3792,8.0,8.51,379.0,36.0,0.06,6.66
2021/10/05 06:00:00,白洋湾金墅水源地5,120.3803,31.3792,8.0,8.51,379.0,37.0,0.06,6.67
2021/10/05 12:00:00,白洋湾金墅水源地5,120.3803,31.3792,7.9,8.52,379.0,37.0,0.06,6.67
2021/10/05 18:00:00,白洋湾金墅水源地5,120.3803,31.3792,7.9,8.52,379.0,37.0,0.06,6.67
2021/10/06 00:00:00,白洋湾金墅水源地5,120.3803,31.3792,7.9,8.52,380.0,38.0,0.06,6.67
2021/10/06 06:00:00,白洋湾金墅水源地5,120.3803,31.3792,7.9,8.52,380.0,38.0,0.06,6.66
2021/10/06 12:00:00,白洋湾金墅水源地5,120.3803,31.3792,7.9,8.52,380.0,38.0,0.06,6.66
2021/10/06 18:00:00,白洋湾金墅水源地5,120.3803,31.3792,7.9,8.51,380.0,38.0,0.06,6.65
2021/10/07 00:00:00,白洋湾金墅水源地5,120.3803,31.3792,7.9,8.51,381.0,39.0,0.06,6.64
2021/10/07 06:00:00,白洋湾金墅水源地5,120.3803,31.3792,7.9,8.5,381.0,39.0,0.06,6.63
2021/10/07 12:00:00,白洋湾金墅水源地5,120.3803,31.3792,7.9,8.5,381.0,39.0,0.06,6.62
2021/10/07 18:00:00,白洋湾金墅水源地5,120.3803,31.3792,7.9,8.49,382.0,40.0,0.06,6.61
2021/10/08 00:00:00,白洋湾金墅水源地5,120.3803,31.3792,7.9,8.48,382.0,40.0,0.06,6.59
2021/10/08 06:00:00,白洋湾金墅水源地5,120.3803,31.3792,7.9,8.47,383.0,40.0,0.06,6.57
2021/10/08 12:00:00,白洋湾金墅水源地5,120.3803,31.3792,7.8,8.46,383.0,40.0,0.06,6.56
2021/10/08 18:00:00,白洋湾金墅水源地5,120.3803,31.3792,7.8,8.45,383.0,41.0,0.06,6.54
2021/10/09 00:00:00,白洋湾金墅水源地5,120.3803,31.3792,7.8,8.44,384.0,41.0,0.06,6.52
2021/10/09 06:00:00,白洋湾金墅水源地5,120.3803,31.3792,7.8,8.42,384.0,41.0,0.06,6.5
2021/10/09 12:00:00,白洋湾金墅水源地5,120.3803,31.3792,7.8,8.41,385.0,41.0,0.06,6.47
2021/10/09 18:00:00,白洋湾金墅水源地5,120.3803,31.3792,7.8,8.4,385.0,41.0,0.06,6.45
2021/10/10 00:00:00,白洋湾金墅水源地5,120.3803,31.3792,7.8,8.39,386.0,42.0,0.06,6.43
2021/10/10 06:00:00,白洋湾金墅水源地5,120.3803,31.3792,7.8,8.37,386.0,42.0,0.05,6.4
2021/10/10 12:00:00,白洋湾金墅水源地5,120.3803,31.3792,7.8,8.36,387.0,42.0,0.05,6.38
2021/10/10 18:00:00,白洋湾金墅水源地5,120.3803,31.3792,7.8,8.34,387.0,42.0,0.05,6.35
2021/10/11 00:00:00,白洋湾金墅水源地5,120.3803,31.3792,7.8,8.33,388.0,42.0,0.05,6.32
2021/10/11 06:00:00,白洋湾金墅水源地5,120.3803,31.3792,7.8,8.32,388.0,42.0,0.05,6.3
2021/10/11 12:00:00,白洋湾金墅水源地5,120.3803,31.3792,7.8,8.3,389.0,42.0,0.05,6.27
2021/10/11 18:00:00,白洋湾金墅水源地5,120.3803,31.3792,7.8,8.29,389.0,42.0,0.05,6.24
2021/10/12 00:00:00,白洋湾金墅水源地5,120.3803,31.3792,7.8,8.28,390.0,42.0,0.05,6.21
2021/10/12 06:00:00,白洋湾金墅水源地5,120.3803,31.3792,7.8,8.26,391.0,42.0,0.05,6.18
2021/10/12 12:00:00,白洋湾金墅水源地5,120.3803,31.3792,7.8,8.25,391.0,42.0,0.05,6.16
2021/10/12 18:00:00,白洋湾金墅水源地5,120.3803,31.3792,7.8,8.24,392.0,42.0,0.05,6.13
2021/10/13 00:00:00,白洋湾金墅水源地5,120.3803,31.3792,7.8,8.23,392.0,42.0,0.05,6.1
2021/10/13 06:00:00,白洋湾金墅水源地5,120.3803,31.3792,7.8,8.21,393.0,42.0,0.05,6.07
2021/10/13 12:00:00,白洋湾金墅水源地5,120.3803,31.3792,7.8,8.2,393.0,42.0,0.05,6.04
2021/10/13 18:00:00,白洋湾金墅水源地5,120.3803,31.3792,7.8,8.19,394.0,42.0,0.05,6.02
2021/10/14 00:00:00,白洋湾金墅水源地5,120.3803,31.3792,7.8,8.18,395.0,42.0,0.05,5.99
2021/10/14 06:00:00,白洋湾金墅水源地5,120.3803,31.3792,7.8,8.18,395.0,42.0,0.05,5.96
2021/10/14 12:00:00,白洋湾金墅水源地5,120.3803,31.3792,7.8,8.17,396.0,42.0,0.05,5.94
2021/10/14 18:00:00,白洋湾金墅水源地5,120.3803,31.3792,7.8,8.16,396.0,41.0,0.05,5.91
2021/10/15 00:00:00,白洋湾金墅水源地5,120.3803,31.3792,7.8,8.16,397.0,41.0,0.05,5.88
2021/10/15 06:00:00,白洋湾金墅水源地5,120.3803,31.3792,7.8,8.15,397.0,41.0,0.05,5.86
2021/10/15 12:00:00,白洋湾金墅水源地5,120.3803,31.3792,7.8,8.15,398.0,41.0,0.05,5.84
2021/10/15 18:00:00,白洋湾金墅水源地5,120.3803,31.3792,7.8,8.15,398.0,40.0,0.05,5.81
2021/10/16 00:00:00,白洋湾金墅水源地5,120.3803,31.3792,7.8,8.14,399.0,40.0,0.05,5.79
2021/10/16 06:00:00,白洋湾金墅水源地5,120.3803,31.3792,7.8,8.14,400.0,40.0,0.05,5.77
2021/10/16 12:00:00,白洋湾金墅水源地5,120.3803,31.3792,7.8,8.14,400.0,39.0,0.05,5.75
2021/10/16 18:00:00,白洋湾金墅水源地5,120.3803,31.3792,7.8,8.14,401.0,39.0,0.05,5.73
2021/10/17 00:00:00,白洋湾金墅水源地5,120.3803,31.3792,7.8,8.14,401.0,39.0,0.05,5.71
2021/10/17 06:00:00,白洋湾金墅水源地5,120.3803,31.3792,7.8,8.15,402.0,38.0,0.05,5.69
2021/10/17 12:00:00,白洋湾金墅水源地5,120.3803,31.3792,7.8,8.15,402.0,38.0,0.05,5.67
2021/10/17 18:00:00,白洋湾金墅水源地5,120.3803,31.3792,7.9,8.15,403.0,38.0,0.05,5.65
2021/10/18 00:00:00,白洋湾金墅水源地5,120.3803,31.3792,7.9,8.16,403.0,37.0,0.05,5.64
2021/10/18 06:00:00,白洋湾金墅水源地5,120.3803,31.3792,7.9,8.16,404.0,37.0,0.06,5.62
2021/10/18 12:00:00,白洋湾金墅水源地5,120.3803,31.3792,7.9,8.17,404.0,37.0,0.06,5.61
2021/10/18 18:00:00,白洋湾金墅水源地5,120.3803,31.3792,7.9,8.18,405.0,37.0,0.06,5.6
2021/10/19 00:00:00,白洋湾金墅水源地5,120.3803,31.3792,7.9,8.18,405.0,36.0,0.06,5.58
2021/10/19 06:00:00,白洋湾金墅水源地5,120.3803,31.3792,7.9,8.19,406.0,36.0,0.06,5.57
2021/10/19 12:00:00,白洋湾金墅水源地5,120.3803,31.3792,7.9,8.2,406.0,36.0,0.06,5.56
2021/10/19 18:00:00,白洋湾金墅水源地5,120.3803,31.3792,7.9,8.21,406.0,36.0,0.06,5.55
2021/10/20 00:00:00,白洋湾金墅水源地5,120.3803,31.3792,7.9,8.22,407.0,36.0,0.06,5.54
2021/10/20 06:00:00,白洋湾金墅水源地5,120.3803,31.3792,7.9,8.23,407.0,35.0,0.06,5.54
2021/10/20 12:00:00,白洋湾金墅水源地5,120.3803,31.3792,7.9,8.24,408.0,35.0,0.06,5.53
2021/10/20 18:00:00,白洋湾金墅水源地5,120.3803,31.3792,7.9,8.25,408.0,35.0,0.06,5.53
2021/10/21 00:00:00,白洋湾金墅水源地5,120.3803,31.3792,7.9,8.26,408.0,35.0,0.06,5.52
2021/10/21 06:00:00,白洋湾金墅水源地5,120.3803,31.3792,7.9,8.28,409.0,35.0,0.06,5.52
2021/10/21 12:00:00,白洋湾金墅水源地5,120.3803,31.3792,7.9,8.29,409.0,36.0,0.06,5.52
2021/10/21 18:00:00,白洋湾金墅水源地5,120.3803,31.3792,7.9,8.3,409.0,36.0,0.06,5.52
2021/10/22 00:00:00,白洋湾金墅水源地5,120.3803,31.3792,7.9,8.32,410.0,36.0,0.06,5.52
2021/10/22 06:00:00,白洋湾金墅水源地5,120.3803,31.3792,8.0,8.33,410.0,36.0,0.06,5.52
2021/10/22 12:00:00,白洋湾金墅水源地5,120.3803,31.3792,8.0,8.35,410.0,36.0,0.06,5.52
2021/10/22 18:00:00,白洋湾金墅水源地5,120.3803,31.3792,8.0,8.36,410.0,37.0,0.07,5.53
2021/10/23 00:00:00,白洋湾金墅水源地5,120.3803,31.3792,8.0,8.38,410.0,37.0,0.07,5.53
2021/10/23 06:00:00,白洋湾金墅水源地5,120.3803,31.3792,8.0,8.39,411.0,38.0,0.07,5.54
2021/10/23 12:00:00,白洋湾金墅水源地5,120.3803,31.3792,8.0,8.41,411.0,38.0,0.07,5.55
2021/10/23 18:00:00,白洋湾金墅水源地5,120.3803,31.3792,8.0,8.43,411.0,39.0,0.07,5.56
2021/10/24 00:00:00,白洋湾金墅水源地5,120.3803,31.3792,8.0,8.44,411.0,40.0,0.07,5.57
2021/10/24 06:00:00,白洋湾金墅水源地5,120.3803,31.3792,8.0,8.46,411.0,40.0,0.07,5.59
2021/10/24 12:00:00,白洋湾金墅水源地5,120.3803,31.3792,8.0,8.48,411.0,41.0,0.07,5.6
2021/10/24 18:00:00,白洋湾金墅水源地5,120.3803,31.3792,8.0,8.5,411.0,42.0,0.07,5.62
2021/10/25 00:00:00,白洋湾金墅水源地5,120.3803,31.3792,8.0,8.51,411.0,43.0,0.08,5.63
2021/10/25 06:00:00,白洋湾金墅水源地5,120.3803,31.3792,8.0,8.53,411.0,44.0,0.08,5.65
2021/10/25 12:00:00,白洋湾金墅水源地5,120.3803,31.3792,8.0,8.55,411.0,46.0,0.08,5.67
2021/10/25 18:00:00,白洋湾金墅水源地5,120.3803,31.3792,8.0,8.57,411.0,47.0,0.08,5.69
2021/10/26 00:00:00,白洋湾金墅水源地5,120.3803,31.3792,8.0,8.59,411.0,48.0,0.08,5.72
2021/10/26 06:00:00,白洋湾金墅水源地5,120.3803,31.3792,8.0,8.61,411.0,50.0,0.08,5.74
2021/10/26 12:00:00,白洋湾金墅水源地5,120.3803,31.3792,8.0,8.63,410.0,51.0,0.08,5.76
2021/10/26 18:00:00,白洋湾金墅水源地5,120.3803,31.3792,8.0,8.64,410.0,53.0,0.09,5.79
2021/10/27 00:00:00,白洋湾金墅水源地5,120.3803,31.3792,8.0,8.66,410.0,54.0,0.09,5.82
2021/10/27 06:00:00,白洋湾金墅水源地5,120.3803,31.3792,8.0,8.68,410.0,56.0,0.09,5.84
2021/10/27 12:00:00,白洋湾金墅水源地5,120.3803,31.3792,8.0,8.7,410.0,58.0,0.09,5.87
2021/10/27 18:00:00,白洋湾金墅水源地5,120.3803,31.3792,8.0,8.72,409.0,59.0,0.09,5.9
2021/10/28 00:00:00,白洋湾金墅水源地5,120.3803,31.3792,8.0,8.74,409.0,61.0,0.09,5.93
2021/10/28 06:00:00,白洋湾金墅水源地5,120.3803,31.3792,8.0,8.76,409.0,63.0,0.09,5.95
2021/10/28 12:00:00,白洋湾金墅水源地5,120.3803,31.3792,8.0,8.78,408.0,64.0,0.1,5.98
2021/10/28 18:00:00,白洋湾金墅水源地5,120.3803,31.3792,8.0,8.8,408.0,66.0,0.1,6.01
2021/10/29 00:00:00,白洋湾金墅水源地5,120.3803,31.3792,8.0,8.82,408.0,68.0,0.1,6.04
2021/10/29 06:00:00,白洋湾金墅水源地5,120.3803,31.3792,8.0,8.84,407.0,70.0,0.1,6.07
2021/10/29 12:00:00,白洋湾金墅水源地5,120.3803,31.3792,8.0,8.85,407.0,72.0,0.1,6.09
2021/10/29 18:00:00,白洋湾金墅水源地5,120.3803,31.3792,8.0,8.87,407.0,73.0,0.1,6.12
2021/10/30 00:00:00,白洋湾金墅水源地5,120.3803,31.3792,8.0,8.89,406.0,75.0,0.11,6.15
2021/10/30 06:00:00,白洋湾金墅水源地5,120.3803,31.3792,7.9,8.91,406.0,77.0,0.11,6.17
2021/10/30 12:00:00,白洋湾金墅水源地5,120.3803,31.3792,7.9,8.93,406.0,79.0,0.11,6.19
2021/10/30 18:00:00,白洋湾金墅水源地5,120.3803,31.3792,7.9,8.95,405.0,81.0,0.11,6.22
2021/10/31 00:00:00,白洋湾金墅水源地5,120.3803,31.3792,7.9,8.96,405.0,82.0,0.11,6.24
2021/10/31 06:00:00,白洋湾金墅水源地5,120.3803,31.3792,7.9,8.98,404.0,84.0,0.11,6.26
2021/10/31 12:00:00,白洋湾金墅水源地5,120.3803,31.3792,7.9,9.0,404.0,86.0,0.12,6.28
2021/10/31 18:00:00,白洋湾金墅水源地5,120.3803,31.3792,7.9,9.01,403.0,87.0,0.12,6.3
2021/11/01 00:00:00,白洋湾金墅水源地5,120.3803,31.3792,7.9,9.03,403.0,89.0,0.12,6.32
2021/11/01 06:00:00,白洋湾金墅水源地5,120.3803,31.3792,7.9,9.05,403.0,90.0,0.12,6.33
2021/11/01 12:00:00,白洋湾金墅水源地5,120.3803,31.3792,7.9,9.06,402.0,92.0,0.12,6.34
2021/11/01 18:00:00,白洋湾金墅水源地5,120.3803,31.3792,7.9,9.08,402.0,93.0,0.12,6.36
2021/11/02 00:00:00,白洋湾金墅水源地5,120.3803,31.3792,7.9,9.09,401.0,94.0,0.12,6.36
2021/11/02 06:00:00,白洋湾金墅水源地5,120.3803,31.3792,7.9,9.11,401.0,95.0,0.12,6.37
2021/11/02 12:00:00,白洋湾金墅水源地5,120.3803,31.3792,7.9,9.12,401.0,97.0,0.12,6.38
2021/11/02 18:00:00,白洋湾金墅水源地5,120.3803,31.3792,7.9,9.14,400.0,98.0,0.13,6.38
2021/11/03 00:00:00,白洋湾金墅水源地5,120.3803,31.3792,7.9,9.15,400.0,99.0,0.13,6.38
2021/11/03 06:00:00,白洋湾金墅水源地5,120.3803,31.3792,7.9,9.16,399.0,99.0,0.13,6.38
2021/11/03 12:00:00,白洋湾金墅水源地5,120.3803,31.3792,7.9,9.17,399.0,100.0,0.13,6.37
2021/11/03 18:00:00,白洋湾金墅水源地5,120.3803,31.3792,7.9,9.19,399.0,101.0,0.13,6.36
2021/11/04 00:00:00,白洋湾金墅水源地5,120.3803,31.3792,7.9,9.2,398.0,101.0,0.13,6.35
2021/11/04 06:00:00,白洋湾金墅水源地5,120.3803,31.3792,7.9,9.21,398.0,102.0,0.13,6.34
2021/11/04 12:00:00,白洋湾金墅水源地5,120.3803,31.3792,7.9,9.22,398.0,102.0,0.13,6.32
2021/11/04 18:00:00,白洋湾金墅水源地5,120.3803,31.3792,7.9,9.23,397.0,102.0,0.13,6.3
2021/11/05 00:00:00,白洋湾金墅水源地5,120.3803,31.3792,7.9,9.23,397.0,102.0,0.13,6.28
2021/11/05 06:00:00,白洋湾金墅水源地5,120.3803,31.3792,7.9,9.24,397.0,102.0,0.13,6.25
2021/11/05 12:00:00,白洋湾金墅水源地5,120.3803,31.3792,7.9,9.25,396.0,102.0,0.13,6.22
2021/11/05 18:00:00,白洋湾金墅水源地5,120.3803,31.3792,7.9,9.26,396.0,102.0,0.13,6.19
2021/11/06 00:00:00,白洋湾金墅水源地5,120.3803,31.3792,7.9,9.26,396.0,102.0,0.13,6.16
2021/11/06 06:00:00,白洋湾金墅水源地5,120.3803,31.3792,7.9,9.27,395.0,101.0,0.13,6.12
2021/11/06 12:00:00,白洋湾金墅水源地5,120.3803,31.3792,7.9,9.27,395.0,101.0,0.13,6.08
2021/11/06 18:00:00,白洋湾金墅水源地5,120.3803,31.3792,7.9,9.28,395.0,100.0,0.13,6.04
2021/11/07 00:00:00,白洋湾金墅水源地5,120.3803,31.3792,7.9,9.28,395.0,99.0,0.12,5.99
2021/11/07 06:00:00,白洋湾金墅水源地5,120.3803,31.3792,7.9,9.29,394.0,98.0,0.12,5.95
2021/11/07 12:00:00,白洋湾金墅水源地5,120.3803,31.3792,7.9,9.29,394.0,97.0,0.12,5.9
2021/11/07 18:00:00,白洋湾金墅水源地5,120.3803,31.3792,7.9,9.29,394.0,96.0,0.12,5.85
2021/11/08 00:00:00,白洋湾金墅水源地5,120.3803,31.3792,7.9,9.3,394.0,95.0,0.12,5.8
2021/11/08 06:00:00,白洋湾金墅水源地5,120.3803,31.3792,7.9,9.3,394.0,94.0,0.12,5.75
2021/11/08 12:00:00,白洋湾金墅水源地5,120.3803,31.3792,7.9,9.3,393.0,93.0,0.12,5.69
2021/11/08 18:00:00,白洋湾金墅水源地5,120.3803,31.3792,7.9,9.3,393.0,92.0,0.12,5.64
2021/11/09 00:00:00,白洋湾金墅水源地5,120.3803,31.3792,7.9,9.3,393.0,91.0,0.12,5.58
2021/11/09 06:00:00,白洋湾金墅水源地5,120.3803,31.3792,7.9,9.3,393.0,89.0,0.12,5.53
2021/11/09 12:00:00,白洋湾金墅水源地5,120.3803,31.3792,7.9,9.3,393.0,88.0,0.11,5.47
2021/11/09 18:00:00,白洋湾金墅水源地5,120.3803,31.3792,8.0,9.3,393.0,87.0,0.11,5.41
2021/11/10 00:00:00,白洋湾金墅水源地5,120.3803,31.3792,8.0,9.3,393.0,85.0,0.11,5.35
2021/11/10 06:00:00,白洋湾金墅水源地5,120.3803,31.3792,8.0,9.3,392.0,84.0,0.11,5.29
2021/11/10 12:00:00,白洋湾金墅水源地5,120.3803,31.3792,8.0,9.3,392.0,82.0,0.11,5.23
2021/11/10 18:00:00,白洋湾金墅水源地5,120.3803,31.3792,8.0,9.3,392.0,81.0,0.11,5.17
2021/11/11 00:00:00,白洋湾金墅水源地5,120.3803,31.3792,8.0,9.3,392.0,79.0,0.11,5.11
2021/11/11 06:00:00,白洋湾金墅水源地5,120.3803,31.3792,8.0,9.3,392.0,78.0,0.11,5.06
2021/11/11 12:00:00,白洋湾金墅水源地5,120.3803,31.3792,8.0,9.29,392.0,76.0,0.1,5.0
2021/11/11 18:00:00,白洋湾金墅水源地5,120.3803,31.3792,8.0,9.29,392.0,75.0,0.1,4.94
2021/11/12 00:00:00,白洋湾金墅水源地5,120.3803,31.3792,8.0,9.29,392.0,73.0,0.1,4.88
2021/11/12 06:00:00,白洋湾金墅水源地5,120.3803,31.3792,8.0,9.29,392.0,72.0,0.1,4.82
2021/11/12 12:00:00,白洋湾金墅水源地5,120.3803,31.3792,8.0,9.28,392.0,70.0,0.1,4.76
2021/11/12 18:00:00,白洋湾金墅水源地5,120.3803,31.3792,8.0,9.28,392.0,69.0,0.1,4.71
2021/11/13 00:00:00,白洋湾金墅水源地5,120.3803,31.3792,8.0,9.28,392.0,68.0,0.1,4.65
2021/11/13 06:00:00,白洋湾金墅水源地5,120.3803,31.3792,8.0,9.27,392.0,66.0,0.09,4.6
2021/11/13 12:00:00,白洋湾金墅水源地5,120.3803,31.3792,8.0,9.27,392.0,65.0,0.09,4.55
2021/11/13 18:00:00,白洋湾金墅水源地5,120.3803,31.3792,8.0,9.27,392.0,63.0,0.09,4.5
2021/11/14 00:00:00,白洋湾金墅水源地5,120.3803,31.3792,8.0,9.26,392.0,62.0,0.09,4.45
2021/11/14 06:00:00,白洋湾金墅水源地5,120.3803,31.3792,8.0,9.26,392.0,61.0,0.09,4.4
2021/11/14 12:00:00,白洋湾金墅水源地5,120.3803,31.3792,8.0,9.26,392.0,60.0,0.09,4.35
2021/11/14 18:00:00,白洋湾金墅水源地5,120.3803,31.3792,8.0,9.25,392.0,58.0,0.09,4.31
2021/11/15 00:00:00,白洋湾金墅水源地5,120.3803,31.3792,8.0,9.25,392.0,57.0,0.09,4.27
2021/11/15 06:00:00,白洋湾金墅水源地5,120.3803,31.3792,8.0,9.25,392.0,56.0,0.09,4.23
2021/11/15 12:00:00,白洋湾金墅水源地5,120.3803,31.3792,8.0,9.24,392.0,55.0,0.08,4.19
2021/11/15 18:00:00,白洋湾金墅水源地5,120.3803,31.3792,8.0,9.24,392.0,54.0,0.08,4.15
2021/11/16 00:00:00,白洋湾金墅水源地5,120.3803,31.3792,8.0,9.24,392.0,54.0,0.08,4.12
2021/11/16 06:00:00,白洋湾金墅水源地5,120.3803,31.3792,8.0,9.23,393.0,53.0,0.08,4.09
2021/11/16 12:00:00,白洋湾金墅水源地5,120.3803,31.3792,8.0,9.23,393.0,52.0,0.08,4.06
2021/11/16 18:00:00,白洋湾金墅水源地5,120.3803,31.3792,8.0,9.23,393.0,51.0,0.08,4.03
2021/11/17 00:00:00,白洋湾金墅水源地5,120.3803,31.3792,8.0,9.22,393.0,51.0,0.08,4.0
2021/11/17 06:00:00,白洋湾金墅水源地5,120.3803,31.3792,8.0,9.22,393.0,50.0,0.08,3.98
2021/11/17 12:00:00,白洋湾金墅水源地5,120.3803,31.3792,8.0,9.22,393.0,49.0,0.08,3.96
2021/11/17 18:00:00,白洋湾金墅水源地5,120.3803,31.3792,8.0,9.21,393.0,49.0,0.08,3.94
2021/11/18 00:00:00,白洋湾金墅水源地5,120.3803,31.3792,8.0,9.21,393.0,48.0,0.08,3.92
2021/11/18 06:00:00,白洋湾金墅水源地5,120.3803,31.3792,8.0,9.21,394.0,48.0,0.08,3.9
2021/11/18 12:00:00,白洋湾金墅水源地5,120.3803,31.3792,8.0,9.21,394.0,48.0,0.08,3.88
2021/11/18 18:00:00,白洋湾金墅水源地5,120.3803,31.3792,8.0,9.21,394.0,47.0,0.08,3.86
2021/11/19 00:00:00,白洋湾金墅水源地5,120.3803,31.3792,8.0,9.21,394.0,47.0,0.08,3.85
2021/11/19 06:00:00,白洋湾金墅水源地5,120.3803,31.3792,8.0,9.2,394.0,47.0,0.08,3.84
2021/11/19 12:00:00,白洋湾金墅水源地5,120.3803,31.3792,8.0,9.2,394.0,46.0,0.08,3.83
2021/11/19 18:00:00,白洋湾金墅水源地5,120.3803,31.3792,8.0,9.2,395.0,46.0,0.08,3.81
2021/11/20 00:00:00,白洋湾金墅水源地5,120.3803,31.3792,7.9,9.2,395.0,46.0,0.08,3.8
2021/11/20 06:00:00,白洋湾金墅水源地5,120.3803,31.3792,7.9,9.2,395.0,46.0,0.08,3.8
2021/11/20 12:00:00,白洋湾金墅水源地5,120.3803,31.3792,7.9,9.21,395.0,46.0,0.08,3.79
2021/11/20 18:00:00,白洋湾金墅水源地5,120.3803,31.3792,7.9,9.21,395.0,45.0,0.08,3.78
2021/11/21 00:00:00,白洋湾金墅水源地5,120.3803,31.3792,7.9,9.21,396.0,45.0,0.08,3.77
2021/11/21 06:00:00,白洋湾金墅水源地5,120.3803,31.3792,7.9,9.21,396.0,45.0,0.08,3.77
2021/11/21 12:00:00,白洋湾金墅水源地5,120.3803,31.3792,7.9,9.21,396.0,45.0,0.08,3.76
2021/11/21 18:00:00,白洋湾金墅水源地5,120.3803,31.3792,7.9,9.22,396.0,45.0,0.08,3.76
2021/11/22 00:00:00,白洋湾金墅水源地5,120.3803,31.3792,7.9,9.22,397.0,45.0,0.08,3.76
2021/11/22 06:00:00,白洋湾金墅水源地5,120.3803,31.3792,7.9,9.22,397.0,45.0,0.08,3.75
2021/11/22 12:00:00,白洋湾金墅水源地5,120.3803,31.3792,7.9,9.23,397.0,45.0,0.08,3.75
2021/11/22 18:00:00,白洋湾金墅水源地5,120.3803,31.3792,7.9,9.23,397.0,45.0,0.08,3.75
2021/11/23 00:00:00,白洋湾金墅水源地5,120.3803,31.3792,7.9,9.24,398.0,45.0,0.08,3.74
2021/11/23 06:00:00,白洋湾金墅水源地5,120.3803,31.3792,7.9,9.25,398.0,45.0,0.08,3.74
2021/11/23 12:00:00,白洋湾金墅水源地5,120.3803,31.3792,7.9,9.25,398.0,45.0,0.08,3.74
2021/11/23 18:00:00,白洋湾金墅水源地5,120.3803,31.3792,7.9,9.26,399.0,45.0,0.08,3.74
2021/11/24 00:00:00,白洋湾金墅水源地5,120.3803,31.3792,7.9,9.27,399.0,45.0,0.08,3.73
2021/11/24 06:00:00,白洋湾金墅水源地5,120.3803,31.3792,7.9,9.28,399.0,45.0,0.08,3.73
2021/11/24 12:00:00,白洋湾金墅水源地5,120.3803,31.3792,7.9,9.29,400.0,44.0,0.08,3.73
2021/11/24 18:00:00,白洋湾金墅水源地5,120.3803,31.3792,7.9,9.3,400.0,44.0,0.08,3.73
2021/11/25 00:00:00,白洋湾金墅水源地5,120.3803,31.3792,7.9,9.31,400.0,44.0,0.08,3.73
2021/11/25 06:00:00,白洋湾金墅水源地5,120.3803,31.3792,7.9,9.32,400.0,44.0,0.08,3.72
2021/11/25 12:00:00,白洋湾金墅水源地5,120.3803,31.3792,7.9,9.33,401.0,44.0,0.08,3.72
2021/11/25 18:00:00,白洋湾金墅水源地5,120.3803,31.3792,7.9,9.35,401.0,44.0,0.08,3.72
2021/11/26 00:00:00,白洋湾金墅水源地5,120.3803,31.3792,7.9,9.36,402.0,44.0,0.08,3.71
2021/11/26 06:00:00,白洋湾金墅水源地5,120.3803,31.3792,7.9,9.38,402.0,44.0,0.08,3.71
2021/11/26 12:00:00,白洋湾金墅水源地5,120.3803,31.3792,7.9,9.39,402.0,44.0,0.08,3.7
2021/11/26 18:00:00,白洋湾金墅水源地5,120.3803,31.3792,7.9,9.41,403.0,43.0,0.08,3.7
2021/11/27 00:00:00,白洋湾金墅水源地5,120.3803,31.3792,7.9,9.43,403.0,43.0,0.08,3.69
2021/11/27 06:00:00,白洋湾金墅水源地5,120.3803,31.3792,7.9,9.44,403.0,43.0,0.08,3.69
2021/11/27 12:00:00,白洋湾金墅水源地5,120.3803,31.3792,7.9,9.46,404.0,43.0,0.08,3.68
2021/11/27 18:00:00,白洋湾金墅水源地5,120.3803,31.3792,7.9,9.48,404.0,43.0,0.08,3.68
2021/11/28 00:00:00,白洋湾金墅水源地5,120.3803,31.3792,7.9,9.5,405.0,42.0,0.08,3.68
2021/11/28 06:00:00,白洋湾金墅水源地5,120.3803,31.3792,7.9,9.52,405.0,42.0,0.08,3.67
2021/11/28 12:00:00,白洋湾金墅水源地5,120.3803,31.3792,7.9,9.54,405.0,42.0,0.08,3.67
2021/11/28 18:00:00,白洋湾金墅水源地5,120.3803,31.3792,7.9,9.56,406.0,42.0,0.08,3.66
2021/11/29 00:00:00,白洋湾金墅水源地5,120.3803,31.3792,7.9,9.58,406.0,41.0,0.08,3.66
2021/11/29 06:00:00,白洋湾金墅水源地5,120.3803,31.3792,7.9,9.6,406.0,41.0,0.08,3.65
2021/11/29 12:00:00,白洋湾金墅水源地5,120.3803,31.3792,7.9,9.62,407.0,41.0,0.08,3.65
2021/11/29 18:00:00,白洋湾金墅水源地5,120.3803,31.3792,7.9,9.64,407.0,41.0,0.08,3.65
2021/11/30 00:00:00,白洋湾金墅水源地5,120.3803,31.3792,7.9,9.66,408.0,40.0,0.08,3.65
2021/11/30 06:00:00,白洋湾金墅水源地5,120.3803,31.3792,7.9,9.69,408.0,40.0,0.07,3.64
2021/11/30 12:00:00,白洋湾金墅水源地5,120.3803,31.3792,7.9,9.71,408.0,40.0,0.07,3.64
2021/11/30 18:00:00,白洋湾金墅水源地5,120.3803,31.3792,7.9,9.73,409.0,39.0,0.07,3.64
2021/12/01 00:00:00,白洋湾金墅水源地5,120.3803,31.3792,7.9,9.75,409.0,39.0,0.07,3.64
2021/12/01 06:00:00,白洋湾金墅水源地5,120.3803,31.3792,7.9,9.77,410.0,39.0,0.07,3.64
2021/12/01 12:00:00,白洋湾金墅水源地5,120.3803,31.3792,7.9,9.79,410.0,39.0,0.07,3.64
2021/12/01 18:00:00,白洋湾金墅水源地5,120.3803,31.3792,7.9,9.81,410.0,38.0,0.07,3.65
2021/12/02 00:00:00,白洋湾金墅水源地5,120.3803,31.3792,7.9,9.83,411.0,38.0,0.07,3.65
2021/12/02 06:00:00,白洋湾金墅水源地5,120.3803,31.3792,7.9,9.85,411.0,38.0,0.07,3.65
2021/12/02 12:00:00,白洋湾金墅水源地5,120.3803,31.3792,7.9,9.87,411.0,37.0,0.07,3.66
2021/12/02 18:00:00,白洋湾金墅水源地5,120.3803,31.3792,7.9,9.89,412.0,37.0,0.07,3.67
2021/12/03 00:00:00,白洋湾金墅水源地5,120.3803,31.3792,7.9,9.91,412.0,37.0,0.07,3.67
2021/12/03 06:00:00,白洋湾金墅水源地5,120.3803,31.3792,7.9,9.93,412.0,37.0,0.07,3.68
2021/12/03 12:00:00,白洋湾金墅水源地5,120.3803,31.3792,7.9,9.95,413.0,36.0,0.07,3.69
2021/12/03 18:00:00,白洋湾金墅水源地5,120.3803,31.3792,7.9,9.97,413.0,36.0,0.07,3.7
2021/12/04 00:00:00,白洋湾金墅水源地5,120.3803,31.3792,7.9,9.99,413.0,36.0,0.07,3.72
2021/12/04 06:00:00,白洋湾金墅水源地5,120.3803,31.3792,7.9,10.0,414.0,36.0,0.07,3.73
2021/12/04 12:00:00,白洋湾金墅水源地5,120.3803,31.3792,7.9,10.02,414.0,36.0,0.07,3.75
2021/12/04 18:00:00,白洋湾金墅水源地5,120.3803,31.3792,7.9,10.04,414.0,35.0,0.07,3.76
2021/12/05 00:00:00,白洋湾金墅水源地5,120.3803,31.3792,7.9,10.05,414.0,35.0,0.07,3.78
2021/12/05 06:00:00,白洋湾金墅水源地5,120.3803,31.3792,7.9,10.07,415.0,35.0,0.07,3.8
2021/12/05 12:00:00,白洋湾金墅水源地5,120.3803,31.3792,7.9,10.08,415.0,35.0,0.07,3.82
2021/12/05 18:00:00,白洋湾金墅水源地5,120.3803,31.3792,7.9,10.09,415.0,35.0,0.07,3.85
2021/12/06 00:00:00,白洋湾金墅水源地5,120.3803,31.3792,7.9,10.11,415.0,34.0,0.07,3.87
2021/12/06 06:00:00,白洋湾金墅水源地5,120.3803,31.3792,7.9,10.12,416.0,34.0,0.07,3.9
2021/12/06 12:00:00,白洋湾金墅水源地5,120.3803,31.3792,7.9,10.13,416.0,34.0,0.07,3.93
2021/12/06 18:00:00,白洋湾金墅水源地5,120.3803,31.3792,7.9,10.14,416.0,34.0,0.07,3.96
2021/12/07 00:00:00,白洋湾金墅水源地5,120.3803,31.3792,7.9,10.15,416.0,34.0,0.07,3.99
2021/12/07 06:00:00,白洋湾金墅水源地5,120.3803,31.3792,7.9,10.16,416.0,34.0,0.07,4.02
2021/12/07 12:00:00,白洋湾金墅水源地5,120.3803,31.3792,7.9,10.16,416.0,34.0,0.07,4.06
2021/12/07 18:00:00,白洋湾金墅水源地5,120.3803,31.3792,7.9,10.17,417.0,34.0,0.07,4.09
2021/12/08 00:00:00,白洋湾金墅水源地5,120.3803,31.3792,7.9,10.18,417.0,34.0,0.07,4.13
2021/12/08 06:00:00,白洋湾金墅水源地5,120.3803,31.3792,7.9,10.19,417.0,34.0,0.07,4.17
2021/12/08 12:00:00,白洋湾金墅水源地5,120.3803,31.3792,7.9,10.19,417.0,34.0,0.07,4.21
2021/12/08 18:00:00,白洋湾金墅水源地5,120.3803,31.3792,7.9,10.2,417.0,34.0,0.07,4.24
2021/12/09 00:00:00,白洋湾金墅水源地5,120.3803,31.3792,7.9,10.2,417.0,34.0,0.07,4.28
2021/12/09 06:00:00,白洋湾金墅水源地5,120.3803,31.3792,7.9,10.21,417.0,34.0,0.07,4.32
2021/12/09 12:00:00,白洋湾金墅水源地5,120.3803,31.3792,7.9,10.21,417.0,34.0,0.07,4.36
2021/12/09 18:00:00,白洋湾金墅水源地5,120.3803,31.3792,7.9,10.22,417.0,35.0,0.07,4.4
2021/12/10 00:00:00,白洋湾金墅水源地5,120.3803,31.3792,7.9,10.22,417.0,35.0,0.07,4.44
2021/12/10 06:00:00,白洋湾金墅水源地5,120.3803,31.3792,7.9,10.23,417.0,35.0,0.07,4.48
2021/12/10 12:00:00,白洋湾金墅水源地5,120.3803,31.3792,7.9,10.23,417.0,35.0,0.07,4.52
2021/12/10 18:00:00,白洋湾金墅水源地5,120.3803,31.3792,7.9,10.24,417.0,35.0,0.07,4.56
2021/12/11 00:00:00,白洋湾金墅水源地5,120.3803,31.3792,7.9,10.24,417.0,36.0,0.07,4.6
2021/12/11 06:00:00,白洋湾金墅水源地5,120.3803,31.3792,7.9,10.25,417.0,36.0,0.07,4.64
2021/12/11 12:00:00,白洋湾金墅水源地5,120.3803,31.3792,7.9,10.25,417.0,36.0,0.07,4.67
2021/12/11 18:00:00,白洋湾金墅水源地5,120.3803,31.3792,7.9,10.26,417.0,37.0,0.06,4.71
2021/12/12 00:00:00,白洋湾金墅水源地5,120.3803,31.3792,7.9,10.26,417.0,37.0,0.06,4.74
2021/12/12 06:00:00,白洋湾金墅水源地5,120.3803,31.3792,7.9,10.27,417.0,37.0,0.06,4.78
2021/12/12 12:00:00,白洋湾金墅水源地5,120.3803,31.3792,7.9,10.28,417.0,38.0,0.06,4.81
2021/12/12 18:00:00,白洋湾金墅水源地5,120.3803,31.3792,7.9,10.28,417.0,38.0,0.06,4.84
2021/12/13 00:00:00,白洋湾金墅水源地5,120.3803,31.3792,7.9,10.29,417.0,39.0,0.06,4.87
2021/12/13 06:00:00,白洋湾金墅水源地5,120.3803,31.3792,7.9,10.3,417.0,39.0,0.06,4.9
2021/12/13 12:00:00,白洋湾金墅水源地5,120.3803,31.3792,7.9,10.31,417.0,40.0,0.06,4.93
2021/12/13 18:00:00,白洋湾金墅水源地5,120.3803,31.3792,7.9,10.32,417.0,40.0,0.06,4.95
2021/12/14 00:00:00,白洋湾金墅水源地5,120.3803,31.3792,7.9,10.33,417.0,41.0,0.06,4.97
2021/12/14 06:00:00,白洋湾金墅水源地5,120.3803,31.3792,7.9,10.34,417.0,41.0,0.06,4.99
2021/12/14 12:00:00,白洋湾金墅水源地5,120.3803,31.3792,7.9,10.35,417.0,42.0,0.06,5.01
2021/12/14 18:00:00,白洋湾金墅水源地5,120.3803,31.3792,7.9,10.36,417.0,43.0,0.06,5.03
2021/12/15 00:00:00,白洋湾金墅水源地5,120.3803,31.3792,7.9,10.38,416.0,43.0,0.06,5.04
2021/12/15 06:00:00,白洋湾金墅水源地5,120.3803,31.3792,7.9,10.39,416.0,44.0,0.06,5.05
2021/12/15 12:00:00,白洋湾金墅水源地5,120.3803,31.3792,7.9,10.41,416.0,45.0,0.06,5.06
2021/12/15 18:00:00,白洋湾金墅水源地5,120.3803,31.3792,7.9,10.43,416.0,46.0,0.06,5.07
2021/12/16 00:00:00,白洋湾金墅水源地5,120.3803,31.3792,7.9,10.44,416.0,47.0,0.06,5.07
2021/12/16 06:00:00,白洋湾金墅水源地5,120.3803,31.3792,7.9,10.46,416.0,48.0,0.06,5.07
2021/12/16 12:00:00,白洋湾金墅水源地5,120.3803,31.3792,7.9,10.48,416.0,48.0,0.06,5.07
2021/12/16 18:00:00,白洋湾金墅水源地5,120.3803,31.3792,7.9,10.51,416.0,49.0,0.06,5.06
2021/12/17 00:00:00,白洋湾金墅水源地5,120.3803,31.3792,7.9,10.53,415.0,50.0,0.06,5.05
2021/12/17 06:00:00,白洋湾金墅水源地5,120.3803,31.3792,7.9,10.55,415.0,51.0,0.06,5.04
2021/12/17 12:00:00,白洋湾金墅水源地5,120.3803,31.3792,7.9,10.58,415.0,53.0,0.06,5.02
2021/12/17 18:00:00,白洋湾金墅水源地5,120.3803,31.3792,7.9,10.6,415.0,54.0,0.06,5.0
2021/12/18 00:00:00,白洋湾金墅水源地5,120.3803,31.3792,7.9,10.63,415.0,55.0,0.06,4.98
2021/12/18 06:00:00,白洋湾金墅水源地5,120.3803,31.3792,7.9,10.66,415.0,56.0,0.06,4.96
2021/12/18 12:00:00,白洋湾金墅水源地5,120.3803,31.3792,7.9,10.69,414.0,57.0,0.06,4.93
2021/12/18 18:00:00,白洋湾金墅水源地5,120.3803,31.3792,7.9,10.72,414.0,58.0,0.06,4.9
2021/12/19 00:00:00,白洋湾金墅水源地5,120.3803,31.3792,7.9,10.75,414.0,59.0,0.06,4.87
2021/12/19 06:00:00,白洋湾金墅水源地5,120.3803,31.3792,7.9,10.78,414.0,60.0,0.06,4.83
2021/12/19 12:00:00,白洋湾金墅水源地5,120.3803,31.3792,7.9,10.81,414.0,62.0,0.06,4.8
2021/12/19 18:00:00,白洋湾金墅水源地5,120.3803,31.3792,7.9,10.84,414.0,63.0,0.06,4.76
2021/12/20 00:00:00,白洋湾金墅水源地5,120.3803,31.3792,7.9,10.88,413.0,64.0,0.06,4.72
2021/12/20 06:00:00,白洋湾金墅水源地5,120.3803,31.3792,7.9,10.91,413.0,65.0,0.06,4.68
2021/12/20 12:00:00,白洋湾金墅水源地5,120.3803,31.3792,7.9,10.94,413.0,66.0,0.06,4.64
2021/12/20 18:00:00,白洋湾金墅水源地5,120.3803,31.3792,7.9,10.97,413.0,68.0,0.06,4.6
2021/12/21 00:00:00,白洋湾金墅水源地5,120.3803,31.3792,7.9,11.01,413.0,69.0,0.06,4.55
2021/12/21 06:00:00,白洋湾金墅水源地5,120.3803,31.3792,7.9,11.04,413.0,70.0,0.06,4.5
2021/12/21 12:00:00,白洋湾金墅水源地5,120.3803,31.3792,7.9,11.07,413.0,71.0,0.06,4.46
2021/12/21 18:00:00,白洋湾金墅水源地5,120.3803,31.3792,8.0,11.11,413.0,72.0,0.06,4.41
2021/12/22 00:00:00,白洋湾金墅水源地5,120.3803,31.3792,8.0,11.14,412.0,73.0,0.06,4.36
2021/12/22 06:00:00,白洋湾金墅水源地5,120.3803,31.3792,8.0,11.17,412.0,74.0,0.06,4.31
2021/12/22 12:00:00,白洋湾金墅水源地5,120.3803,31.3792,8.0,11.2,412.0,75.0,0.06,4.26
2021/12/22 18:00:00,白洋湾金墅水源地5,120.3803,31.3792,8.0,11.24,412.0,76.0,0.06,4.21
2021/12/23 00:00:00,白洋湾金墅水源地5,120.3803,31.3792,8.0,11.27,412.0,77.0,0.06,4.16
2021/12/23 06:00:00,白洋湾金墅水源地5,120.3803,31.3792,8.0,11.3,412.0,78.0,0.06,4.11
2021/12/23 12:00:00,白洋湾金墅水源地5,120.3803,31.3792,8.0,11.33,412.0,79.0,0.06,4.05
2021/12/23 18:00:00,白洋湾金墅水源地5,120.3803,31.3792,8.0,11.36,412.0,80.0,0.06,4.0
2021/12/24 00:00:00,白洋湾金墅水源地5,120.3803,31.3792,8.0,11.39,412.0,81.0,0.06,3.95
2021/12/24 06:00:00,白洋湾金墅水源地5,120.3803,31.3792,8.0,11.42,412.0,82.0,0.06,3.9
2021/12/24 12:00:00,白洋湾金墅水源地5,120.3803,31.3792,8.0,11.44,412.0,83.0,0.06,3.85
2021/12/24 18:00:00,白洋湾金墅水源地5,120.3803,31.3792,8.0,11.47,412.0,83.0,0.06,3.8
2021/12/25 00:00:00,白洋湾金墅水源地5,120.3803,31.3792,8.0,11.5,412.0,84.0,0.06,3.75
2021/12/25 06:00:00,白洋湾金墅水源地5,120.3803,31.3792,8.0,11.52,412.0,85.0,0.06,3.7
2021/12/25 12:00:00,白洋湾金墅水源地5,120.3803,31.3792,8.0,11.54,412.0,85.0,0.06,3.65
2021/12/25 18:00:00,白洋湾金墅水源地5,120.3803,31.3792,8.0,11.56,412.0,86.0,0.06,3.6
2021/12/26 00:00:00,白洋湾金墅水源地5,120.3803,31.3792,8.0,11.58,412.0,86.0,0.06,3.56
2021/12/26 06:00:00,白洋湾金墅水源地5,120.3803,31.3792,8.0,11.6,412.0,87.0,0.06,3.51
2021/12/26 12:00:00,白洋湾金墅水源地5,120.3803,31.3792,8.0,11.62,412.0,87.0,0.06,3.47
2021/12/26 18:00:00,白洋湾金墅水源地5,120.3803,31.3792,8.0,11.64,412.0,87.0,0.06,3.43
2021/12/27 00:00:00,白洋湾金墅水源地5,120.3803,31.3792,8.0,11.65,412.0,87.0,0.06,3.38
2021/12/27 06:00:00,白洋湾金墅水源地5,120.3803,31.3792,8.0,11.66,413.0,87.0,0.06,3.35
2021/12/27 12:00:00,白洋湾金墅水源地5,120.3803,31.3792,8.0,11.68,413.0,87.0,0.06,3.31
2021/12/27 18:00:00,白洋湾金墅水源地5,120.3803,31.3792,8.0,11.69,413.0,87.0,0.06,3.27
2021/12/28 00:00:00,白洋湾金墅水源地5,120.3803,31.3792,8.0,11.69,413.0,87.0,0.06,3.24
2021/12/28 06:00:00,白洋湾金墅水源地5,120.3803,31.3792,8.0,11.7,413.0,87.0,0.06,3.2
2021/12/28 12:00:00,白洋湾金墅水源地5,120.3803,31.3792,8.0,11.71,414.0,87.0,0.06,3.17
2021/12/28 18:00:00,白洋湾金墅水源地5,120.3803,31.3792,8.0,11.71,414.0,87.0,0.06,3.14
2021/12/29 00:00:00,白洋湾金墅水源地5,120.3803,31.3792,8.0,11.71,414.0,86.0,0.06,3.11
2021/12/29 06:00:00,白洋湾金墅水源地5,120.3803,31.3792,8.0,11.71,415.0,86.0,0.06,3.09
2021/12/29 12:00:00,白洋湾金墅水源地5,120.3803,31.3792,8.0,11.72,415.0,86.0,0.06,3.06
2021/12/29 18:00:00,白洋湾金墅水源地5,120.3803,31.3792,8.0,11.71,415.0,85.0,0.06,3.04
2021/12/30 00:00:00,白洋湾金墅水源地5,120.3803,31.3792,8.0,11.71,416.0,85.0,0.06,3.01
2021/12/30 06:00:00,白洋湾金墅水源地5,120.3803,31.3792,8.0,11.71,416.0,84.0,0.06,2.99
2021/12/30 12:00:00,白洋湾金墅水源地5,120.3803,31.3792,8.0,11.71,416.0,84.0,0.06,2.97
2021/12/30 18:00:00,白洋湾金墅水源地5,120.3803,31.3792,8.0,11.7,417.0,83.0,0.06,2.95
2021/12/31 00:00:00,白洋湾金墅水源地5,120.3803,31.3792,8.0,11.7,417.0,82.0,0.06,2.93
2021/12/31 06:00:00,白洋湾金墅水源地5,120.3803,31.3792,8.0,11.69,417.0,82.0,0.06,2.92
2021/12/31 12:00:00,白洋湾金墅水源地5,120.3803,31.3792,8.0,11.69,418.0,81.0,0.06,2.9
2021/12/31 18:00:00,白洋湾金墅水源地5,120.3803,31.3792,8.0,11.68,418.0,80.0,0.06,2.89
2022/01/01 00:00:00,白洋湾金墅水源地5,120.3803,31.3792,8.0,11.67,418.0,80.0,0.07,2.87
2022/01/01 06:00:00,白洋湾金墅水源地5,120.3803,31.3792,8.0,11.66,419.0,79.0,0.07,2.86
2022/01/01 12:00:00,白洋湾金墅水源地5,120.3803,31.3792,8.0,11.65,419.0,78.0,0.07,2.85
2022/01/01 18:00:00,白洋湾金墅水源地5,120.3803,31.3792,8.0,11.64,420.0,78.0,0.07,2.84
2022/01/02 00:00:00,白洋湾金墅水源地5,120.3803,31.3792,8.0,11.63,420.0,77.0,0.07,2.83
2022/01/02 06:00:00,白洋湾金墅水源地5,120.3803,31.3792,8.0,11.63,420.0,76.0,0.07,2.82
2022/01/02 12:00:00,白洋湾金墅水源地5,120.3803,31.3792,8.0,11.62,421.0,76.0,0.07,2.82
2022/01/02 18:00:00,白洋湾金墅水源地5,120.3803,31.3792,8.0,11.61,421.0,75.0,0.07,2.81
2022/01/03 00:00:00,白洋湾金墅水源地5,120.3803,31.3792,8.0,11.6,422.0,74.0,0.07,2.8
2022/01/03 06:00:00,白洋湾金墅水源地5,120.3803,31.3792,8.0,11.59,422.0,74.0,0.07,2.8
2022/01/03 12:00:00,白洋湾金墅水源地5,120.3803,31.3792,8.0,11.57,423.0,73.0,0.07,2.8
2022/01/03 18:00:00,白洋湾金墅水源地5,120.3803,31.3792,8.0,11.56,423.0,72.0,0.07,2.79
2022/01/04 00:00:00,白洋湾金墅水源地5,120.3803,31.3792,8.0,11.55,423.0,72.0,0.07,2.79
2022/01/04 06:00:00,白洋湾金墅水源地5,120.3803,31.3792,8.0,11.55,424.0,71.0,0.07,2.79
2022/01/04 12:00:00,白洋湾金墅水源地5,120.3803,31.3792,8.0,11.54,424.0,71.0,0.07,2.79
2022/01/04 18:00:00,白洋湾金墅水源地5,120.3803,31.3792,8.0,11.53,425.0,70.0,0.07,2.79
2022/01/05 00:00:00,白洋湾金墅水源地5,120.3803,31.3792,8.0,11.52,425.0,70.0,0.07,2.79
2022/01/05 06:00:00,白洋湾金墅水源地5,120.3803,31.3792,8.0,11.51,425.0,70.0,0.07,2.79
2022/01/05 12:00:00,白洋湾金墅水源地5,120.3803,31.3792,8.0,11.5,426.0,69.0,0.07,2.79
2022/01/05 18:00:00,白洋湾金墅水源地5,120.3803,31.3792,8.0,11.49,426.0,69.0,0.07,2.79
2022/01/06 00:00:00,白洋湾金墅水源地5,120.3803,31.3792,8.0,11.49,426.0,69.0,0.07,2.8
2022/01/06 06:00:00,白洋湾金墅水源地5,120.3803,31.3792,8.0,11.48,427.0,68.0,0.07,2.8
2022/01/06 12:00:00,白洋湾金墅水源地5,120.3803,31.3792,8.0,11.48,427.0,68.0,0.07,2.8
2022/01/06 18:00:00,白洋湾金墅水源地5,120.3803,31.3792,8.0,11.47,428.0,68.0,0.07,2.81
2022/01/07 00:00:00,白洋湾金墅水源地5,120.3803,31.3792,8.0,11.47,428.0,68.0,0.07,2.81
2022/01/07 06:00:00,白洋湾金墅水源地5,120.3803,31.3792,8.0,11.46,428.0,68.0,0.07,2.82
2022/01/07 12:00:00,白洋湾金墅水源地5,120.3803,31.3792,8.0,11.46,428.0,68.0,0.07,2.82
2022/01/07 18:00:00,白洋湾金墅水源地5,120.3803,31.3792,8.0,11.46,429.0,69.0,0.07,2.83
2022/01/08 00:00:00,白洋湾金墅水源地5,120.3803,31.3792,8.0,11.46,429.0,69.0,0.07,2.84
2022/01/08 06:00:00,白洋湾金墅水源地5,120.3803,31.3792,8.0,11.46,429.0,69.0,0.07,2.84
2022/01/08 12:00:00,白洋湾金墅水源地5,120.3803,31.3792,8.0,11.46,430.0,69.0,0.07,2.85
2022/01/08 18:00:00,白洋湾金墅水源地5,120.3803,31.3792,8.0,11.46,430.0,70.0,0.07,2.86
2022/01/09 00:00:00,白洋湾金墅水源地5,120.3803,31.3792,8.0,11.46,430.0,70.0,0.07,2.86
2022/01/09 06:00:00,白洋湾金墅水源地5,120.3803,31.3792,8.0,11.46,430.0,71.0,0.07,2.87
2022/01/09 12:00:00,白洋湾金墅水源地5,120.3803,31.3792,8.0,11.46,431.0,71.0,0.07,2.88
2022/01/09 18:00:00,白洋湾金墅水源地5,120.3803,31.3792,8.0,11.46,431.0,71.0,0.07,2.89
2022/01/10 00:00:00,白洋湾金墅水源地5,120.3803,31.3792,8.0,11.46,431.0,72.0,0.07,2.9
2022/01/10 06:00:00,白洋湾金墅水源地5,120.3803,31.3792,8.0,11.46,431.0,73.0,0.07,2.9
2022/01/10 12:00:00,白洋湾金墅水源地5,120.3803,31.3792,8.0,11.47,432.0,73.0,0.07,2.91
2022/01/10 18:00:00,白洋湾金墅水源地5,120.3803,31.3792,8.0,11.47,432.0,74.0,0.07,2.92
2022/01/11 00:00:00,白洋湾金墅水源地5,120.3803,31.3792,8.0,11.47,432.0,74.0,0.07,2.93
2022/01/11 06:00:00,白洋湾金墅水源地5,120.3803,31.3792,8.0,11.48,432.0,75.0,0.07,2.94
2022/01/11 12:00:00,白洋湾金墅水源地5,120.3803,31.3792,8.0,11.48,432.0,76.0,0.08,2.95
2022/01/11 18:00:00,白洋湾金墅水源地5,120.3803,31.3792,8.0,11.48,432.0,76.0,0.08,2.96
2022/01/12 00:00:00,白洋湾金墅水源地5,120.3803,31.3792,8.0,11.48,433.0,77.0,0.08,2.97
2022/01/12 06:00:00,白洋湾金墅水源地5,120.3803,31.3792,8.0,11.49,433.0,78.0,0.08,2.97
2022/01/12 12:00:00,白洋湾金墅水源地5,120.3803,31.3792,8.0,11.49,433.0,78.0,0.08,2.98
2022/01/12 18:00:00,白洋湾金墅水源地5,120.3803,31.3792,8.0,11.49,433.0,79.0,0.08,2.99
2022/01/13 00:00:00,白洋湾金墅水源地5,120.3803,31.3792,8.0,11.5,433.0,80.0,0.08,3.0
2022/01/13 06:00:00,白洋湾金墅水源地5,120.3803,31.3792,8.0,11.5,433.0,80.0,0.08,3.01
2022/01/13 12:00:00,白洋湾金墅水源地5,120.3803,31.3792,8.0,11.5,433.0,81.0,0.08,3.02
2022/01/13 18:00:00,白洋湾金墅水源地5,120.3803,31.3792,8.0,11.5,434.0,82.0,0.08,3.03
2022/01/14 00:00:00,白洋湾金墅水源地5,120.3803,31.3792,8.0,11.51,434.0,83.0,0.08,3.04
2022/01/14 06:00:00,白洋湾金墅水源地5,120.3803,31.3792,8.0,11.51,434.0,83.0,0.08,3.04
2022/01/14 12:00:00,白洋湾金墅水源地5,120.3803,31.3792,8.0,11.51,434.0,84.0,0.08,3.05
2022/01/14 18:00:00,白洋湾金墅水源地5,120.3803,31.3792,8.0,11.51,434.0,85.0,0.08,3.06
2022/01/15 00:00:00,白洋湾金墅水源地5,120.3803,31.3792,8.0,11.51,434.0,85.0,0.08,3.07
2022/01/15 06:00:00,白洋湾金墅水源地5,120.3803,31.3792,8.0,11.51,434.0,86.0,0.08,3.08
2022/01/15 12:00:00,白洋湾金墅水源地5,120.3803,31.3792,8.0,11.51,434.0,86.0,0.08,3.08
2022/01/15 18:00:00,白洋湾金墅水源地5,120.3803,31.3792,8.0,11.51,434.0,87.0,0.08,3.09
2022/01/16 00:00:00,白洋湾金墅水源地5,120.3803,31.3792,8.0,11.51,434.0,87.0,0.08,3.1
2022/01/16 06:00:00,白洋湾金墅水源地5,120.3803,31.3792,8.0,11.51,434.0,88.0,0.08,3.1
2022/01/16 12:00:00,白洋湾金墅水源地5,120.3803,31.3792,8.0,11.5,434.0,88.0,0.08,3.11
2022/01/16 18:00:00,白洋湾金墅水源地5,120.3803,31.3792,8.0,11.5,434.0,89.0,0.08,3.11
2022/01/17 00:00:00,白洋湾金墅水源地5,120.3803,31.3792,8.0,11.5,434.0,89.0,0.08,3.12
2022/01/17 06:00:00,白洋湾金墅水源地5,120.3803,31.3792,8.0,11.49,435.0,90.0,0.08,3.12
2022/01/17 12:00:00,白洋湾金墅水源地5,120.3803,31.3792,8.0,11.49,435.0,90.0,0.08,3.13
2022/01/17 18:00:00,白洋湾金墅水源地5,120.3803,31.3792,8.0,11.48,435.0,90.0,0.08,3.13
2022/01/18 00:00:00,白洋湾金墅水源地5,120.3803,31.3792,8.0,11.47,435.0,90.0,0.09,3.14
2022/01/18 06:00:00,白洋湾金墅水源地5,120.3803,31.3792,8.0,11.47,435.0,91.0,0.09,3.14
2022/01/18 12:00:00,白洋湾金墅水源地5,120.3803,31.3792,8.0,11.46,435.0,91.0,0.09,3.14
2022/01/18 18:00:00,白洋湾金墅水源地5,120.3803,31.3792,8.0,11.45,435.0,91.0,0.09,3.15
2022/01/19 00:00:00,白洋湾金墅水源地5,120.3803,31.3792,8.0,11.44,435.0,91.0,0.09,3.15
2022/01/19 06:00:00,白洋湾金墅水源地5,120.3803,31.3792,8.0,11.43,435.0,91.0,0.09,3.15
2022/01/19 12:00:00,白洋湾金墅水源地5,120.3803,31.3792,8.0,11.42,435.0,91.0,0.09,3.15
2022/01/19 18:00:00,白洋湾金墅水源地5,120.3803,31.3792,8.0,11.41,435.0,91.0,0.09,3.15
2022/01/20 00:00:00,白洋湾金墅水源地5,120.3803,31.3792,8.0,11.4,435.0,91.0,0.09,3.15
2022/01/20 06:00:00,白洋湾金墅水源地5,120.3803,31.3792,8.0,11.39,435.0,91.0,0.09,3.15
2022/01/20 12:00:00,白洋湾金墅水源地5,120.3803,31.3792,8.0,11.38,435.0,91.0,0.09,3.15
2022/01/20 18:00:00,白洋湾金墅水源地5,120.3803,31.3792,8.0,11.37,435.0,90.0,0.09,3.15
2022/01/21 00:00:00,白洋湾金墅水源地5,120.3803,31.3792,8.0,11.36,435.0,90.0,0.09,3.15
2022/01/21 06:00:00,白洋湾金墅水源地5,120.3803,31.3792,8.0,11.35,435.0,90.0,0.09,3.15
2022/01/21 12:00:00,白洋湾金墅水源地5,120.3803,31.3792,8.0,11.34,435.0,90.0,0.09,3.15
2022/01/21 18:00:00,白洋湾金墅水源地5,120.3803,31.3792,8.0,11.33,435.0,89.0,0.09,3.15
2022/01/22 00:00:00,白洋湾金墅水源地5,120.3803,31.3792,8.0,11.32,435.0,89.0,0.09,3.15
2022/01/22 06:00:00,白洋湾金墅水源地5,120.3803,31.3792,8.0,11.31,435.0,89.0,0.09,3.15
2022/01/22 12:00:00,白洋湾金墅水源地5,120.3803,31.3792,8.0,11.3,435.0,88.0,0.09,3.15
2022/01/22 18:00:00,白洋湾金墅水源地5,120.3803,31.3792,8.0,11.29,435.0,88.0,0.1,3.14
2022/01/23 00:00:00,白洋湾金墅水源地5,120.3803,31.3792,8.0,11.28,435.0,87.0,0.1,3.14
2022/01/23 06:00:00,白洋湾金墅水源地5,120.3803,31.3792,8.0,11.27,435.0,87.0,0.1,3.14
2022/01/23 12:00:00,白洋湾金墅水源地5,120.3803,31.3792,8.0,11.26,435.0,86.0,0.1,3.14
2022/01/23 18:00:00,白洋湾金墅水源地5,120.3803,31.3792,8.0,11.25,435.0,86.0,0.1,3.13
2022/01/24 00:00:00,白洋湾金墅水源地5,120.3803,31.3792,8.0,11.24,435.0,85.0,0.1,3.13
2022/01/24 06:00:00,白洋湾金墅水源地5,120.3803,31.3792,8.0,11.23,436.0,84.0,0.1,3.13
2022/01/24 12:00:00,白洋湾金墅水源地5,120.3803,31.3792,8.0,11.23,436.0,84.0,0.1,3.12
2022/01/24 18:00:00,白洋湾金墅水源地5,120.3803,31.3792,8.0,11.22,436.0,83.0,0.1,3.12
2022/01/25 00:00:00,白洋湾金墅水源地5,120.3803,31.3792,8.0,11.21,436.0,82.0,0.1,3.12
2022/01/25 06:00:00,白洋湾金墅水源地5,120.3803,31.3792,8.0,11.21,436.0,82.0,0.1,3.11
2022/01/25 12:00:00,白洋湾金墅水源地5,120.3803,31.3792,8.0,11.2,436.0,81.0,0.1,3.11
2022/01/25 18:00:00,白洋湾金墅水源地5,120.3803,31.3792,8.0,11.2,436.0,80.0,0.1,3.1
2022/01/26 00:00:00,白洋湾金墅水源地5,120.3803,31.3792,8.0,11.19,437.0,79.0,0.1,3.1
2022/01/26 06:00:00,白洋湾金墅水源地5,120.3803,31.3792,8.0,11.19,437.0,78.0,0.1,3.09
2022/01/26 12:00:00,白洋湾金墅水源地5,120.3803,31.3792,8.0,11.19,437.0,78.0,0.1,3.09
2022/01/26 18:00:00,白洋湾金墅水源地5,120.3803,31.3792,8.0,11.18,437.0,77.0,0.1,3.08
2022/01/27 00:00:00,白洋湾金墅水源地5,120.3803,31.3792,8.0,11.18,438.0,76.0,0.1,3.08
2022/01/27 06:00:00,白洋湾金墅水源地5,120.3803,31.3792,8.0,11.18,438.0,75.0,0.1,3.07
2022/01/27 12:00:00,白洋湾金墅水源地5,120.3803,31.3792,8.0,11.18,438.0,74.0,0.1,3.07
2022/01/27 18:00:00,白洋湾金墅水源地5,120.3803,31.3792,8.0,11.19,438.0,73.0,0.1,3.06
2022/01/28 00:00:00,白洋湾金墅水源地5,120.3803,31.3792,8.0,11.19,439.0,72.0,0.1,3.06
2022/01/28 06:00:00,白洋湾金墅水源地5,120.3803,31.3792,8.0,11.19,439.0,71.0,0.1,3.05
2022/01/28 12:00:00,白洋湾金墅水源地5,120.3803,31.3792,8.0,11.2,439.0,70.0,0.1,3.05
2022/01/28 18:00:00,白洋湾金墅水源地5,120.3803,31.3792,8.0,11.2,440.0,69.0,0.1,3.04
2022/01/29 00:00:00,白洋湾金墅水源地5,120.3803,31.3792,8.0,11.21,440.0,68.0,0.1,3.04
2022/01/29 06:00:00,白洋湾金墅水源地5,120.3803,31.3792,8.0,11.22,441.0,66.0,0.1,3.03
2022/01/29 12:00:00,白洋湾金墅水源地5,120.3803,31.3792,8.0,11.23,441.0,65.0,0.1,3.03
2022/01/29 18:00:00,白洋湾金墅水源地5,120.3803,31.3792,8.0,11.24,441.0,64.0,0.1,3.02
2022/01/30 00:00:00,白洋湾金墅水源地5,120.3803,31.3792,8.0,11.25,442.0,63.0,0.1,3.02
2022/01/30 06:00:00,白洋湾金墅水源地5,120.3803,31.3792,8.0,11.26,442.0,62.0,0.1,3.01
2022/01/30 12:00:00,白洋湾金墅水源地5,120.3803,31.3792,8.0,11.27,443.0,61.0,0.1,3.01
2022/01/30 18:00:00,白洋湾金墅水源地5,120.3803,31.3792,8.0,11.28,443.0,60.0,0.1,3.0
2022/01/31 00:00:00,白洋湾金墅水源地5,120.3803,31.3792,8.0,11.29,443.0,58.0,0.1,2.99
2022/01/31 06:00:00,白洋湾金墅水源地5,120.3803,31.3792,8.0,11.3,444.0,57.0,0.1,2.99
2022/01/31 12:00:00,白洋湾金墅水源地5,120.3803,31.3792,8.0,11.32,444.0,56.0,0.1,2.98
2022/01/31 18:00:00,白洋湾金墅水源地5,120.3803,31.3792,8.0,11.33,445.0,55.0,0.1,2.98
2022/02/01 00:00:00,白洋湾金墅水源地5,120.3803,31.3792,8.0,11.35,445.0,54.0,0.09,2.97
2022/02/01 06:00:00,白洋湾金墅水源地5,120.3803,31.3792,8.0,11.36,445.0,53.0,0.09,2.97
2022/02/01 12:00:00,白洋湾金墅水源地5,120.3803,31.3792,8.0,11.38,446.0,51.0,0.09,2.96
2022/02/01 18:00:00,白洋湾金墅水源地5,120.3803,31.3792,8.0,11.39,446.0,50.0,0.09,2.95
2022/02/02 00:00:00,白洋湾金墅水源地5,120.3803,31.3792,8.0,11.41,446.0,49.0,0.09,2.95
2022/02/02 06:00:00,白洋湾金墅水源地5,120.3803,31.3792,8.0,11.42,447.0,48.0,0.09,2.94
2022/02/02 12:00:00,白洋湾金墅水源地5,120.3803,31.3792,8.0,11.44,447.0,47.0,0.09,2.94
2022/02/02 18:00:00,白洋湾金墅水源地5,120.3803,31.3792,8.0,11.46,447.0,46.0,0.09,2.93
2022/02/03 00:00:00,白洋湾金墅水源地5,120.3803,31.3792,8.0,11.48,448.0,45.0,0.09,2.92
2022/02/03 06:00:00,白洋湾金墅水源地5,120.3803,31.3792,8.0,11.49,448.0,44.0,0.09,2.92
2022/02/03 12:00:00,白洋湾金墅水源地5,120.3803,31.3792,8.0,11.51,448.0,43.0,0.09,2.91
2022/02/03 18:00:00,白洋湾金墅水源地5,120.3803,31.3792,8.0,11.53,448.0,42.0,0.09,2.91
2022/02/04 00:00:00,白洋湾金墅水源地5,120.3803,31.3792,8.0,11.55,449.0,41.0,0.09,2.9
2022/02/04 06:00:00,白洋湾金墅水源地5,120.3803,31.3792,8.0,11.56,449.0,40.0,0.09,2.89
2022/02/04 12:00:00,白洋湾金墅水源地5,120.3803,31.3792,8.0,11.58,449.0,39.0,0.08,2.89
2022/02/04 18:00:00,白洋湾金墅水源地5,120.3803,31.3792,8.0,11.6,449.0,38.0,0.08,2.88
2022/02/05 00:00:00,白洋湾金墅水源地5,120.3803,31.3792,8.0,11.62,449.0,37.0,0.08,2.88
2022/02/05 06:00:00,白洋湾金墅水源地5,120.3803,31.3792,8.0,11.64,449.0,36.0,0.08,2.87
2022/02/05 12:00:00,白洋湾金墅水源地5,120.3803,31.3792,8.0,11.65,449.0,35.0,0.08,2.86
2022/02/05 18:00:00,白洋湾金墅水源地5,120.3803,31.3792,8.0,11.67,449.0,34.0,0.08,2.86
2022/02/06 00:00:00,白洋湾金墅水源地5,120.3803,31.3792,8.0,11.69,449.0,33.0,0.08,2.85
2022/02/06 06:00:00,白洋湾金墅水源地5,120.3803,31.3792,8.0,11.71,449.0,33.0,0.08,2.85
2022/02/06 12:00:00,白洋湾金墅水源地5,120.3803,31.3792,8.0,11.72,449.0,32.0,0.08,2.84
2022/02/06 18:00:00,白洋湾金墅水源地5,120.3803,31.3792,8.0,11.74,449.0,31.0,0.08,2.83
2022/02/07 00:00:00,白洋湾金墅水源地5,120.3803,31.3792,8.0,11.76,448.0,31.0,0.08,2.83
2022/02/07 06:00:00,白洋湾金墅水源地5,120.3803,31.3792,8.0,11.77,448.0,30.0,0.07,2.82
2022/02/07 12:00:00,白洋湾金墅水源地5,120.3803,31.3792,8.0,11.79,448.0,30.0,0.07,2.82
2022/02/07 18:00:00,白洋湾金墅水源地5,120.3803,31.3792,8.0,11.81,448.0,29.0,0.07,2.81
2022/02/08 00:00:00,白洋湾金墅水源地5,120.3803,31.3792,8.0,11.82,447.0,29.0,0.07,2.81
2022/02/08 06:00:00,白洋湾金墅水源地5,120.3803,31.3792,8.0,11.84,447.0,28.0,0.07,2.8
2022/02/08 12:00:00,白洋湾金墅水源地5,120.3803,31.3792,8.0,11.85,446.0,28.0,0.07,2.79
2022/02/08 18:00:00,白洋湾金墅水源地5,120.3803,31.3792,8.0,11.87,446.0,28.0,0.07,2.79
2022/02/09 00:00:00,白洋湾金墅水源地5,120.3803,31.3792,8.0,11.88,445.0,27.0,0.07,2.78
2022/02/09 06:00:00,白洋湾金墅水源地5,120.3803,31.3792,8.0,11.9,445.0,27.0,0.06,2.78
2022/02/09 12:00:00,白洋湾金墅水源地5,120.3803,31.3792,8.0,11.91,444.0,27.0,0.06,2.77
2022/02/09 18:00:00,白洋湾金墅水源地5,120.3803,31.3792,8.0,11.93,444.0,27.0,0.06,2.77
2022/02/10 00:00:00,白洋湾金墅水源地5,120.3803,31.3792,8.0,11.94,443.0,27.0,0.06,2.76
2022/02/10 06:00:00,白洋湾金墅水源地5,120.3803,31.3792,8.0,11.95,443.0,26.0,0.06,2.75
2022/02/10 12:00:00,白洋湾金墅水源地5,120.3803,31.3792,8.0,11.96,442.0,26.0,0.06,2.75
2022/02/10 18:00:00,白洋湾金墅水源地5,120.3803,31.3792,8.0,11.98,441.0,26.0,0.06,2.74
2022/02/11 00:00:00,白洋湾金墅水源地5,120.3803,31.3792,8.0,11.99,441.0,26.0,0.06,2.74
2022/02/11 06:00:00,白洋湾金墅水源地5,120.3803,31.3792,8.0,12.0,440.0,26.0,0.06,2.73
2022/02/11 12:00:00,白洋湾金墅水源地5,120.3803,31.3792,8.0,12.01,439.0,26.0,0.05,2.73
2022/02/11 18:00:00,白洋湾金墅水源地5,120.3803,31.3792,8.0,12.02,438.0,26.0,0.05,2.72
2022/02/12 00:00:00,白洋湾金墅水源地5,120.3803,31.3792,8.0,12.04,438.0,26.0,0.05,2.72
2022/02/12 06:00:00,白洋湾金墅水源地5,120.3803,31.3792,8.0,12.05,437.0,26.0,0.05,2.71
2022/02/12 12:00:00,白洋湾金墅水源地5,120.3803,31.3792,8.0,12.06,436.0,26.0,0.05,2.71
2022/02/12 18:00:00,白洋湾金墅水源地5,120.3803,31.3792,8.0,12.07,435.0,26.0,0.05,2.7
2022/02/13 00:00:00,白洋湾金墅水源地5,120.3803,31.3792,8.0,12.08,435.0,26.0,0.05,2.69
2022/02/13 06:00:00,白洋湾金墅水源地5,120.3803,31.3792,8.0,12.08,434.0,26.0,0.05,2.69
2022/02/13 12:00:00,白洋湾金墅水源地5,120.3803,31.3792,8.0,12.09,433.0,26.0,0.05,2.68
2022/02/13 18:00:00,白洋湾金墅水源地5,120.3803,31.3792,8.0,12.1,432.0,26.0,0.05,2.68
2022/02/14 00:00:00,白洋湾金墅水源地5,120.3803,31.3792,8.0,12.11,432.0,27.0,0.04,2.67
2022/02/14 06:00:00,白洋湾金墅水源地5,120.3803,31.3792,8.0,12.12,431.0,27.0,0.04,2.67
2022/02/14 12:00:00,白洋湾金墅水源地5,120.3803,31.3792,8.0,12.13,430.0,27.0,0.04,2.66
2022/02/14 18:00:00,白洋湾金墅水源地5,120.3803,31.3792,8.0,12.13,429.0,27.0,0.04,2.66
2022/02/15 00:00:00,白洋湾金墅水源地5,120.3803,31.3792,8.0,12.14,428.0,27.0,0.04,2.65
2022/02/15 06:00:00,白洋湾金墅水源地5,120.3803,31.3792,8.0,12.15,428.0,27.0,0.04,2.65
2022/02/15 12:00:00,白洋湾金墅水源地5,120.3803,31.3792,8.0,12.15,427.0,27.0,0.04,2.64
2022/02/15 18:00:00,白洋湾金墅水源地5,120.3803,31.3792,8.0,12.16,426.0,27.0,0.04,2.64
2022/02/16 00:00:00,白洋湾金墅水源地5,120.3803,31.3792,8.0,12.16,426.0,27.0,0.04,2.63
2022/02/16 06:00:00,白洋湾金墅水源地5,120.3803,31.3792,8.0,12.17,425.0,27.0,0.04,2.63
2022/02/16 12:00:00,白洋湾金墅水源地5,120.3803,31.3792,8.0,12.17,424.0,27.0,0.04,2.62
2022/02/16 18:00:00,白洋湾金墅水源地5,120.3803,31.3792,8.0,12.18,424.0,28.0,0.04,2.61
2022/02/17 00:00:00,白洋湾金墅水源地5,120.3803,31.3792,8.0,12.18,423.0,28.0,0.04,2.61
2022/02/17 06:00:00,白洋湾金墅水源地5,120.3803,31.3792,8.0,12.18,422.0,28.0,0.04,2.6
2022/02/17 12:00:00,白洋湾金墅水源地5,120.3803,31.3792,8.0,12.19,422.0,28.0,0.03,2.6
2022/02/17 18:00:00,白洋湾金墅水源地5,120.3803,31.3792,8.0,12.19,421.0,28.0,0.03,2.59
2022/02/18 00:00:00,白洋湾金墅水源地5,120.3803,31.3792,8.0,12.19,421.0,28.0,0.03,2.59
2022/02/18 06:00:00,白洋湾金墅水源地5,120.3803,31.3792,8.0,12.19,420.0,28.0,0.03,2.58
2022/02/18 12:00:00,白洋湾金墅水源地5,120.3803,31.3792,8.0,12.19,420.0,28.0,0.03,2.58
2022/02/18 18:00:00,白洋湾金墅水源地5,120.3803,31.3792,8.0,12.2,419.0,28.0,0.03,2.57
2022/02/19 00:00:00,白洋湾金墅水源地5,120.3803,31.3792,8.0,12.2,419.0,28.0,0.03,2.57
2022/02/19 06:00:00,白洋湾金墅水源地5,120.3803,31.3792,8.0,12.2,419.0,27.0,0.03,2.56
2022/02/19 12:00:00,白洋湾金墅水源地5,120.3803,31.3792,8.0,12.2,418.0,27.0,0.03,2.56
2022/02/19 18:00:00,白洋湾金墅水源地5,120.3803,31.3792,8.0,12.19,418.0,27.0,0.03,2.55
2022/02/20 00:00:00,白洋湾金墅水源地5,120.3803,31.3792,8.0,12.19,417.0,27.0,0.03,2.55
2022/02/20 06:00:00,白洋湾金墅水源地5,120.3803,31.3792,8.0,12.19,417.0,27.0,0.03,2.54
2022/02/20 12:00:00,白洋湾金墅水源地5,120.3803,31.3792,8.0,12.19,417.0,27.0,0.03,2.53
2022/02/20 18:00:00,白洋湾金墅水源地5,120.3803,31.3792,8.0,12.18,417.0,27.0,0.03,2.53
2022/02/21 00:00:00,白洋湾金墅水源地5,120.3803,31.3792,8.0,12.18,416.0,27.0,0.03,2.52
2022/02/21 06:00:00,白洋湾金墅水源地5,120.3803,31.3792,8.0,12.17,416.0,27.0,0.03,2.52
2022/02/21 12:00:00,白洋湾金墅水源地5,120.3803,31.3792,8.0,12.17,416.0,26.0,0.04,2.51
2022/02/21 18:00:00,白洋湾金墅水源地5,120.3803,31.3792,8.0,12.16,416.0,26.0,0.04,2.51
2022/02/22 00:00:00,白洋湾金墅水源地5,120.3803,31.3792,8.0,12.15,415.0,26.0,0.04,2.5
2022/02/22 06:00:00,白洋湾金墅水源地5,120.3803,31.3792,8.0,12.14,415.0,26.0,0.04,2.5
2022/02/22 12:00:00,白洋湾金墅水源地5,120.3803,31.3792,8.0,12.13,415.0,26.0,0.04,2.5
2022/02/22 18:00:00,白洋湾金墅水源地5,120.3803,31.3792,8.0,12.12,415.0,26.0,0.04,2.49
2022/02/23 00:00:00,白洋湾金墅水源地5,120.3803,31.3792,8.0,12.11,415.0,25.0,0.04,2.49
2022/02/23 06:00:00,白洋湾金墅水源地5,120.3803,31.3792,7.9,12.1,415.0,25.0,0.04,2.48
2022/02/23 12:00:00,白洋湾金墅水源地5,120.3803,31.3792,7.9,12.09,415.0,25.0,0.04,2.48
2022/02/23 18:00:00,白洋湾金墅水源地5,120.3803,31.3792,7.9,12.07,414.0,25.0,0.04,2.47
2022/02/24 00:00:00,白洋湾金墅水源地5,120.3803,31.3792,7.9,12.06,414.0,25.0,0.04,2.47
2022/02/24 06:00:00,白洋湾金墅水源地5,120.3803,31.3792,7.9,12.04,414.0,24.0,0.04,2.46
2022/02/24 12:00:00,白洋湾金墅水源地5,120.3803,31.3792,7.9,12.02,414.0,24.0,0.04,2.46
2022/02/24 18:00:00,白洋湾金墅水源地5,120.3803,31.3792,7.9,12.0,414.0,24.0,0.04,2.46
2022/02/25 00:00:00,白洋湾金墅水源地5,120.3803,31.3792,7.9,11.98,414.0,24.0,0.04,2.45
2022/02/25 06:00:00,白洋湾金墅水源地5,120.3803,31.3792,7.9,11.96,414.0,24.0,0.04,2.45
2022/02/25 12:00:00,白洋湾金墅水源地5,120.3803,31.3792,7.9,11.94,414.0,23.0,0.04,2.45
2022/02/25 18:00:00,白洋湾金墅水源地5,120.3803,31.3792,7.9,11.92,414.0,23.0,0.05,2.44
2022/02/26 00:00:00,白洋湾金墅水源地5,120.3803,31.3792,7.9,11.89,414.0,23.0,0.05,2.44
2022/02/26 06:00:00,白洋湾金墅水源地5,120.3803,31.3792,7.9,11.87,414.0,23.0,0.05,2.44
2022/02/26 12:00:00,白洋湾金墅水源地5,120.3803,31.3792,7.9,11.84,414.0,22.0,0.05,2.43
2022/02/26 18:00:00,白洋湾金墅水源地5,120.3803,31.3792,7.9,11.81,414.0,22.0,0.05,2.43
2022/02/27 00:00:00,白洋湾金墅水源地5,120.3803,31.3792,7.9,11.78,414.0,22.0,0.05,2.43
2022/02/27 06:00:00,白洋湾金墅水源地5,120.3803,31.3792,7.9,11.75,414.0,22.0,0.05,2.42
2022/02/27 12:00:00,白洋湾金墅水源地5,120.3803,31.3792,7.9,11.72,414.0,22.0,0.05,2.42
2022/02/27 18:00:00,白洋湾金墅水源地5,120.3803,31.3792,7.9,11.69,414.0,21.0,0.05,2.42
2022/02/28 00:00:00,白洋湾金墅水源地5,120.3803,31.3792,7.9,11.65,414.0,21.0,0.05,2.42
2022/02/28 06:00:00,白洋湾金墅水源地5,120.3803,31.3792,7.9,11.62,414.0,21.0,0.05,2.41
2022/02/28 12:00:00,白洋湾金墅水源地5,120.3803,31.3792,7.9,11.58,414.0,21.0,0.06,2.41
2022/02/28 18:00:00,白洋湾金墅水源地5,120.3803,31.3792,7.9,11.54,414.0,21.0,0.06,2.41
2022/03/01 00:00:00,白洋湾金墅水源地5,120.3803,31.3792,7.9,11.5,414.0,20.0,0.06,2.41
2022/03/01 06:00:00,白洋湾金墅水源地5,120.3803,31.3792,7.9,11.46,414.0,20.0,0.06,2.41
2022/03/01 12:00:00,白洋湾金墅水源地5,120.3803,31.3792,7.9,11.42,414.0,20.0,0.06,2.41
2022/03/01 18:00:00,白洋湾金墅水源地5,120.3803,31.3792,7.9,11.37,413.0,20.0,0.06,2.41
2022/03/02 00:00:00,白洋湾金墅水源地5,120.3803,31.3792,7.9,11.33,413.0,20.0,0.06,2.41
2022/03/02 06:00:00,白洋湾金墅水源地5,120.3803,31.3792,7.9,11.28,413.0,20.0,0.06,2.4
2022/03/02 12:00:00,白洋湾金墅水源地5,120.3803,31.3792,7.9,11.23,413.0,20.0,0.06,2.4
2022/03/02 18:00:00,白洋湾金墅水源地5,120.3803,31.3792,7.9,11.19,413.0,20.0,0.06,2.4
2022/03/03 00:00:00,白洋湾金墅水源地5,120.3803,31.3792,7.9,11.14,413.0,20.0,0.07,2.4
2022/03/03 06:00:00,白洋湾金墅水源地5,120.3803,31.3792,7.9,11.09,413.0,20.0,0.07,2.4
2022/03/03 12:00:00,白洋湾金墅水源地5,120.3803,31.3792,7.9,11.04,413.0,20.0,0.07,2.41
2022/03/03 18:00:00,白洋湾金墅水源地5,120.3803,31.3792,7.9,10.99,413.0,20.0,0.07,2.41
2022/03/04 00:00:00,白洋湾金墅水源地5,120.3803,31.3792,7.9,10.94,413.0,20.0,0.07,2.41
2022/03/04 06:00:00,白洋湾金墅水源地5,120.3803,31.3792,7.9,10.89,413.0,21.0,0.07,2.41
2022/03/04 12:00:00,白洋湾金墅水源地5,120.3803,31.3792,7.9,10.84,413.0,21.0,0.07,2.41
2022/03/04 18:00:00,白洋湾金墅水源地5,120.3803,31.3792,7.9,10.79,413.0,21.0,0.07,2.41
2022/03/05 00:00:00,白洋湾金墅水源地5,120.3803,31.3792,7.9,10.73,413.0,22.0,0.07,2.42
2022/03/05 06:00:00,白洋湾金墅水源地5,120.3803,31.3792,7.9,10.68,413.0,22.0,0.07,2.42
2022/03/05 12:00:00,白洋湾金墅水源地5,120.3803,31.3792,7.9,10.63,413.0,23.0,0.08,2.42
2022/03/05 18:00:00,白洋湾金墅水源地5,120.3803,31.3792,7.9,10.58,413.0,23.0,0.08,2.42
2022/03/06 00:00:00,白洋湾金墅水源地5,120.3803,31.3792,8.0,10.53,413.0,24.0,0.08,2.43
2022/03/06 06:00:00,白洋湾金墅水源地5,120.3803,31.3792,8.0,10.47,413.0,25.0,0.08,2.43
2022/03/06 12:00:00,白洋湾金墅水源地5,120.3803,31.3792,8.0,10.42,413.0,25.0,0.08,2.44
2022/03/06 18:00:00,白洋湾金墅水源地5,120.3803,31.3792,8.0,10.37,413.0,26.0,0.08,2.44
2022/03/07 00:00:00,白洋湾金墅水源地5,120.3803,31.3792,8.0,10.32,412.0,27.0,0.08,2.45
2022/03/07 06:00:00,白洋湾金墅水源地5,120.3803,31.3792,8.0,10.27,412.0,28.0,0.08,2.45
2022/03/07 12:00:00,白洋湾金墅水源地5,120.3803,31.3792,8.0,10.22,412.0,29.0,0.08,2.46
2022/03/07 18:00:00,白洋湾金墅水源地5,120.3803,31.3792,8.0,10.17,412.0,31.0,0.08,2.46
2022/03/08 00:00:00,白洋湾金墅水源地5,120.3803,31.3792,8.0,10.12,412.0,32.0,0.09,2.47
2022/03/08 06:00:00,白洋湾金墅水源地5,120.3803,31.3792,8.0,10.07,412.0,33.0,0.09,2.48
2022/03/08 12:00:00,白洋湾金墅水源地5,120.3803,31.3792,8.0,10.02,412.0,35.0,0.09,2.49
2022/03/08 18:00:00,白洋湾金墅水源地5,120.3803,31.3792,8.0,9.97,412.0,36.0,0.09,2.49
2022/03/09 00:00:00,白洋湾金墅水源地5,120.3803,31.3792,8.0,9.92,412.0,38.0,0.09,2.5
2022/03/09 06:00:00,白洋湾金墅水源地5,120.3803,31.3792,8.0,9.88,412.0,40.0,0.09,2.51
2022/03/09 12:00:00,白洋湾金墅水源地5,120.3803,31.3792,8.0,9.83,412.0,42.0,0.09,2.52
2022/03/09 18:00:00,白洋湾金墅水源地5,120.3803,31.3792,8.0,9.79,412.0,44.0,0.09,2.53
2022/03/10 00:00:00,白洋湾金墅水源地5,120.3803,31.3792,8.0,9.75,412.0,46.0,0.09,2.54
2022/03/10 06:00:00,白洋湾金墅水源地5,120.3803,31.3792,8.0,9.7,411.0,48.0,0.09,2.55
2022/03/10 12:00:00,白洋湾金墅水源地5,120.3803,31.3792,8.0,9.66,411.0,51.0,0.1,2.56
2022/03/10 18:00:00,白洋湾金墅水源地5,120.3803,31.3792,7.9,9.62,411.0,53.0,0.1,2.57
2022/03/11 00:00:00,白洋湾金墅水源地5,120.3803,31.3792,7.9,9.59,411.0,56.0,0.1,2.58
2022/03/11 06:00:00,白洋湾金墅水源地5,120.3803,31.3792,7.9,9.55,411.0,58.0,0.1,2.6
2022/03/11 12:00:00,白洋湾金墅水源地5,120.3803,31.3792,7.9,9.51,411.0,61.0,0.1,2.61
2022/03/11 18:00:00,白洋湾金墅水源地5,120.3803,31.3792,7.9,9.48,411.0,64.0,0.1,2.62
2022/03/12 00:00:00,白洋湾金墅水源地5,120.3803,31.3792,7.9,9.44,411.0,67.0,0.1,2.63
2022/03/12 06:00:00,白洋湾金墅水源地5,120.3803,31.3792,7.9,9.41,411.0,70.0,0.1,2.65
2022/03/12 12:00:00,白洋湾金墅水源地5,120.3803,31.3792,7.9,9.38,410.0,73.0,0.1,2.66
2022/03/12 18:00:00,白洋湾金墅水源地5,120.3803,31.3792,7.9,9.35,410.0,76.0,0.1,2.68
2022/03/13 00:00:00,白洋湾金墅水源地5,120.3803,31.3792,7.9,9.32,410.0,80.0,0.1,2.69
2022/03/13 06:00:00,白洋湾金墅水源地5,120.3803,31.3792,7.9,9.29,410.0,83.0,0.1,2.7
2022/03/13 12:00:00,白洋湾金墅水源地5,120.3803,31.3792,7.9,9.27,410.0,86.0,0.1,2.72
2022/03/13 18:00:00,白洋湾金墅水源地5,120.3803,31.3792,7.9,9.24,410.0,89.0,0.1,2.73
2022/03/14 00:00:00,白洋湾金墅水源地5,120.3803,31.3792,7.9,9.22,410.0,93.0,0.1,2.75
2022/03/14 06:00:00,白洋湾金墅水源地5,120.3803,31.3792,7.9,9.19,410.0,96.0,0.11,2.76
2022/03/14 12:00:00,白洋湾金墅水源地5,120.3803,31.3792,7.9,9.17,409.0,99.0,0.11,2.77
2022/03/14 18:00:00,白洋湾金墅水源地5,120.3803,31.3792,7.9,9.15,409.0,103.0,0.11,2.79
2022/03/15 00:00:00,白洋湾金墅水源地5,120.3803,31.3792,7.9,9.13,409.0,106.0,0.11,2.8
2022/03/15 06:00:00,白洋湾金墅水源地5,120.3803,31.3792,7.9,9.11,409.0,109.0,0.11,2.81
2022/03/15 12:00:00,白洋湾金墅水源地5,120.3803,31.3792,7.9,9.09,409.0,112.0,0.11,2.83
2022/03/15 18:00:00,白洋湾金墅水源地5,120.3803,31.3792,7.9,9.07,409.0,115.0,0.11,2.84
2022/03/16 00:00:00,白洋湾金墅水源地5,120.3803,31.3792,7.9,9.06,408.0,118.0,0.11,2.85
2022/03/16 06:00:00,白洋湾金墅水源地5,120.3803,31.3792,7.9,9.04,408.0,121.0,0.11,2.86
2022/03/16 12:00:00,白洋湾金墅水源地5,120.3803,31.3792,7.9,9.03,408.0,124.0,0.11,2.88
2022/03/16 18:00:00,白洋湾金墅水源地5,120.3803,31.3792,7.9,9.01,408.0,127.0,0.11,2.89
2022/03/17 00:00:00,白洋湾金墅水源地5,120.3803,31.3792,7.9,9.0,408.0,130.0,0.11,2.9
2022/03/17 06:00:00,白洋湾金墅水源地5,120.3803,31.3792,7.9,8.99,408.0,133.0,0.11,2.91
2022/03/17 12:00:00,白洋湾金墅水源地5,120.3803,31.3792,7.9,8.98,407.0,135.0,0.11,2.92
2022/03/17 18:00:00,白洋湾金墅水源地5,120.3803,31.3792,7.9,8.97,407.0,138.0,0.11,2.93
2022/03/18 00:00:00,白洋湾金墅水源地5,120.3803,31.3792,7.9,8.96,407.0,140.0,0.11,2.93
2022/03/18 06:00:00,白洋湾金墅水源地5,120.3803,31.3792,7.9,8.95,407.0,142.0,0.11,2.94
2022/03/18 12:00:00,白洋湾金墅水源地5,120.3803,31.3792,7.9,8.95,406.0,144.0,0.11,2.95
2022/03/18 18:00:00,白洋湾金墅水源地5,120.3803,31.3792,7.9,8.94,406.0,146.0,0.11,2.95
2022/03/19 00:00:00,白洋湾金墅水源地5,120.3803,31.3792,7.9,8.94,406.0,148.0,0.11,2.96
2022/03/19 06:00:00,白洋湾金墅水源地5,120.3803,31.3792,7.9,8.93,406.0,149.0,0.11,2.96
2022/03/19 12:00:00,白洋湾金墅水源地5,120.3803,31.3792,7.9,8.93,405.0,151.0,0.11,2.97
2022/03/19 18:00:00,白洋湾金墅水源地5,120.3803,31.3792,7.9,8.92,405.0,152.0,0.11,2.97
2022/03/20 00:00:00,白洋湾金墅水源地5,120.3803,31.3792,7.9,8.92,405.0,153.0,0.11,2.97
2022/03/20 06:00:00,白洋湾金墅水源地5,120.3803,31.3792,7.9,8.92,405.0,154.0,0.11,2.97
2022/03/20 12:00:00,白洋湾金墅水源地5,120.3803,31.3792,7.9,8.92,404.0,155.0,0.11,2.97
2022/03/20 18:00:00,白洋湾金墅水源地5,120.3803,31.3792,7.9,8.92,404.0,155.0,0.11,2.97
2022/03/21 00:00:00,白洋湾金墅水源地5,120.3803,31.3792,7.8,8.92,404.0,155.0,0.11,2.97
2022/03/21 06:00:00,白洋湾金墅水源地5,120.3803,31.3792,7.8,8.93,404.0,155.0,0.11,2.96
2022/03/21 12:00:00,白洋湾金墅水源地5,120.3803,31.3792,7.8,8.93,403.0,155.0,0.11,2.96
2022/03/21 18:00:00,白洋湾金墅水源地5,120.3803,31.3792,7.8,8.93,403.0,154.0,0.11,2.95
2022/03/22 00:00:00,白洋湾金墅水源地5,120.3803,31.3792,7.8,8.94,403.0,154.0,0.11,2.94
2022/03/22 06:00:00,白洋湾金墅水源地5,120.3803,31.3792,7.8,8.94,402.0,153.0,0.11,2.94
2022/03/22 12:00:00,白洋湾金墅水源地5,120.3803,31.3792,7.8,8.95,402.0,152.0,0.11,2.93
2022/03/22 18:00:00,白洋湾金墅水源地5,120.3803,31.3792,7.8,8.95,402.0,150.0,0.1,2.92
2022/03/23 00:00:00,白洋湾金墅水源地5,120.3803,31.3792,7.8,8.96,401.0,149.0,0.1,2.91
2022/03/23 06:00:00,白洋湾金墅水源地5,120.3803,31.3792,7.8,8.96,401.0,147.0,0.1,2.9
2022/03/23 12:00:00,白洋湾金墅水源地5,120.3803,31.3792,7.8,8.97,401.0,145.0,0.1,2.88
2022/03/23 18:00:00,白洋湾金墅水源地5,120.3803,31.3792,7.8,8.98,400.0,143.0,0.1,2.87
2022/03/24 00:00:00,白洋湾金墅水源地5,120.3803,31.3792,7.8,8.98,400.0,141.0,0.1,2.86
2022/03/24 06:00:00,白洋湾金墅水源地5,120.3803,31.3792,7.8,8.99,400.0,139.0,0.1,2.84
2022/03/24 12:00:00,白洋湾金墅水源地5,120.3803,31.3792,7.8,9.0,399.0,137.0,0.1,2.83
2022/03/24 18:00:00,白洋湾金墅水源地5,120.3803,31.3792,7.9,9.01,399.0,134.0,0.1,2.81
2022/03/25 00:00:00,白洋湾金墅水源地5,120.3803,31.3792,7.9,9.01,399.0,132.0,0.1,2.8
2022/03/25 06:00:00,白洋湾金墅水源地5,120.3803,31.3792,7.9,9.02,398.0,129.0,0.1,2.78
2022/03/25 12:00:00,白洋湾金墅水源地5,120.3803,31.3792,7.9,9.03,398.0,126.0,0.1,2.76
2022/03/25 18:00:00,白洋湾金墅水源地5,120.3803,31.3792,7.9,9.04,398.0,124.0,0.1,2.75
2022/03/26 00:00:00,白洋湾金墅水源地5,120.3803,31.3792,7.9,9.04,397.0,121.0,0.1,2.73
2022/03/26 06:00:00,白洋湾金墅水源地5,120.3803,31.3792,7.9,9.05,397.0,118.0,0.09,2.71
2022/03/26 12:00:00,白洋湾金墅水源地5,120.3803,31.3792,7.9,9.06,397.0,115.0,0.09,2.7
2022/03/26 18:00:00,白洋湾金墅水源地5,120.3803,31.3792,7.9,9.06,396.0,111.0,0.09,2.68
2022/03/27 00:00:00,白洋湾金墅水源地5,120.3803,31.3792,7.9,9.07,396.0,108.0,0.09,2.66
2022/03/27 06:00:00,白洋湾金墅水源地5,120.3803,31.3792,7.9,9.07,396.0,105.0,0.09,2.65
2022/03/27 12:00:00,白洋湾金墅水源地5,120.3803,31.3792,7.9,9.08,396.0,102.0,0.09,2.63
2022/03/27 18:00:00,白洋湾金墅水源地5,120.3803,31.3792,7.9,9.08,395.0,99.0,0.09,2.61
2022/03/28 00:00:00,白洋湾金墅水源地5,120.3803,31.3792,7.9,9.09,395.0,95.0,0.09,2.59
2022/03/28 06:00:00,白洋湾金墅水源地5,120.3803,31.3792,7.9,9.09,395.0,92.0,0.09,2.58
2022/03/28 12:00:00,白洋湾金墅水源地5,120.3803,31.3792,7.9,9.09,395.0,89.0,0.09,2.56
2022/03/28 18:00:00,白洋湾金墅水源地5,120.3803,31.3792,7.9,9.09,394.0,86.0,0.09,2.54
2022/03/29 00:00:00,白洋湾金墅水源地5,120.3803,31.3792,7.9,9.1,394.0,83.0,0.08,2.53
2022/03/29 06:00:00,白洋湾金墅水源地5,120.3803,31.3792,7.9,9.1,394.0,79.0,0.08,2.51
2022/03/29 12:00:00,白洋湾金墅水源地5,120.3803,31.3792,7.9,9.09,394.0,76.0,0.08,2.5
2022/03/29 18:00:00,白洋湾金墅水源地5,120.3803,31.3792,7.9,9.09,394.0,73.0,0.08,2.48
2022/03/30 00:00:00,白洋湾金墅水源地5,120.3803,31.3792,7.9,9.09,393.0,70.0,0.08,2.47
2022/03/30 06:00:00,白洋湾金墅水源地5,120.3803,31.3792,7.9,9.09,393.0,67.0,0.08,2.46
2022/03/30 12:00:00,白洋湾金墅水源地5,120.3803,31.3792,7.9,9.08,393.0,64.0,0.08,2.44
2022/03/30 18:00:00,白洋湾金墅水源地5,120.3803,31.3792,7.9,9.08,393.0,62.0,0.08,2.43
2022/03/31 00:00:00,白洋湾金墅水源地5,120.3803,31.3792,7.9,9.07,393.0,59.0,0.08,2.42
2022/03/31 06:00:00,白洋湾金墅水源地5,120.3803,31.3792,7.9,9.06,393.0,56.0,0.08,2.41
2022/03/31 12:00:00,白洋湾金墅水源地5,120.3803,31.3792,8.0,9.05,393.0,54.0,0.08,2.4
2022/03/31 18:00:00,白洋湾金墅水源地5,120.3803,31.3792,8.0,9.04,393.0,51.0,0.08,2.39
2022/04/01 00:00:00,白洋湾金墅水源地5,120.3803,31.3792,8.0,9.03,393.0,49.0,0.08,2.38
2022/04/01 06:00:00,白洋湾金墅水源地5,120.3803,31.3792,8.0,9.02,393.0,47.0,0.07,2.37
2022/04/01 12:00:00,白洋湾金墅水源地5,120.3803,31.3792,8.0,9.0,393.0,45.0,0.07,2.37
2022/04/01 18:00:00,白洋湾金墅水源地5,120.3803,31.3792,8.0,8.99,393.0,43.0,0.07,2.36
2022/04/02 00:00:00,白洋湾金墅水源地5,120.3803,31.3792,8.0,8.97,393.0,41.0,0.07,2.36
2022/04/02 06:00:00,白洋湾金墅水源地5,120.3803,31.3792,8.0,8.95,393.0,39.0,0.07,2.35
2022/04/02 12:00:00,白洋湾金墅水源地5,120.3803,31.3792,8.0,8.93,393.0,37.0,0.07,2.35
2022/04/02 18:00:00,白洋湾金墅水源地5,120.3803,31.3792,8.0,8.91,394.0,36.0,0.07,2.35
2022/04/03 00:00:00,白洋湾金墅水源地5,120.3803,31.3792,8.0,8.89,394.0,34.0,0.07,2.34
2022/04/03 06:00:00,白洋湾金墅水源地5,120.3803,31.3792,8.0,8.87,394.0,33.0,0.07,2.34
2022/04/03 12:00:00,白洋湾金墅水源地5,120.3803,31.3792,8.0,8.85,394.0,32.0,0.07,2.34
2022/04/03 18:00:00,白洋湾金墅水源地5,120.3803,31.3792,8.0,8.82,394.0,30.0,0.07,2.34
2022/04/04 00:00:00,白洋湾金墅水源地5,120.3803,31.3792,8.0,8.8,394.0,29.0,0.07,2.34
2022/04/04 06:00:00,白洋湾金墅水源地5,120.3803,31.3792,8.0,8.77,395.0,28.0,0.07,2.34
2022/04/04 12:00:00,白洋湾金墅水源地5,120.3803,31.3792,8.1,8.75,395.0,27.0,0.07,2.34
2022/04/04 18:00:00,白洋湾金墅水源地5,120.3803,31.3792,8.1,8.72,395.0,26.0,0.07,2.34
2022/04/05 00:00:00,白洋湾金墅水源地5,120.3803,31.3792,8.1,8.69,395.0,25.0,0.07,2.34
2022/04/05 06:00:00,白洋湾金墅水源地5,120.3803,31.3792,8.1,8.67,396.0,25.0,0.07,2.35
2022/04/05 12:00:00,白洋湾金墅水源地5,120.3803,31.3792,8.1,8.64,396.0,24.0,0.07,2.35
2022/04/05 18:00:00,白洋湾金墅水源地5,120.3803,31.3792,8.1,8.61,396.0,23.0,0.07,2.35
2022/04/06 00:00:00,白洋湾金墅水源地5,120.3803,31.3792,8.1,8.58,397.0,23.0,0.07,2.35
2022/04/06 06:00:00,白洋湾金墅水源地5,120.3803,31.3792,8.1,8.55,397.0,22.0,0.07,2.36
2022/04/06 12:00:00,白洋湾金墅水源地5,120.3803,31.3792,8.1,8.52,397.0,22.0,0.07,2.36
2022/04/06 18:00:00,白洋湾金墅水源地5,120.3803,31.3792,8.1,8.49,398.0,21.0,0.07,2.36
2022/04/07 00:00:00,白洋湾金墅水源地5,120.3803,31.3792,8.1,8.46,398.0,21.0,0.07,2.37
2022/04/07 06:00:00,白洋湾金墅水源地5,120.3803,31.3792,8.1,8.43,398.0,20.0,0.07,2.37
2022/04/07 12:00:00,白洋湾金墅水源地5,120.3803,31.3792,8.1,8.39,399.0,20.0,0.07,2.38
2022/04/07 18:00:00,白洋湾金墅水源地5,120.3803,31.3792,8.1,8.36,399.0,20.0,0.06,2.38
2022/04/08 00:00:00,白洋湾金墅水源地5,120.3803,31.3792,8.1,8.33,399.0,19.0,0.06,2.38
2022/04/08 06:00:00,白洋湾金墅水源地5,120.3803,31.3792,8.1,8.3,400.0,19.0,0.06,2.39
2022/04/08 12:00:00,白洋湾金墅水源地5,120.3803,31.3792,8.1,8.27,400.0,19.0,0.06,2.39
2022/04/08 18:00:00,白洋湾金墅水源地5,120.3803,31.3792,8.1,8.23,400.0,19.0,0.06,2.4
2022/04/09 00:00:00,白洋湾金墅水源地5,120.3803,31.3792,8.1,8.2,401.0,19.0,0.06,2.4
2022/04/09 06:00:00,白洋湾金墅水源地5,120.3803,31.3792,8.1,8.17,401.0,18.0,0.06,2.4
2022/04/09 12:00:00,白洋湾金墅水源地5,120.3803,31.3792,8.1,8.14,402.0,18.0,0.06,2.41
2022/04/09 18:00:00,白洋湾金墅水源地5,120.3803,31.3792,8.1,8.1,402.0,18.0,0.06,2.41
2022/04/10 00:00:00,白洋湾金墅水源地5,120.3803,31.3792,8.2,8.07,403.0,18.0,0.06,2.41
2022/04/10 06:00:00,白洋湾金墅水源地5,120.3803,31.3792,8.2,8.04,403.0,18.0,0.06,2.42
2022/04/10 12:00:00,白洋湾金墅水源地5,120.3803,31.3792,8.2,8.01,403.0,18.0,0.06,2.42
2022/04/10 18:00:00,白洋湾金墅水源地5,120.3803,31.3792,8.2,7.98,404.0,18.0,0.06,2.42
2022/04/11 00:00:00,白洋湾金墅水源地5,120.3803,31.3792,8.2,7.95,404.0,18.0,0.06,2.43
2022/04/11 06:00:00,白洋湾金墅水源地5,120.3803,31.3792,8.1,7.92,405.0,18.0,0.07,2.43
2022/04/11 12:00:00,白洋湾金墅水源地5,120.3803,31.3792,8.1,7.89,405.0,18.0,0.07,2.43
2022/04/11 18:00:00,白洋湾金墅水源地5,120.3803,31.3792,8.1,7.86,405.0,18.0,0.07,2.43
2022/04/12 00:00:00,白洋湾金墅水源地5,120.3803,31.3792,8.1,7.83,406.0,18.0,0.07,2.43
2022/04/12 06:00:00,白洋湾金墅水源地5,120.3803,31.3792,8.1,7.8,406.0,18.0,0.07,2.43
2022/04/12 12:00:00,白洋湾金墅水源地5,120.3803,31.3792,8.1,7.77,407.0,18.0,0.07,2.44
2022/04/12 18:00:00,白洋湾金墅水源地5,120.3803,31.3792,8.1,7.74,407.0,18.0,0.07,2.44
2022/04/13 00:00:00,白洋湾金墅水源地5,120.3803,31.3792,8.1,7.71,408.0,18.0,0.07,2.44
2022/04/13 06:00:00,白洋湾金墅水源地5,120.3803,31.3792,8.1,7.68,408.0,18.0,0.07,2.44
2022/04/13 12:00:00,白洋湾金墅水源地5,120.3803,31.3792,8.1,7.66,408.0,18.0,0.07,2.44
2022/04/13 18:00:00,白洋湾金墅水源地5,120.3803,31.3792,8.1,7.63,409.0,17.0,0.07,2.44
2022/04/14 00:00:00,白洋湾金墅水源地5,120.3803,31.3792,8.1,7.6,409.0,17.0,0.07,2.44
2022/04/14 06:00:00,白洋湾金墅水源地5,120.3803,31.3792,8.1,7.58,410.0,17.0,0.07,2.43
2022/04/14 12:00:00,白洋湾金墅水源地5,120.3803,31.3792,8.1,7.55,410.0,17.0,0.07,2.43
2022/04/14 18:00:00,白洋湾金墅水源地5,120.3803,31.3792,8.1,7.53,410.0,17.0,0.07,2.43
2022/04/15 00:00:00,白洋湾金墅水源地5,120.3803,31.3792,8.1,7.51,411.0,17.0,0.07,2.43
2022/04/15 06:00:00,白洋湾金墅水源地5,120.3803,31.3792,8.1,7.48,411.0,17.0,0.07,2.43
2022/04/15 12:00:00,白洋湾金墅水源地5,120.3803,31.3792,8.1,7.46,412.0,17.0,0.07,2.43
2022/04/15 18:00:00,白洋湾金墅水源地5,120.3803,31.3792,8.1,7.44,412.0,17.0,0.07,2.43
2022/04/16 00:00:00,白洋湾金墅水源地5,120.3803,31.3792,8.0,7.42,412.0,17.0,0.07,2.43
2022/04/16 06:00:00,白洋湾金墅水源地5,120.3803,31.3792,8.0,7.4,413.0,17.0,0.07,2.42
2022/04/16 12:00:00,白洋湾金墅水源地5,120.3803,31.3792,8.0,7.38,413.0,17.0,0.07,2.42
2022/04/16 18:00:00,白洋湾金墅水源地5,120.3803,31.3792,8.0,7.36,414.0,17.0,0.07,2.42
2022/04/17 00:00:00,白洋湾金墅水源地5,120.3803,31.3792,8.0,7.34,414.0,17.0,0.07,2.42
2022/04/17 06:00:00,白洋湾金墅水源地5,120.3803,31.3792,8.0,7.32,414.0,17.0,0.07,2.42
2022/04/17 12:00:00,白洋湾金墅水源地5,120.3803,31.3792,8.0,7.31,415.0,17.0,0.07,2.41
2022/04/17 18:00:00,白洋湾金墅水源地5,120.3803,31.3792,8.0,7.29,415.0,17.0,0.07,2.41
2022/04/18 00:00:00,白洋湾金墅水源地5,120.3803,31.3792,8.0,7.28,416.0,17.0,0.07,2.41
2022/04/18 06:00:00,白洋湾金墅水源地5,120.3803,31.3792,8.0,7.26,416.0,17.0,0.07,2.41
2022/04/18 12:00:00,白洋湾金墅水源地5,120.3803,31.3792,8.0,7.25,416.0,17.0,0.07,2.41
2022/04/18 18:00:00,白洋湾金墅水源地5,120.3803,31.3792,8.0,7.24,417.0,17.0,0.07,2.4
2022/04/19 00:00:00,白洋湾金墅水源地5,120.3803,31.3792,8.0,7.23,417.0,17.0,0.08,2.4
2022/04/19 06:00:00,白洋湾金墅水源地5,120.3803,31.3792,7.9,7.22,417.0,17.0,0.08,2.4
2022/04/19 12:00:00,白洋湾金墅水源地5,120.3803,31.3792,7.9,7.21,418.0,17.0,0.08,2.4
2022/04/19 18:00:00,白洋湾金墅水源地5,120.3803,31.3792,7.9,7.2,418.0,17.0,0.08,2.4
2022/04/20 00:00:00,白洋湾金墅水源地5,120.3803,31.3792,7.9,7.19,418.0,17.0,0.08,2.39
2022/04/20 06:00:00,白洋湾金墅水源地5,120.3803,31.3792,7.9,7.18,419.0,17.0,0.08,2.39
2022/04/20 12:00:00,白洋湾金墅水源地5,120.3803,31.3792,7.9,7.18,419.0,17.0,0.08,2.39
2022/04/20 18:00:00,白洋湾金墅水源地5,120.3803,31.3792,7.9,7.18,419.0,17.0,0.08,2.39
2022/04/21 00:00:00,白洋湾金墅水源地5,120.3803,31.3792,7.9,7.17,420.0,17.0,0.08,2.39
2022/04/21 06:00:00,白洋湾金墅水源地5,120.3803,31.3792,7.9,7.17,420.0,17.0,0.08,2.39
2022/04/21 12:00:00,白洋湾金墅水源地5,120.3803,31.3792,7.9,7.17,420.0,17.0,0.08,2.39
2022/04/21 18:00:00,白洋湾金墅水源地5,120.3803,31.3792,7.9,7.17,421.0,17.0,0.08,2.39
2022/04/22 00:00:00,白洋湾金墅水源地5,120.3803,31.3792,7.9,7.17,421.0,17.0,0.08,2.39
2022/04/22 06:00:00,白洋湾金墅水源地5,120.3803,31.3792,7.9,7.17,421.0,17.0,0.08,2.38
2022/04/22 12:00:00,白洋湾金墅水源地5,120.3803,31.3792,7.9,7.17,422.0,17.0,0.08,2.38
2022/04/22 18:00:00,白洋湾金墅水源地5,120.3803,31.3792,7.9,7.18,422.0,17.0,0.08,2.38
2022/04/23 00:00:00,白洋湾金墅水源地5,120.3803,31.3792,7.9,7.18,422.0,17.0,0.08,2.38
2022/04/23 06:00:00,白洋湾金墅水源地5,120.3803,31.3792,7.8,7.19,422.0,17.0,0.08,2.38
2022/04/23 12:00:00,白洋湾金墅水源地5,120.3803,31.3792,7.8,7.2,423.0,17.0,0.08,2.38
2022/04/23 18:00:00,白洋湾金墅水源地5,120.3803,31.3792,7.8,7.2,423.0,17.0,0.08,2.38
2022/04/24 00:00:00,白洋湾金墅水源地5,120.3803,31.3792,7.8,7.21,423.0,17.0,0.08,2.39
2022/04/24 06:00:00,白洋湾金墅水源地5,120.3803,31.3792,7.8,7.22,423.0,17.0,0.09,2.39
2022/04/24 12:00:00,白洋湾金墅水源地5,120.3803,31.3792,7.8,7.23,424.0,17.0,0.09,2.39
2022/04/24 18:00:00,白洋湾金墅水源地5,120.3803,31.3792,7.8,7.24,424.0,18.0,0.09,2.39
2022/04/25 00:00:00,白洋湾金墅水源地5,120.3803,31.3792,7.8,7.25,424.0,18.0,0.09,2.39
2022/04/25 06:00:00,白洋湾金墅水源地5,120.3803,31.3792,7.8,7.26,424.0,18.0,0.09,2.39
2022/04/25 12:00:00,白洋湾金墅水源地5,120.3803,31.3792,7.8,7.27,425.0,18.0,0.09,2.39
2022/04/25 18:00:00,白洋湾金墅水源地5,120.3803,31.3792,7.8,7.28,425.0,18.0,0.09,2.39
2022/04/26 00:00:00,白洋湾金墅水源地5,120.3803,31.3792,7.8,7.29,425.0,18.0,0.09,2.4
2022/04/26 06:00:00,白洋湾金墅水源地5,120.3803,31.3792,7.8,7.3,425.0,18.0,0.09,2.4
2022/04/26 12:00:00,白洋湾金墅水源地5,120.3803,31.3792,7.8,7.32,426.0,18.0,0.09,2.4
2022/04/26 18:00:00,白洋湾金墅水源地5,120.3803,31.3792,7.8,7.33,426.0,18.0,0.09,2.4
2022/04/27 00:00:00,白洋湾金墅水源地5,120.3803,31.3792,7.8,7.34,426.0,18.0,0.09,2.41
2022/04/27 06:00:00,白洋湾金墅水源地5,120.3803,31.3792,7.8,7.35,426.0,18.0,0.09,2.41
2022/04/27 12:00:00,白洋湾金墅水源地5,120.3803,31.3792,7.8,7.37,426.0,18.0,0.09,2.41
2022/04/27 18:00:00,白洋湾金墅水源地5,120.3803,31.3792,7.8,7.38,427.0,18.0,0.09,2.42
2022/04/28 00:00:00,白洋湾金墅水源地5,120.3803,31.3792,7.8,7.39,427.0,18.0,0.09,2.42
2022/04/28 06:00:00,白洋湾金墅水源地5,120.3803,31.3792,7.8,7.4,427.0,18.0,0.09,2.42
2022/04/28 12:00:00,白洋湾金墅水源地5,120.3803,31.3792,7.8,7.42,427.0,18.0,0.09,2.43
2022/04/28 18:00:00,白洋湾金墅水源地5,120.3803,31.3792,7.8,7.43,427.0,18.0,0.09,2.43
2022/04/29 00:00:00,白洋湾金墅水源地5,120.3803,31.3792,7.8,7.44,427.0,18.0,0.09,2.44
2022/04/29 06:00:00,白洋湾金墅水源地5,120.3803,31.3792,7.8,7.45,428.0,19.0,0.09,2.44
2022/04/29 12:00:00,白洋湾金墅水源地5,120.3803,31.3792,7.8,7.46,428.0,19.0,0.09,2.44
2022/04/29 18:00:00,白洋湾金墅水源地5,120.3803,31.3792,7.8,7.47,428.0,19.0,0.09,2.45
2022/04/30 00:00:00,白洋湾金墅水源地5,120.3803,31.3792,7.8,7.48,428.0,19.0,0.09,2.45
2022/04/30 06:00:00,白洋湾金墅水源地5,120.3803,31.3792,7.8,7.49,428.0,19.0,0.09,2.46
2022/04/30 12:00:00,白洋湾金墅水源地5,120.3803,31.3792,7.8,7.5,429.0,19.0,0.09,2.47
2022/04/30 18:00:00,白洋湾金墅水源地5,120.3803,31.3792,7.8,7.51,429.0,19.0,0.09,2.47
2022/05/01 00:00:00,白洋湾金墅水源地5,120.3803,31.3792,7.8,7.52,429.0,19.0,0.09,2.48
2022/05/01 06:00:00,白洋湾金墅水源地5,120.3803,31.3792,7.8,7.53,429.0,19.0,0.09,2.48
2022/05/01 12:00:00,白洋湾金墅水源地5,120.3803,31.3792,7.8,7.53,429.0,19.0,0.09,2.49
2022/05/01 18:00:00,白洋湾金墅水源地5,120.3803,31.3792,7.8,7.54,429.0,19.0,0.09,2.5
2022/05/02 00:00:00,白洋湾金墅水源地5,120.3803,31.3792,7.8,7.54,430.0,19.0,0.09,2.5
2022/05/02 06:00:00,白洋湾金墅水源地5,120.3803,31.3792,7.8,7.55,430.0,19.0,0.09,2.51
2022/05/02 12:00:00,白洋湾金墅水源地5,120.3803,31.3792,7.8,7.55,430.0,19.0,0.09,2.52
2022/05/02 18:00:00,白洋湾金墅水源地5,120.3803,31.3792,7.8,7.56,430.0,19.0,0.09,2.52
2022/05/03 00:00:00,白洋湾金墅水源地5,120.3803,31.3792,7.8,7.56,430.0,19.0,0.09,2.53
2022/05/03 06:00:00,白洋湾金墅水源地5,120.3803,31.3792,7.8,7.56,430.0,19.0,0.09,2.54
2022/05/03 12:00:00,白洋湾金墅水源地5,120.3803,31.3792,7.8,7.56,430.0,19.0,0.09,2.55
2022/05/03 18:00:00,白洋湾金墅水源地5,120.3803,31.3792,7.8,7.56,431.0,19.0,0.09,2.55
2022/05/04 00:00:00,白洋湾金墅水源地5,120.3803,31.3792,7.8,7.56,431.0,19.0,0.09,2.56
2022/05/04 06:00:00,白洋湾金墅水源地5,120.3803,31.3792,7.8,7.56,431.0,19.0,0.09,2.57
2022/05/04 12:00:00,白洋湾金墅水源地5,120.3803,31.3792,7.8,7.55,431.0,19.0,0.09,2.57
2022/05/04 18:00:00,白洋湾金墅水源地5,120.3803,31.3792,7.8,7.55,431.0,19.0,0.09,2.58
2022/05/05 00:00:00,白洋湾金墅水源地5,120.3803,31.3792,7.8,7.55,431.0,19.0,0.09,2.59
2022/05/05 06:00:00,白洋湾金墅水源地5,120.3803,31.3792,7.8,7.54,431.0,19.0,0.08,2.59
2022/05/05 12:00:00,白洋湾金墅水源地5,120.3803,31.3792,7.8,7.54,431.0,19.0,0.08,2.6
2022/05/05 18:00:00,白洋湾金墅水源地5,120.3803,31.3792,7.8,7.53,432.0,19.0,0.08,2.6
2022/05/06 00:00:00,白洋湾金墅水源地5,120.3803,31.3792,7.8,7.53,432.0,19.0,0.08,2.61
2022/05/06 06:00:00,白洋湾金墅水源地5,120.3803,31.3792,7.8,7.52,432.0,19.0,0.08,2.61
2022/05/06 12:00:00,白洋湾金墅水源地5,120.3803,31.3792,7.8,7.52,432.0,19.0,0.08,2.61
2022/05/06 18:00:00,白洋湾金墅水源地5,120.3803,31.3792,7.8,7.51,432.0,19.0,0.08,2.62
2022/05/07 00:00:00,白洋湾金墅水源地5,120.3803,31.3792,7.8,7.5,432.0,19.0,0.08,2.62
2022/05/07 06:00:00,白洋湾金墅水源地5,120.3803,31.3792,7.8,7.5,432.0,19.0,0.08,2.62
2022/05/07 12:00:00,白洋湾金墅水源地5,120.3803,31.3792,7.8,7.49,432.0,19.0,0.08,2.62
2022/05/07 18:00:00,白洋湾金墅水源地5,120.3803,31.3792,7.8,7.48,432.0,19.0,0.08,2.62
2022/05/08 00:00:00,白洋湾金墅水源地5,120.3803,31.3792,7.8,7.47,433.0,19.0,0.08,2.62
2022/05/08 06:00:00,白洋湾金墅水源地5,120.3803,31.3792,7.8,7.47,433.0,19.0,0.08,2.61
2022/05/08 12:00:00,白洋湾金墅水源地5,120.3803,31.3792,7.8,7.46,433.0,19.0,0.08,2.61
2022/05/08 18:00:00,白洋湾金墅水源地5,120.3803,31.3792,7.8,7.45,433.0,19.0,0.08,2.61
2022/05/09 00:00:00,白洋湾金墅水源地5,120.3803,31.3792,7.8,7.44,433.0,19.0,0.08,2.6
2022/05/09 06:00:00,白洋湾金墅水源地5,120.3803,31.3792,7.8,7.43,433.0,19.0,0.08,2.59
2022/05/09 12:00:00,白洋湾金墅水源地5,120.3803,31.3792,7.8,7.42,433.0,19.0,0.08,2.59
2022/05/09 18:00:00,白洋湾金墅水源地5,120.3803,31.3792,7.8,7.42,433.0,19.0,0.07,2.58
2022/05/10 00:00:00,白洋湾金墅水源地5,120.3803,31.3792,7.8,7.41,433.0,19.0,0.07,2.57
2022/05/10 06:00:00,白洋湾金墅水源地5,120.3803,31.3792,7.8,7.4,433.0,19.0,0.07,2.55
2022/05/10 12:00:00,白洋湾金墅水源地5,120.3803,31.3792,7.8,7.39,433.0,19.0,0.07,2.54
2022/05/10 18:00:00,白洋湾金墅水源地5,120.3803,31.3792,7.8,7.38,433.0,19.0,0.07,2.52
2022/05/11 00:00:00,白洋湾金墅水源地5,120.3803,31.3792,7.8,7.38,433.0,19.0,0.07,2.51
2022/05/11 06:00:00,白洋湾金墅水源地5,120.3803,31.3792,7.8,7.37,433.0,19.0,0.07,2.49
2022/05/11 12:00:00,白洋湾金墅水源地5,120.3803,31.3792,7.8,7.36,434.0,19.0,0.07,2.47
2022/05/11 18:00:00,白洋湾金墅水源地5,120.3803,31.3792,7.8,7.35,434.0,19.0,0.07,2.45
2022/05/12 00:00:00,白洋湾金墅水源地5,120.3803,31.3792,7.8,7.35,434.0,20.0,0.07,2.43
2022/05/12 06:00:00,白洋湾金墅水源地5,120.3803,31.3792,7.8,7.34,434.0,20.0,0.07,2.4
2022/05/12 12:00:00,白洋湾金墅水源地5,120.3803,31.3792,7.8,7.33,434.0,20.0,0.07,2.38
2022/05/12 18:00:00,白洋湾金墅水源地5,120.3803,31.3792,7.8,7.33,434.0,20.0,0.07,2.35
2022/05/13 00:00:00,白洋湾金墅水源地5,120.3803,31.3792,7.8,7.32,434.0,20.0,0.07,2.32
2022/05/13 06:00:00,白洋湾金墅水源地5,120.3803,31.3792,7.8,7.31,434.0,20.0,0.07,2.29
2022/05/13 12:00:00,白洋湾金墅水源地5,120.3803,31.3792,7.8,7.31,434.0,20.0,0.07,2.25
2022/05/13 18:00:00,白洋湾金墅水源地5,120.3803,31.3792,7.8,7.3,434.0,20.0,0.07,2.22
2022/05/14 00:00:00,白洋湾金墅水源地5,120.3803,31.3792,7.8,7.3,434.0,21.0,0.07,2.18
2022/05/14 06:00:00,白洋湾金墅水源地5,120.3803,31.3792,7.8,7.29,434.0,21.0,0.07,2.15
2022/05/14 12:00:00,白洋湾金墅水源地5,120.3803,31.3792,7.8,7.29,434.0,21.0,0.07,2.11
2022/05/14 18:00:00,白洋湾金墅水源地5,120.3803,31.3792,7.8,7.28,434.0,21.0,0.07,2.08
2022/05/15 00:00:00,白洋湾金墅水源地5,120.3803,31.3792,7.8,7.27,434.0,21.0,0.07,2.04
2022/05/15 06:00:00,白洋湾金墅水源地5,120.3803,31.3792,7.8,7.27,434.0,21.0,0.07,2.01
2022/05/15 12:00:00,白洋湾金墅水源地5,120.3803,31.3792,7.8,7.26,434.0,21.0,0.07,1.97
2022/05/15 18:00:00,白洋湾金墅水源地5,120.3803,31.3792,7.8,7.25,434.0,22.0,0.07,1.94
2022/05/16 00:00:00,白洋湾金墅水源地5,120.3803,31.3792,7.8,7.24,434.0,22.0,0.07,1.91
2022/05/16 06:00:00,白洋湾金墅水源地5,120.3803,31.3792,7.8,7.23,434.0,22.0,0.07,1.88
2022/05/16 12:00:00,白洋湾金墅水源地5,120.3803,31.3792,7.8,7.22,434.0,22.0,0.07,1.85
2022/05/16 18:00:00,白洋湾金墅水源地5,120.3803,31.3792,7.8,7.21,434.0,22.0,0.07,1.82
2022/05/17 00:00:00,白洋湾金墅水源地5,120.3803,31.3792,7.8,7.2,434.0,22.0,0.08,1.79
2022/05/17 06:00:00,白洋湾金墅水源地5,120.3803,31.3792,7.8,7.18,434.0,22.0,0.08,1.77
2022/05/17 12:00:00,白洋湾金墅水源地5,120.3803,31.3792,7.8,7.17,434.0,22.0,0.08,1.75
2022/05/17 18:00:00,白洋湾金墅水源地5,120.3803,31.3792,7.8,7.15,434.0,22.0,0.08,1.73
2022/05/18 00:00:00,白洋湾金墅水源地5,120.3803,31.3792,7.8,7.13,434.0,22.0,0.08,1.71
2022/05/18 06:00:00,白洋湾金墅水源地5,120.3803,31.3792,7.8,7.11,434.0,22.0,0.08,1.7
2022/05/18 12:00:00,白洋湾金墅水源地5,120.3803,31.3792,7.8,7.09,434.0,22.0,0.08,1.69
2022/05/18 18:00:00,白洋湾金墅水源地5,120.3803,31.3792,7.8,7.07,434.0,22.0,0.08,1.68
2022/05/19 00:00:00,白洋湾金墅水源地5,120.3803,31.3792,7.8,7.05,434.0,22.0,0.08,1.68
2022/05/19 06:00:00,白洋湾金墅水源地5,120.3803,31.3792,7.8,7.02,434.0,22.0,0.08,1.68
2022/05/19 12:00:00,白洋湾金墅水源地5,120.3803,31.3792,7.8,6.99,434.0,22.0,0.08,1.68
2022/05/19 18:00:00,白洋湾金墅水源地5,120.3803,31.3792,7.8,6.96,434.0,21.0,0.08,1.69
2022/05/20 00:00:00,白洋湾金墅水源地5,120.3803,31.3792,7.8,6.93,434.0,21.0,0.08,1.7
2022/05/20 06:00:00,白洋湾金墅水源地5,120.3803,31.3792,7.8,6.9,434.0,21.0,0.08,1.72
2022/05/20 12:00:00,白洋湾金墅水源地5,120.3803,31.3792,7.8,6.86,434.0,20.0,0.08,1.74
2022/05/20 18:00:00,白洋湾金墅水源地5,120.3803,31.3792,7.8,6.82,434.0,20.0,0.08,1.77
2022/05/21 00:00:00,白洋湾金墅水源地5,120.3803,31.3792,7.8,6.78,434.0,20.0,0.08,1.8
2022/05/21 06:00:00,白洋湾金墅水源地5,120.3803,31.3792,7.8,6.74,434.0,19.0,0.09,1.84
2022/05/21 12:00:00,白洋湾金墅水源地5,120.3803,31.3792,7.8,6.69,434.0,19.0,0.09,1.89
2022/05/21 18:00:00,白洋湾金墅水源地5,120.3803,31.3792,7.8,6.64,434.0,18.0,0.09,1.94
2022/05/22 00:00:00,白洋湾金墅水源地5,120.3803,31.3792,7.8,6.59,434.0,18.0,0.09,2.0
2022/05/22 06:00:00,白洋湾金墅水源地5,120.3803,31.3792,7.7,6.54,434.0,17.0,0.09,2.06
2022/05/22 12:00:00,白洋湾金墅水源地5,120.3803,31.3792,7.7,6.48,434.0,16.0,0.09,2.13
2022/05/22 18:00:00,白洋湾金墅水源地5,120.3803,31.3792,7.7,6.42,434.0,16.0,0.09,2.21
2022/05/23 00:00:00,白洋湾金墅水源地5,120.3803,31.3792,7.7,6.36,434.0,15.0,0.09,2.29
